pos	cM
3532526	0.000000
3533229	0.000186
3534231	0.001541
3535643	0.001541
3551002	0.001541
3580516	0.001541
3582267	0.001541
3582957	0.001541
3597466	0.004140
3600335	0.011096
3602680	0.012378
3603837	0.016697
3604116	0.018536
3604131	0.022211
3604629	0.047099
3608220	0.053773
3611876	0.054053
3612748	0.054055
3613849	0.063515
3614834	0.063517
3618098	0.072235
3618994	0.072941
3621029	0.072941
3622486	0.072941
3622833	0.072941
3629711	0.073703
3630255	0.077734
3630285	0.093270
3630297	0.093287
3630710	0.093287
3632030	0.093335
3637491	0.094502
3638521	0.096773
3638866	0.118773
3639920	0.121097
3642745	0.122788
3643053	0.122811
3643555	0.122817
3648890	0.122855
3650337	0.123109
3650653	0.133477
3651304	0.133592
3655844	0.133697
3656756	0.134399
3657277	0.134435
3658092	0.147025
3661816	0.147285
3666447	0.148070
3670539	0.154640
3671048	0.154642
3672051	0.154642
3672982	0.154642
3680100	0.159884
3680594	0.159884
3680653	0.159884
3681220	0.176198
3681270	0.176532
3685094	0.176532
3687930	0.187096
3689348	0.187096
3689703	0.187096
3689744	0.187096
3689804	0.197890
3689810	0.197890
3691513	0.208639
3692241	0.208639
3692263	0.208669
3693703	0.229732
3693872	0.229964
3694013	0.232482
3694215	0.232483
3695276	0.232483
3697266	0.232486
3700091	0.232491
3701483	0.327375
3701618	0.349590
3701976	0.357779
3703869	0.428592
3706741	0.430808
3710386	0.431937
3714927	0.434959
3714990	0.438077
3717490	0.442199
3717498	0.442205
3719908	0.445737
3721628	0.446516
3723444	0.454600
3726720	0.456635
3726779	0.456656
3727136	0.456692
3728422	0.466796
3730245	0.468346
3731861	0.468775
3732218	0.496208
3733925	0.500136
3740843	0.503408
3741163	0.503480
3747163	0.503650
3754431	0.509889
3755926	0.532659
3757256	0.544791
3757380	0.544858
3760275	0.545709
3761026	0.545709
3761959	0.545718
3763329	0.545732
3764350	0.545742
3776134	0.546056
3782282	0.546056
3783685	0.546544
3784512	0.547493
3784632	0.547986
3785937	0.594123
3787157	0.599136
3792628	0.600478
3793380	0.601817
3795124	0.601833
3796601	0.601866
3799660	0.625004
3800265	0.625018
3801875	0.649012
3802225	0.649020
3802455	0.649158
3807360	0.649218
3808325	0.672359
3820264	0.672505
3829718	0.672509
3831318	0.672522
3832494	0.672548
3843114	0.703171
3905081	0.745138
3937738	0.747216
3939678	0.747230
3942291	0.747236
3949878	0.747237
3959655	0.747590
3961515	0.770319
3963049	0.770374
3963324	0.802955
3963594	0.804471
3963746	0.832436
3963903	0.837482
3964199	0.837493
3965888	0.837511
3981550	0.837512
4012737	0.837512
4026361	0.837512
4029456	0.851329
4031354	0.851329
4064233	0.855437
4065709	0.861904
4076467	0.862440
4091446	0.870561
4098441	0.870942
4112308	0.873860
4117086	0.874145
4120061	0.874213
4134502	0.888478
4134831	0.888560
4136214	0.888687
4148702	0.888687
4166847	0.888687
4186201	0.888687
4202648	0.894790
4207476	0.894895
4211757	0.894936
4216648	0.902599
4217933	0.902611
4227112	0.904190
4230660	0.911661
4233009	0.912843
4233045	0.912848
4252856	0.916874
4254986	0.916874
4264052	0.916874
4264367	0.916874
4265348	0.919780
4299727	0.919782
4300998	0.919866
4309986	0.922575
4328079	0.924711
4380230	0.960482
4398508	0.962640
4403737	0.963205
4423082	0.963341
4467928	0.971719
4501665	0.971955
4518009	0.971976
4551757	0.978229
4554901	0.979671
4564625	0.979671
4569022	0.984509
4571939	0.985031
4572821	0.985031
4579983	0.985031
4584371	0.985031
4584856	0.985031
4585098	0.985031
4586229	0.985032
4590491	0.985032
4595736	0.985034
4607857	0.985119
4608740	0.985158
4609500	0.985309
4615803	1.041358
4616431	1.042960
4619160	1.043457
4622653	1.043588
4633337	1.044477
4633629	1.044487
4645581	1.044488
4646360	1.044502
4651367	1.045018
4654161	1.045554
4654738	1.046135
4656230	1.104950
4656644	1.105077
4668071	1.105116
4678097	1.105231
4685887	1.121581
4686599	1.155752
4686839	1.159159
4687896	1.219685
4688720	1.219689
4689454	1.222706
4690479	1.238529
4691232	1.238651
4691554	1.238654
4694187	1.238658
4699526	1.238803
4700782	1.239168
4701041	1.243628
4702006	1.317488
4702307	1.322671
4707548	1.323151
4710118	1.323151
4710875	1.323159
4710959	1.326350
4711977	1.437732
4712238	1.437801
4712576	1.437818
4712720	1.437820
4712895	1.437820
4713213	1.437820
4723975	1.437820
4725060	1.438619
4753268	1.444518
4757981	1.444652
4758474	1.444663
4759511	1.444663
4759526	1.444664
4759611	1.444665
4761176	1.451396
4764770	1.451583
4771769	1.463869
4775711	1.468978
4787683	1.469548
4796326	1.469640
4798978	1.470040
4800596	1.470666
4830956	1.476789
4840945	1.476789
4841534	1.476790
4844263	1.476799
4844363	1.476807
4844421	1.476814
4844555	1.486733
4845327	1.631608
4845895	1.640951
4846273	1.641424
4852958	1.641980
4853480	1.645101
4857078	1.645373
4860347	1.645388
4860942	1.645389
4864577	1.647159
4864635	1.647377
4872888	1.665406
4874020	1.665923
4903288	1.679907
4905793	1.680160
4907452	1.684543
4924150	1.691785
4928828	1.760213
4929503	1.763430
4929612	1.763604
4930149	1.763707
4930153	1.763707
4947777	1.763801
4957436	1.763813
4978398	1.763876
4984257	1.763922
4985030	1.764090
4986171	1.765104
4993635	1.789281
5000647	1.793488
5001556	1.793637
5012226	1.793854
5012760	1.793854
5016891	1.796058
5019318	1.808603
5024196	1.808688
5046901	1.812279
5048535	1.812280
5055455	1.816384
5062010	1.816389
5064909	1.816392
5067678	1.816392
5068317	1.816397
5072265	1.817018
5074912	1.825269
5075587	1.825771
5075732	1.825774
5080398	1.831388
5093699	1.831552
5094812	1.831554
5102772	1.834333
5105950	1.834333
5111686	1.834336
5122825	1.834346
5136063	1.834346
5145566	1.834346
5147607	1.834346
5170875	1.834472
5178274	1.834883
5180380	1.836989
5180692	1.838557
5180708	1.838889
5181463	1.910698
5181612	1.913792
5181918	1.946934
5182378	1.950423
5199353	1.950423
5201235	1.950423
5210461	1.950423
5234096	1.950423
5236288	1.950424
5236908	1.950424
5239638	1.950424
5239910	1.950603
5248844	1.950759
5250948	1.950999
5256653	1.953313
5258363	1.966010
5258504	1.966407
5267608	1.967318
5268894	1.967810
5270857	1.967898
5277476	1.967898
5285241	1.967898
5290863	1.968180
5291465	1.980323
5292733	2.003113
5293482	2.005000
5295378	2.005144
5301712	2.005144
5302967	2.005192
5303098	2.005198
5304595	2.005487
5319666	2.027160
5328255	2.028814
5338160	2.029334
5341074	2.029349
5342254	2.030555
5350397	2.043439
5354151	2.045593
5354220	2.045619
5359313	2.046876
5361388	2.047011
5384491	2.047012
5386862	2.047012
5395355	2.047013
5396829	2.047013
5397009	2.047014
5398520	2.047034
5399723	2.047056
5401722	2.065263
5402906	2.082647
5406493	2.083277
5408900	2.083854
5416233	2.086466
5422458	2.091045
5423694	2.093532
5423741	2.093533
5425349	2.093625
5428286	2.093929
5429540	2.103853
5435859	2.104235
5443433	2.104924
5443868	2.104985
5443941	2.105102
5444481	2.106347
5444732	2.111194
5445054	2.371393
5445105	2.462887
5445403	2.579902
5445447	2.586455
5445590	2.717517
5445743	2.717930
5446035	2.718084
5446241	2.719033
5447394	2.761998
5447562	2.765725
5448049	2.826175
5449207	2.843363
5449421	2.843680
5449778	2.844038
5449841	2.844045
5449985	2.844046
5451358	2.844046
5451628	2.844046
5452392	2.844046
5452975	2.856017
5459574	2.856017
5460958	2.856017
5462201	2.856271
5463668	2.856460
5463944	2.856484
5464285	2.856485
5466766	2.856489
5468872	2.856832
5472750	2.856901
5479543	2.857325
5480017	2.876596
5526689	2.879513
5528078	2.894728
5536059	2.899366
5536476	2.899379
5543812	2.924652
5544606	2.925169
5545001	2.925169
5545230	2.925186
5549800	2.925236
5550036	2.925258
5550842	2.925513
5551376	2.940123
5551694	2.940224
5552406	2.958884
5558807	2.963057
5561570	2.963296
5572849	2.963302
5574410	2.963302
5577858	2.963303
5579817	2.963303
5583598	2.963303
5589275	2.963545
5593650	2.965786
5594254	2.981739
5598645	2.983988
5603506	2.984196
5605802	2.984532
5640134	2.992283
5644269	2.995743
5644544	3.011821
5645633	3.012732
5647968	3.012810
5648657	3.015303
5650575	3.022420
5654211	3.023894
5661341	3.050315
5661662	3.050445
5668090	3.056415
5668719	3.056551
5669353	3.056565
5672478	3.061832
5684069	3.061833
5690925	3.066689
5692637	3.091411
5698923	3.095863
5720514	3.096107
5731655	3.096111
5732042	3.096111
5742174	3.096588
5742355	3.096826
5743267	3.100962
5745147	3.135307
5746529	3.136944
5748288	3.137006
5751644	3.137515
5769700	3.137759
5771140	3.137760
5778716	3.137781
5780599	3.137855
5781353	3.137885
5783975	3.142980
5796471	3.142980
5800131	3.142980
5804352	3.142981
5811832	3.142984
5815086	3.142985
5816060	3.142986
5816146	3.142987
5818454	3.143039
5818516	3.147727
5818814	3.193360
5819514	3.208607
5819645	3.218578
5819718	3.222153
5820300	3.224776
5820894	3.244270
5821298	3.354168
5821302	3.354169
5821916	3.435080
5822076	3.460155
5822161	3.466331
5823361	3.479711
5830994	3.481661
5833343	3.481775
5837024	3.481841
5846158	3.481911
5850434	3.481911
5859774	3.482941
5865936	3.498782
5869671	3.498782
5881835	3.498782
5888203	3.498782
5890222	3.498782
5892643	3.498782
5894600	3.498782
5916820	3.499519
5917488	3.499755
5922964	3.500181
5926222	3.510095
5943053	3.511406
5947615	3.511584
5949795	3.511584
5965936	3.515225
5987529	3.515317
5994882	3.524599
5995721	3.524603
6014524	3.529960
6015316	3.530784
6024327	3.535607
6033817	3.540393
6054341	3.540433
6054993	3.540463
6071589	3.540481
6071731	3.540527
6073140	3.542248
6073181	3.551686
6081463	3.555644
6085737	3.556038
6088116	3.556075
6091167	3.556078
6106310	3.556155
6109428	3.556155
6117616	3.556241
6121231	3.556701
6124389	3.558265
6127286	3.564669
6132847	3.565325
6134440	3.571956
6134755	3.596734
6134819	3.597015
6134865	3.597991
6135564	3.634952
6136844	3.643652
6158139	3.650771
6166589	3.651112
6175293	3.653282
6186123	3.657030
6192781	3.657783
6197132	3.657783
6205276	3.657783
6205636	3.657783
6208472	3.657873
6208755	3.657915
6208944	3.658058
6209346	3.661440
6209459	3.727682
6210276	3.744865
6213459	3.751321
6214568	3.751746
6214943	3.766210
6215083	3.767770
6215771	3.768451
6217569	3.768536
6217964	3.788880
6219521	3.790159
6221710	3.790484
6226129	3.790872
6226256	3.790875
6226569	3.795898
6227814	3.859127
6228182	3.860733
6230277	3.903144
6231529	3.910300
6232543	3.911339
6236589	3.911339
6239608	3.911339
6241243	3.911339
6258520	3.911339
6266293	3.911339
6267345	3.911339
6267448	3.911398
6268985	3.915460
6270951	3.917180
6276188	3.918830
6280381	3.922504
6291748	3.922504
6292972	3.922504
6302433	3.925723
6305246	3.925723
6309070	3.925820
6312779	3.926495
6315516	3.928159
6315609	3.928465
6316924	3.962075
6319035	3.969022
6320191	3.969446
6320575	3.972744
6321104	3.972800
6325721	3.974680
6329530	3.976707
6340668	3.986642
6344236	3.986841
6353681	3.987628
6363422	3.996988
6372348	3.997731
6389174	4.008784
6392301	4.008804
6393558	4.016825
6407479	4.016916
6424723	4.019187
6429819	4.028748
6462931	4.033973
6463337	4.033987
6465006	4.034766
6469421	4.051986
6470716	4.052273
6482582	4.055782
6491750	4.058048
6499633	4.058048
6502593	4.058050
6512610	4.058083
6532595	4.061419
6534957	4.066513
6538899	4.068391
6551461	4.068395
6567338	4.068430
6574502	4.068488
6578805	4.068989
6579381	4.072089
6581759	4.127869
6582301	4.130786
6584737	4.131069
6598694	4.131291
6607270	4.132227
6614031	4.132301
6622831	4.132534
6627487	4.133678
6628181	4.142890
6629068	4.143781
6631592	4.161377
6646411	4.163617
6646488	4.169824
6646902	4.172429
6648466	4.174099
6649690	4.196842
6650692	4.199187
6652033	4.199940
6657883	4.199943
6660292	4.199943
6661894	4.199943
6669148	4.200870
6671928	4.200875
6681888	4.201948
6685884	4.207976
6685898	4.207981
6688390	4.209111
6692365	4.209248
6695727	4.218696
6697494	4.219588
6705151	4.219588
6707833	4.219588
6711761	4.219588
6723468	4.219594
6723785	4.219605
6724065	4.219756
6724397	4.220447
6725381	4.231852
6728061	4.283066
6728064	4.283105
6728197	4.283507
6730426	4.283930
6732491	4.283968
6733649	4.301198
6735784	4.301237
6735815	4.301509
6744374	4.302580
6746259	4.305415
6746764	4.307006
6748010	4.336156
6748637	4.347192
6748862	4.347759
6749516	4.348160
6750140	4.431678
6750382	4.437762
6751256	4.438968
6751438	4.503875
6751629	4.665015
6751667	4.676885
6751696	4.678162
6751763	4.711058
6751826	4.768372
6751838	4.778505
6752327	5.059902
6752368	5.071375
6752974	5.076915
6753261	5.077195
6753656	5.077235
6754169	5.077246
6756170	5.077278
6766119	5.077369
6767425	5.077370
6768053	5.077371
6770582	5.094935
6772191	5.094936
6776375	5.094936
6778127	5.094936
6779596	5.095214
6781906	5.095514
6784468	5.098751
6786273	5.098752
6790237	5.098752
6792286	5.099573
6793786	5.116424
6801506	5.119514
6806744	5.122884
6817036	5.123328
6828187	5.123956
6829097	5.123956
6829265	5.123956
6832486	5.123956
6833548	5.123956
6834840	5.123970
6835359	5.123971
6844917	5.124003
6849863	5.130741
6870282	5.130881
6871404	5.131216
6875528	5.131217
6885926	5.131328
6889285	5.131452
6899165	5.133881
6901936	5.156582
6905243	5.161117
6906236	5.162575
6907357	5.162631
6909001	5.170702
6919385	5.171224
6922831	5.173361
6925879	5.173368
6929871	5.173374
6932469	5.173836
6946317	5.175890
6959979	5.175907
6961772	5.176321
6970019	5.182142
6981422	5.215165
6983927	5.217978
6987413	5.220577
6992627	5.220577
6999758	5.220577
7007630	5.220577
7011996	5.220577
7022478	5.220577
7034879	5.220577
7037261	5.223544
7049765	5.223544
7123316	5.223544
7126040	5.226916
7164506	5.226983
7165457	5.226984
7191042	5.226986
7195267	5.226987
7256158	5.227006
7278552	5.227017
7284016	5.227032
7285995	5.227043
7303398	5.227176
7318929	5.237311
7324358	5.237352
7325263	5.237394
7352653	5.250287
7362957	5.250757
7396003	5.253108
7398799	5.292429
7407562	5.292759
7423196	5.292779
7437491	5.297996
7462384	5.300447
7463267	5.301078
7475195	5.301655
7478861	5.301655
7484565	5.302403
7485589	5.332888
7508866	5.335939
7515825	5.345072
7521249	5.345075
7535258	5.345098
7555647	5.366947
7564655	5.366962
7566978	5.366969
7577076	5.369107
7578127	5.403962
7595870	5.407720
7619227	5.408353
7622905	5.408549
7627687	5.408627
7628064	5.408643
7637758	5.408732
7662175	5.411713
7676562	5.422982
7680936	5.460746
7683882	5.463068
7695078	5.477963
7699087	5.479098
7710050	5.479333
7713646	5.479351
7717221	5.479903
7717960	5.480121
7731375	5.486713
7754526	5.507369
7761411	5.507374
7765957	5.526915
7787340	5.529263
7792520	5.530370
7798153	5.532644
7810652	5.542980
7813507	5.544345
7813772	5.545815
7819362	5.551260
7820740	5.554946
7824572	5.576401
7832157	5.580339
7836077	5.585278
7837542	5.591209
7838272	5.601300
7838688	5.746718
7839120	5.906981
7839165	5.907056
7839167	5.907056
7839521	5.907057
7840456	5.907059
7841194	5.907061
7842488	5.921925
7842742	5.923136
7843976	5.926086
7844011	5.926086
7844040	5.926086
7844834	5.926086
7846067	5.926087
7851910	5.941875
7857284	5.941875
7860697	5.941875
7869429	5.941875
7869478	5.941875
7872934	5.941875
7876575	5.941875
7878455	5.941875
7879581	5.941875
7880116	5.941875
7883025	5.941875
7883344	5.941875
7887953	5.941875
7889387	5.941877
7906462	5.942582
7919949	5.946668
7938246	5.946945
7938903	5.946945
7961461	5.946945
7964083	5.951661
7969975	5.965538
7976005	5.965780
7994349	5.967385
8006449	5.970397
8011926	5.971587
8012660	5.971821
8012889	5.971821
8014565	5.973270
8017397	5.979473
8017928	5.997522
8019320	6.130436
8019729	6.134099
8022801	6.137846
8025397	6.138257
8025600	6.138265
8030093	6.138289
8036853	6.138295
8047243	6.138472
8056809	6.140199
8059947	6.144394
8062887	6.147047
8066379	6.177643
8066539	6.177663
8066772	6.177663
8066952	6.177663
8069817	6.179613
8071805	6.180041
8084912	6.180993
8087457	6.181076
8109000	6.182045
8115641	6.182096
8116562	6.182107
8123309	6.186401
8133735	6.186407
8134388	6.187945
8143396	6.189498
8152896	6.190596
8153169	6.192128
8154327	6.226275
8154416	6.226774
8154423	6.226775
8155938	6.226792
8157273	6.242234
8169054	6.242367
8172976	6.247027
8173610	6.250135
8174083	6.267614
8176178	6.272846
8184147	6.274152
8203493	6.275944
8209875	6.285984
8218572	6.288135
8230676	6.288247
8241004	6.288323
8247111	6.288571
8285230	6.292676
8285491	6.292683
8319189	6.292685
8328098	6.292685
8328673	6.292685
8342442	6.293948
8342827	6.303738
8346114	6.304039
8350581	6.305038
8358447	6.305881
8361398	6.312792
8379574	6.329306
8383635	6.341074
8384029	6.341079
8384884	6.341426
8385470	6.346577
8386596	6.386440
8394617	6.387303
8398685	6.387348
8400039	6.387348
8400379	6.387348
8402666	6.387348
8409115	6.387348
8411470	6.387348
8414303	6.387348
8417451	6.387348
8418828	6.388164
8426212	6.407649
8439288	6.412575
8439917	6.413451
8440357	6.413492
8446441	6.414430
8449853	6.415391
8452845	6.416953
8453247	6.417379
8457200	6.448569
8466407	6.471683
8469857	6.481238
8469952	6.481305
8471256	6.481319
8471280	6.481475
8471341	6.482208
8473586	6.513258
8476662	6.513316
8485912	6.514281
8511200	6.519482
8511256	6.519553
8514231	6.538565
8514989	6.556470
8517309	6.556516
8517490	6.556561
8518193	6.556840
8518930	6.562590
8519310	6.621515
8519742	6.666519
8519799	6.667881
8520232	6.790957
8520305	6.811819
8520457	6.816789
8520483	6.816790
8520528	6.816815
8522987	6.816875
8523975	6.816990
8525918	6.817051
8528345	6.817225
8532469	6.817816
8533598	6.818226
8533793	6.818781
8533794	6.818804
8535238	6.918545
8536293	6.920989
8542572	6.923021
8559952	6.925051
8560241	6.925051
8561349	6.925060
8564587	6.925203
8564893	6.925238
8565761	6.933377
8567398	6.972296
8569364	7.000848
8569402	7.000859
8569469	7.001054
8571463	7.001061
8573694	7.001061
8576646	7.034101
8578120	7.122963
8579900	7.128625
8581501	7.129658
8589568	7.130735
8593725	7.130735
8599940	7.130735
8607630	7.130735
8612552	7.130736
8614517	7.130737
8614645	7.130931
8616207	7.134669
8617324	7.134862
8619484	7.135294
8622806	7.135387
8625362	7.135742
8639324	7.136877
8641035	7.165702
8641364	7.177635
8649615	7.178389
8661627	7.179792
8661822	7.179792
8661978	7.179796
8663212	7.179851
8666848	7.180362
8666856	7.180365
8666903	7.180402
8667142	7.199601
8667195	7.208497
8668357	7.557310
8671367	7.559474
8673002	7.559854
8673275	7.559883
8676999	7.560107
8678442	7.560153
8678762	7.560691
8685609	7.564325
8685658	7.564333
8690806	7.564779
8693159	7.564789
8704116	7.567919
8705306	7.574061
8706145	7.576338
8717106	7.578472
8726798	7.591794
8736841	7.592568
8744580	7.592864
8747189	7.596521
8747349	7.596555
8751701	7.596992
8753644	7.597061
8761597	7.597080
8766626	7.597087
8769914	7.604812
8779370	7.604825
8798250	7.604829
8799274	7.611534
8822653	7.611539
8827337	7.616513
8830508	7.616513
8837404	7.616514
8838180	7.616514
8842514	7.616526
8851672	7.616840
8856093	7.617377
8858223	7.617486
8863339	7.624001
8866994	7.624187
8867036	7.624496
8870807	7.702582
8870926	7.703466
8870941	7.703467
8873430	7.703467
8875758	7.703467
8894067	7.710765
8894484	7.710896
8904325	7.712796
8905566	7.714960
8906046	7.715619
8914556	7.715669
8937051	7.716221
8941357	7.716657
8946450	7.716742
8950918	7.717039
8951598	7.749276
8952037	7.756029
8952896	7.756036
8954691	7.756532
8956882	7.766040
8958599	7.767445
8959697	7.767492
8961063	7.767628
8962368	7.890821
8964705	7.890947
8965000	7.890950
8965912	7.891209
8969009	7.995629
8969712	7.995702
8976062	7.995723
8981276	7.997545
8987029	8.006832
8988040	8.007393
8988361	8.007459
8989353	8.008704
8989520	8.010740
8991302	8.010760
8992446	8.011095
8995599	8.021434
8996695	8.021768
9004223	8.047701
9004969	8.048398
9034708	8.058934
9043697	8.059875
9066820	8.060017
9067992	8.060456
9076144	8.060456
9078951	8.060456
9083032	8.060456
9098151	8.064931
9103128	8.068276
9117436	8.083039
9130687	8.099271
9132199	8.101824
9135052	8.136351
9136214	8.146404
9136598	8.147236
9143318	8.147783
9144260	8.148122
9144912	8.154651
9146662	8.191244
9147634	8.284498
9147928	8.293336
9148342	8.295645
9150456	8.331626
9151954	8.342834
9152857	8.345000
9157330	8.348662
9158505	8.349030
9158555	8.349688
9163688	8.357710
9165488	8.357894
9183926	8.368817
9195196	8.369417
9195962	8.390370
9196560	8.397761
9196692	8.397764
9197547	8.397766
9198308	8.397772
9199444	8.436187
9201163	8.436187
9204907	8.436187
9206449	8.436187
9209003	8.436187
9210151	8.436187
9212994	8.437309
9220795	8.438312
9222047	8.438385
9230231	8.439878
9231447	8.439879
9232575	8.439886
9232845	8.439889
9232909	8.439893
9233787	8.455341
9234375	8.538185
9235044	8.643229
9235726	8.643623
9237283	8.643662
9238004	8.643662
9244728	8.644231
9249782	8.645045
9249906	8.645106
9250013	8.650127
9250537	8.651699
9251502	8.651807
9251793	8.657637
9252496	8.837658
9252687	8.857652
9253420	8.999670
9253628	9.002867
9256157	9.003002
9257942	9.003012
9259563	9.003027
9261109	9.003040
9264575	9.003044
9267133	9.003049
9267975	9.003053
9272840	9.003063
9273801	9.003063
9276031	9.003064
9281802	9.003066
9284341	9.003069
9284691	9.003069
9286943	9.003070
9288264	9.003070
9290387	9.003071
9290446	9.003071
9290670	9.003071
9291351	9.003072
9291376	9.003072
9292652	9.025548
9293143	9.026364
9293170	9.026472
9294099	9.059989
9295230	9.100158
9297076	9.516250
9297780	9.516250
9298164	9.516250
9299073	9.516250
9299100	9.516250
9299402	9.516327
9300078	9.516733
9301001	9.532459
9301112	9.629273
9301222	9.652834
9301343	9.653362
9301652	9.653619
9303077	9.653953
9304522	9.654071
9305344	9.654071
9307287	9.657050
9307786	9.657165
9309229	9.657426
9309384	9.657444
9314442	9.657847
9315979	9.657947
9319892	9.658065
9321543	9.658563
9321929	9.664913
9324925	9.665817
9326260	9.665817
9327439	9.665817
9327842	9.665817
9329837	9.665817
9331348	9.665823
9335574	9.669161
9337414	9.671993
9341231	9.672710
9352454	9.678691
9354848	9.678691
9355060	9.678691
9355582	9.678692
9355641	9.678741
9360956	9.678913
9362047	9.679019
9362090	9.679032
9365004	9.687219
9367131	9.687869
9367817	9.687896
9370349	9.688211
9373808	9.689547
9379449	9.700903
9380255	9.704992
9380547	9.713295
9380742	9.721773
9381421	9.739265
9381677	9.739586
9384621	9.744722
9384712	9.746481
9385467	9.806975
9385928	9.810643
9386120	9.810739
9387870	9.810813
9392386	9.810823
9393378	9.811426
9394199	9.811464
9394409	9.823772
9397929	9.823935
9397992	9.823947
9398386	9.823997
9403293	9.826161
9404363	9.826173
9412823	9.826474
9434795	9.826572
9435103	9.826582
9436232	9.829192
9436910	9.836934
9437651	9.836980
9438458	9.837359
9440943	9.954611
9441812	9.955305
9441938	9.955305
9442332	9.956168
9442619	9.956202
9443265	9.971769
9455998	9.973288
9457055	9.976882
9457144	9.976977
9457913	9.981924
9458924	10.010406
9459830	10.035522
9460494	10.040015
9462353	10.040081
9466768	10.040582
9467162	10.040660
9470146	10.042377
9470534	10.065800
9471512	10.066362
9483294	10.074795
9485744	10.084804
9487714	10.087337
9488761	10.087349
9494811	10.090971
9498279	10.113313
9502681	10.115949
9502864	10.115949
9509723	10.116013
9512413	10.123885
9516407	10.123922
9518866	10.124540
9520208	10.127121
9520911	10.152875
9523258	10.161035
9524243	10.161052
9543198	10.161766
9547987	10.162699
9549846	10.162963
9551858	10.162963
9552576	10.162966
9553871	10.170197
9555164	10.223338
9555165	10.223447
9555215	10.223454
9557201	10.332473
9558448	10.333396
9558541	10.333397
9560691	10.333522
9563627	10.334227
9564719	10.334301
9568116	10.335362
9569682	10.335980
9570166	10.337457
9570384	10.339132
9575489	10.353744
9577870	10.361339
9578144	10.367375
9580153	10.367590
9580373	10.370837
9580424	10.372781
9581577	10.496231
9583443	10.496371
9583580	10.496374
9589739	10.496430
9590075	10.496431
9591223	10.500874
9594919	10.502371
9595923	10.502450
9598983	10.503152
9599573	10.508114
9601993	10.511857
9604362	10.511935
9604856	10.511942
9606759	10.511953
9607494	10.512013
9610129	10.512047
9611518	10.512052
9614820	10.513151
9616430	10.539839
9616524	10.541971
9616790	10.541982
9617850	10.542126
9620215	10.543921
9621252	10.545518
9623106	10.596897
9624585	10.597697
9625564	10.597952
9626695	10.597981
9628044	10.598102
9628109	10.598124
9629745	10.600188
9629956	10.600973
9633176	10.673823
9635995	10.675411
9638040	10.676128
9638108	10.678451
9642410	10.681217
9645696	10.684712
9646699	10.684718
9658268	10.685648
9662298	10.713976
9663745	10.716047
9673504	10.717315
9674362	10.721068
9675324	10.723490
9676660	10.728463
9678358	10.730317
9680180	10.732482
9683017	10.732482
9687883	10.735295
9688899	10.738811
9690710	10.738811
9693035	10.741422
9697023	10.741606
9697441	10.741632
9698084	10.759180
9698577	10.824470
9699178	10.851170
9700096	10.852059
9700799	10.864025
9700945	10.884009
9701071	10.884198
9703045	10.901761
9704753	10.901896
9706273	10.901930
9707285	10.901957
9707836	10.928262
9709559	10.949863
9710533	10.950328
9711192	10.951002
9712443	10.993535
9713463	10.994578
9714767	10.995258
9715314	11.001459
9715526	11.002386
9717861	11.013805
9718086	11.014577
9718147	11.015568
9718641	11.038448
9720592	11.116811
9721087	11.124600
9722157	11.130103
9723470	11.131143
9725303	11.131143
9728000	11.133326
9733385	11.133913
9734068	11.133943
9735899	11.133945
9738597	11.138525
9742873	11.138527
9743555	11.138527
9759230	11.138531
9760336	11.138531
9760481	11.138531
9760961	11.138871
9761083	11.150497
9761826	11.313528
9762041	11.316259
9762798	11.317023
9765116	11.317091
9765348	11.317092
9769727	11.317111
9769862	11.317111
9774003	11.317152
9774873	11.317547
9778097	11.319534
9779504	11.320719
9779837	11.334243
9779989	11.335414
9780485	11.352030
9781320	11.391322
9783434	11.428421
9786095	11.430194
9788118	11.430230
9788962	11.430230
9789258	11.430230
9789485	11.430239
9789825	11.430254
9790905	11.432338
9791765	11.435482
9792044	11.437053
9795835	11.476294
9795858	11.476306
9795902	11.476337
9796270	11.476723
9797979	11.480954
9798160	11.481805
9798685	11.488400
9799320	11.565214
9800872	11.632316
9803079	11.708482
9804160	11.853040
9804918	11.864454
9805234	11.872184
9808554	12.034999
9808582	12.042272
9808595	12.044088
9808869	12.180600
9809160	12.194102
9809646	12.208072
9809840	12.209990
9810827	12.211349
9813473	12.211354
9815166	12.211357
9815359	12.211357
9822271	12.211363
9822946	12.213180
9823763	12.252054
9824052	12.252278
9827452	12.254003
9831681	12.256307
9835454	12.258584
9836761	12.259177
9838384	12.264189
9839653	12.264427
9845674	12.269124
9846095	12.269247
9846892	12.269247
9854745	12.273128
9855427	12.273595
9856807	12.283696
9857069	12.285061
9859855	12.288199
9859929	12.288321
9863531	12.301641
9866279	12.301710
9868479	12.303521
9871158	12.305241
9871471	12.305253
9871832	12.305253
9872270	12.305255
9881261	12.305303
9882848	12.311947
9884240	12.312484
9886725	12.313155
9887761	12.315493
9889033	12.316719
9898045	12.363968
9898380	12.364298
9899471	12.385280
9901145	12.392109
9903061	12.401387
9904381	12.410909
9910929	12.414049
9911829	12.414688
9912651	12.415484
9912892	12.415862
9914431	12.416111
9914530	12.416158
9914938	12.416436
9915334	12.416832
9917074	12.419529
9918124	12.422127
9918884	12.422796
9920202	12.424544
9920625	12.424715
9921939	12.425357
9922383	12.425430
9923124	12.425513
9924426	12.425706
9924649	12.425716
9927133	12.426707
9927310	12.426793
9929928	12.428553
9933059	12.438437
9934336	12.438437
9935067	12.642411
9936071	13.100679
9936324	13.177823
9936423	13.179337
9936698	13.182090
9936998	13.182221
9938002	13.182530
9938230	13.182582
9938840	13.182641
9939336	13.182678
9939551	13.182689
9939632	13.182689
9940301	13.182690
9941529	13.185596
9942364	13.186953
9942771	13.187052
9943085	13.187108
9945713	13.187509
9947125	13.187509
9947809	13.187509
9947880	13.187509
9948833	13.187526
9949505	13.202996
9949647	13.215619
9950370	13.261664
9950717	13.316159
9950788	13.316464
9950853	13.316670
9951538	13.317852
9954345	13.318133
9955606	13.318228
9955792	13.318228
9956373	13.318327
9957093	13.342838
9957842	13.342965
9957954	13.356567
9959124	13.363616
9959500	13.371713
9959596	13.377889
9959598	13.377890
9959972	13.384432
9960177	13.403502
9960478	13.428170
9960506	13.428689
9960819	13.432975
9961360	13.433242
9963245	13.434545
9964118	13.436777
9965349	13.436807
9970598	13.436901
9977433	13.436952
9978616	13.436960
9979465	13.438001
9980251	13.445426
9980743	13.468588
9980784	13.469201
9981929	13.565806
9982233	13.573555
9982291	13.573945
9982362	13.574428
9982984	13.585522
9983603	13.587822
9988070	13.633168
9989412	13.638222
9993441	13.700764
9997164	13.736381
9998642	13.740978
10002370	13.744560
10017296	13.747722
10018047	13.747855
10019234	13.747878
10022907	13.748111
10034368	13.748354
10035476	13.748436
10036063	13.748440
10038317	13.748502
10051868	13.748506
10053512	13.748508
10063960	13.750275
10065933	13.752192
10066530	13.756197
10069244	13.756198
10070419	13.758520
10076625	13.779287
10078146	13.783463
10079881	13.811602
10085259	14.013534
10085602	14.013569
10086902	14.015950
10088199	14.016522
10089356	14.016704
10090236	14.016758
10094039	14.035908
10095408	14.035916
10097910	14.037349
10098320	14.037450
10100069	14.037644
10100436	14.037905
10102097	14.061673
10102552	14.061997
10105824	14.062404
10111156	14.076502
10119059	14.084729
10120795	14.093534
10127576	14.093534
10128378	14.093534
10130337	14.093534
10132555	14.093534
10134847	14.093534
10136545	14.093540
10136566	14.093540
10137361	14.093581
10138225	14.093681
10141144	14.094608
10142429	14.101493
10144298	14.155163
10144942	14.182377
10145436	14.182392
10152929	14.182400
10153671	14.182400
10153838	14.192788
10157362	14.192790
10162979	14.193397
10164210	14.199851
10168588	14.200324
10174965	14.200625
10179063	14.204132
10179754	14.204156
10180041	14.204187
10182465	14.206159
10182991	14.207693
10183772	14.207693
10188969	14.207694
10189096	14.207696
10196066	14.211355
10198884	14.218694
10202876	14.220299
10208741	14.225388
10208991	14.225394
10211280	14.238831
10211943	14.259051
10212046	14.279846
10212259	14.292021
10212809	14.344663
10214520	14.374859
10215485	14.374917
10216767	14.394278
10218321	14.404583
10219080	14.409656
10219445	14.410290
10228498	14.411300
10233740	14.419446
10234303	14.419472
10234708	14.421242
10235148	14.421242
10246591	14.421993
10247377	14.437003
10253929	14.437433
10256385	14.437560
10264628	14.437684
10278975	14.438446
10289587	14.439033
10316393	14.439760
10334344	14.442512
10337289	14.442550
10337953	14.442565
10341152	14.442635
10347121	14.442949
10367555	14.447116
10370037	14.453867
10370943	14.485932
10371272	14.486827
10374692	14.487012
10381795	14.487165
10392077	14.490932
10392244	14.490946
10398354	14.490949
10404235	14.491355
10413635	14.504914
10420036	14.505356
10424064	14.505603
10439650	14.510073
10451763	14.510760
10465630	14.511124
10467479	14.511133
10490835	14.516718
10491167	14.529970
10500783	14.532764
10532334	14.571597
10534418	14.571717
10552302	14.574742
10557015	14.574883
10574587	14.574993
10589741	14.575088
10616498	14.585188
10627414	14.585299
10645366	14.585805
10659908	14.585805
10664740	14.585805
10669287	14.585805
10689851	14.596994
10708044	14.596996
10711134	14.597001
10718029	14.607682
10719704	14.635755
10725713	14.642103
10727274	14.666443
10727307	14.666533
10728287	14.705517
10742216	14.709872
10749428	14.709872
10756013	14.709872
10766627	14.709872
10773223	14.709872
10808235	14.709872
10824168	14.709936
10842246	14.710168
10848322	14.710347
10849056	14.732171
10854637	14.732335
10861795	14.732914
10916259	14.746122
10929032	14.746942
10940136	14.770762
10941224	14.770832
11056949	14.771077
11069442	14.771148
11094709	14.771256
11116267	14.775078
11135698	14.803750
11135916	14.803751
11144767	14.805348
11152943	14.814887
11156183	14.818481
11167057	14.820420
11168699	14.820465
11191222	14.826432
11191475	14.826432
11192745	14.828087
11193861	14.845128
11223715	14.846714
11239971	14.846928
11261191	14.847051
11264568	14.847051
11265705	14.847154
11272867	14.852462
11277443	14.877697
11277851	14.877999
11285702	14.878284
11294907	14.878290
11296514	14.879299
11306488	14.879299
11317745	14.879359
11318816	14.879402
11321091	14.880574
11323807	14.880864
11328596	14.882439
11346276	14.882983
11397098	14.889875
11415688	14.899511
11415973	14.899511
11421038	14.899511
11425484	14.899575
11441379	14.904719
11445261	14.904719
11447325	14.904721
11458092	14.906205
11464514	14.906207
11481592	14.906215
11525997	14.909496
11545126	14.909631
11554871	14.912852
11565630	14.913707
11587531	14.913708
11587672	14.913708
11590087	14.913708
11591334	14.913709
11592650	14.923596
11597966	14.923600
11608867	14.936200
11614706	14.937656
11615936	14.937688
11621388	14.937688
11640600	14.937690
11641501	14.937692
11662959	14.937712
11671173	14.937974
11676488	14.937975
11681139	14.937978
11683215	14.937983
11685615	14.938056
11686548	14.938412
11687552	14.939796
11687569	14.940226
11688777	15.017009
11688781	15.017071
11688808	15.070151
11689550	15.090519
11689654	15.091534
11689912	15.091535
11690511	15.091535
11695136	15.091535
11697892	15.091535
11699179	15.091692
11703324	15.093848
11704408	15.093914
11714574	15.096878
11715270	15.096911
11717824	15.111697
11720839	15.111839
11723652	15.111959
11725686	15.112306
11729767	15.114757
11730522	15.129945
11733224	15.131568
11733259	15.131579
11742132	15.131582
11761419	15.134757
11766227	15.134766
11768720	15.134802
11776601	15.137072
11782237	15.137072
11783465	15.137072
11784470	15.137072
11793130	15.137228
11799245	15.137620
11800400	15.138320
11803068	15.146229
11805379	15.204184
11806188	15.205612
11820189	15.206336
11821333	15.206469
11823034	15.206473
11828036	15.206512
11846380	15.210794
11870985	15.215803
11875679	15.216589
11883525	15.219361
11895128	15.237162
11895398	15.237196
11898336	15.237309
11911819	15.246366
11912346	15.248026
11920889	15.252891
11930884	15.253673
11943110	15.253673
11944935	15.253673
11950347	15.253686
11952336	15.253719
11952700	15.253732
11953740	15.253882
11954947	15.278912
11967559	15.280726
11974320	15.280842
11988959	15.280858
11998755	15.280873
12023993	15.281189
12036453	15.281189
12037348	15.281189
12052762	15.281189
12052982	15.281189
12065610	15.281566
12067433	15.282920
12069343	15.286870
12070157	15.286875
12078275	15.287217
12085604	15.288049
12095182	15.288277
12095473	15.288320
12095619	15.289100
12096287	15.437756
12096805	15.470791
12097251	15.507270
12097285	15.507577
12097481	15.507587
12100550	15.507601
12103134	15.507608
12106315	15.507608
12112181	15.507608
12115837	15.507609
12125427	15.507611
12130280	15.510709
12135444	15.522425
12140367	15.523393
12159524	15.531705
12168895	15.531705
12180834	15.531705
12182745	15.531821
12185488	15.532586
12188320	15.532741
12192476	15.536481
12198586	15.536526
12202264	15.536536
12203817	15.541234
12204877	15.541237
12205264	15.545907
12209510	15.545919
12214820	15.545927
12224596	15.545987
12224888	15.545987
12228494	15.546014
12239174	15.546015
12241444	15.546015
12245497	15.546015
12246146	15.546015
12250284	15.546016
12253978	15.546016
12259327	15.546414
12259673	15.546508
12261147	15.547879
12262215	15.580582
12262628	15.588358
12263043	15.684548
12264107	15.715135
12267193	15.715561
12269383	15.715580
12271535	15.715588
12271818	15.715588
12277591	15.715589
12278115	15.715593
12284979	15.715593
12287489	15.718774
12291095	15.718774
12297448	15.718775
12299392	15.722334
12299890	15.754814
12300163	15.755505
12300973	15.769325
12301960	15.772773
12309660	15.772773
12312397	15.772774
12314614	15.772776
12315653	15.772776
12320926	15.772850
12323004	15.772952
12332698	15.773826
12333800	15.774096
12336845	15.791446
12340855	15.802724
12342680	15.803528
12344051	15.803558
12347430	15.805072
12348496	15.812164
12349315	15.812730
12349470	15.813821
12349706	15.813902
12350942	15.824089
12350986	15.829728
12353126	15.833551
12353613	15.833749
12358756	15.833779
12359733	15.833781
12359844	15.833781
12367044	15.833781
12370061	15.838088
12376571	15.839391
12377203	15.839391
12384047	15.839538
12385386	15.840548
12386846	15.874429
12387016	15.908122
12387561	15.923210
12388652	15.924668
12389200	15.924927
12390939	15.924927
12391130	15.924927
12395242	15.924935
12409622	15.925212
12409816	15.925253
12411718	15.961354
12412205	15.963720
12413119	15.963973
12413563	15.982464
12414803	15.982464
12415042	15.985342
12415900	15.987328
12416650	16.079899
12416899	16.101348
12417202	16.101360
12417886	16.101491
12419018	16.102820
12419667	16.132713
12419777	16.148237
12420146	16.169748
12420900	16.172019
12421537	16.176195
12421885	16.176465
12422688	16.176689
12423857	16.176973
12425310	16.182137
12425940	16.182229
12427552	16.182290
12430655	16.182828
12431499	16.182829
12433187	16.183267
12438196	16.183267
12438454	16.183267
12439076	16.183267
12439282	16.183271
12440603	16.186550
12445052	16.186860
12456562	16.202604
12459153	16.213867
12466985	16.235629
12471471	16.235629
12476821	16.235629
12477177	16.235629
12477787	16.235629
12478437	16.235629
12480595	16.235629
12480833	16.235629
12480895	16.235629
12481162	16.235629
12482930	16.235629
12484576	16.235629
12486630	16.235629
12490625	16.235629
12492278	16.235629
12493990	16.235629
12495482	16.401465
12496500	16.401501
12500615	16.401508
12501039	16.401508
12505274	16.401508
12506238	16.401508
12506893	16.401508
12512622	16.401508
12514021	16.401509
12520192	16.401509
12524375	16.401526
12524681	16.401531
12524944	16.427067
12525123	16.502545
12526162	16.537218
12526572	16.537245
12527133	16.537245
12527246	16.537245
12529140	16.537245
12529371	16.537245
12529395	16.537254
12530285	16.544289
12532882	16.545243
12544673	16.545243
12545768	16.545243
12549060	16.545243
12551892	16.546567
12560855	16.567667
12561667	16.568687
12565064	16.569380
12573295	16.569788
12574424	16.572030
12577749	16.572030
12580070	16.572313
12588312	16.573678
12592368	16.578131
12593055	16.593216
12600161	16.600071
12605475	16.600933
12606317	16.606587
12607691	16.614001
12608906	16.614323
12609044	16.614368
12609314	16.614370
12609917	16.624723
12609930	16.625811
12610337	16.627333
12628066	16.627886
12629013	16.627927
12629133	16.627963
12632384	16.629226
12633665	16.648666
12640750	16.653971
12643707	16.654327
12647852	16.654671
12648230	16.657828
12648677	16.657962
12649267	16.658209
12653043	16.663371
12655426	16.697381
12660086	16.703752
12661339	16.703777
12663041	16.703777
12663144	16.703777
12670270	16.703777
12670925	16.703777
12671809	16.703777
12672165	16.703777
12672322	16.703777
12673213	16.703777
12673502	16.705493
12675004	16.720284
12676506	16.720285
12677114	16.720286
12678030	16.720288
12678606	16.720298
12678787	16.747189
12679195	16.847591
12679297	16.854363
12679362	16.855477
12680380	17.493882
12682440	17.510520
12682714	17.510520
12683149	17.510520
12684599	17.510520
12685217	17.514077
12686338	17.514077
12688518	17.514077
12689202	17.514077
12689571	17.514077
12691219	17.514089
12691914	17.514090
12692973	17.514092
12697326	17.514166
12698936	17.514183
12699720	17.514441
12699865	17.514477
12700097	17.514643
12700917	17.515048
12701058	17.518974
12701235	17.563031
12701630	17.568394
12701775	17.571736
12704002	17.594471
12713460	17.602543
12714893	17.602576
12715261	17.602600
12718838	17.645387
12718970	17.646017
12719027	17.647862
12719582	17.674168
12720015	17.688664
12720245	17.688713
12721175	17.689046
12724820	17.691288
12725090	17.692480
12725940	17.692680
12729953	17.692928
12733573	17.692988
12734563	17.693122
12735979	17.693122
12736270	17.693122
12737735	17.693122
12739533	17.693125
12740450	17.694463
12741951	17.696066
12742485	17.709163
12743060	17.758513
12743979	17.835660
12744546	17.850722
12744848	17.850749
12745746	17.851008
12750722	17.851288
12750855	17.858954
12752090	17.865763
12752637	17.866276
12753139	17.866375
12757647	17.866375
12772902	17.874915
12773285	17.874926
12774105	17.875012
12777702	17.875013
12779171	17.876166
12781027	17.890265
12783758	17.892407
12790419	17.892407
12792962	17.892632
12800207	17.894091
12802478	17.895367
12803775	17.895949
12804431	17.895949
12806639	17.895949
12807077	17.895954
12808017	17.895971
12808061	17.896232
12809142	18.066372
12809516	18.088703
12809970	18.198530
12811383	18.226011
12812290	18.235299
12812322	18.235300
12812664	18.235304
12812706	18.235304
12814091	18.235308
12814134	18.235308
12815149	18.235309
12815387	18.235310
12819370	18.236315
12820815	18.239010
12829544	18.239412
12830102	18.242970
12830814	18.271508
12830881	18.274672
12840528	18.280782
12844324	18.287134
12846450	18.287139
12847065	18.287484
12847658	18.299406
12847738	18.317168
12847931	18.359348
12848088	18.386313
12848344	18.409937
12848469	18.482293
12849788	18.489428
12852087	18.492093
12857252	18.492813
12862435	18.492813
12866268	18.492813
12867459	18.492813
12869297	18.492813
12871850	18.492813
12874055	18.493714
12876372	18.494276
12884766	18.494440
12885361	18.499309
12885540	18.500602
12886543	18.555295
12887911	18.568099
12891447	18.568951
12892203	18.569874
12892402	18.569895
12892500	18.581159
12894327	18.590555
12898724	18.593376
12899668	18.598168
12903932	18.600121
12906707	18.600292
12907818	18.601626
12907926	18.602380
12909067	18.643295
12909640	18.647292
12909828	18.650073
12912184	18.679709
12913853	18.681018
12914215	18.681044
12916939	18.681050
12919394	18.681050
12919685	18.681050
12921287	18.682204
12926794	18.688633
12934461	18.690589
12935927	18.696559
12939174	18.700671
12940782	18.701023
12942854	18.701215
12943203	18.701245
12943429	18.701333
12949475	18.719335
12949771	18.719450
12950528	18.720346
12951105	18.723797
12952923	18.771663
12953405	18.774546
12958084	18.775833
12965184	18.776508
12968271	18.779368
12969546	18.779816
12971309	18.780010
12973888	18.780244
12975167	18.780697
12976131	18.795949
12980135	18.797366
12984486	18.797366
12985728	18.797366
12998408	18.797367
13000258	18.797368
13004759	18.803462
13005605	18.803466
13005705	18.803475
13005960	18.826184
13006104	18.939341
13008392	19.050841
13008742	19.050888
13010511	19.051002
13013244	19.053568
13015119	19.054157
13015959	19.087266
13017022	19.087735
13026536	19.089149
13035144	19.106891
13044309	19.114541
13047474	19.115308
13051332	19.115791
13053151	19.121404
13067277	19.121614
13072523	19.121624
13076410	19.122612
13078683	19.125392
13078816	19.125584
13102011	19.137331
13102178	19.137340
13112365	19.137582
13116725	19.137622
13121872	19.138102
13128381	19.148029
13129817	19.148163
13149756	19.148941
13151436	19.148952
13155146	19.151265
13160946	19.157572
13178628	19.159791
13179005	19.160073
13193185	19.160085
13193771	19.160232
13198999	19.164580
13199706	19.167304
13200724	19.167321
13201448	19.167321
13202003	19.167373
13202192	19.175539
13202479	19.175566
13203616	19.175579
13204138	19.175694
13204170	19.175772
13204739	19.178557
13204909	19.178935
13205111	19.195784
13205650	19.420055
13206177	19.455512
13207299	19.456138
13209231	19.456295
13211760	19.456341
13212927	19.456355
13222207	19.456366
13222365	19.473518
13223318	19.490669
13224978	19.496407
13234000	19.499880
13236051	19.500275
13237340	19.500476
13238866	19.500585
13240341	19.500751
13243007	19.501981
13244110	19.516979
13244277	19.517056
13245053	19.532151
13245986	19.532338
13247963	19.535655
13252206	19.562563
13263640	19.570801
13266561	19.588752
13271280	19.621583
13275692	19.624349
13280074	19.624349
13282253	19.624543
13290038	19.627007
13295205	19.627092
13314743	19.627264
13318940	19.627264
13318996	19.627264
13320682	19.627266
13322036	19.627282
13330563	19.627585
13353427	19.628847
13361578	19.631706
13370625	19.636470
13372193	19.645293
13380482	19.646970
13390329	19.657772
13394726	19.658809
13401248	19.660301
13402794	19.661172
13408189	19.669102
13408469	19.669200
13410213	19.672386
13410737	19.672411
13415380	19.673361
13418228	19.674633
13420650	19.685302
13420748	19.685412
13424550	19.688406
13427161	19.688677
13428226	19.689031
13430685	19.689031
13434184	19.692835
13435708	19.692835
13437243	19.692835
13437735	19.692835
13437923	19.692835
13439270	19.692837
13440218	19.692840
13440872	19.692842
13443611	19.692858
13444706	19.692894
13444972	19.692911
13445766	19.693024
13446125	19.693465
13446336	19.694064
13446746	19.833460
13447324	19.960249
13447357	19.960663
13447522	19.960837
13452821	19.961132
13454157	19.961158
13454286	19.961226
13454507	19.961253
13455242	19.962354
13456025	19.979410
13456277	19.980546
13457261	20.004175
13457268	20.004193
13457598	20.032160
13457828	20.032198
13462815	20.033147
13467721	20.033539
13470467	20.033596
13471938	20.033596
13474247	20.033597
13476327	20.033610
13478813	20.033630
13479878	20.039013
13480159	20.044015
13482493	20.044029
13484604	20.048582
13484886	20.066020
13484894	20.066101
13485402	20.090296
13485880	20.183437
13486268	20.202124
13488259	20.202225
13488654	20.202259
13489748	20.202293
13491034	20.283484
13491826	20.292652
13492087	20.294270
13492597	20.295010
13494123	20.295988
13497525	20.298498
13501074	20.298864
13501094	20.298865
13503058	20.298919
13503433	20.298932
13505065	20.299014
13505562	20.299040
13505582	20.299060
13506336	20.364350
13506337	20.364379
13509749	20.364452
13510351	20.364452
13515747	20.364452
13516361	20.364452
13516468	20.364452
13516585	20.364453
13516607	20.364453
13516884	20.364471
13517211	20.367921
13517871	20.517192
13517929	20.520841
13518424	20.580054
13518626	20.584122
13519470	20.585204
13520026	20.585207
13520364	20.585208
13521058	20.585209
13521185	20.585209
13521947	20.585209
13524043	20.585209
13524765	20.585209
13525513	20.585209
13532914	20.585209
13535546	20.586200
13536335	20.586976
13539607	20.593249
13540079	20.593249
13540199	20.593249
13540234	20.593254
13542664	20.593792
13543482	20.594191
13543670	20.594543
13543906	20.596794
13544060	20.599127
13544141	20.600468
13544198	20.627803
13544484	20.715597
13544486	20.715605
13545862	20.772869
13548023	20.772910
13549566	20.772912
13550376	20.772928
13550932	20.772932
13552077	20.772941
13552387	20.773447
13552452	20.773470
13553184	20.822847
13554129	20.826699
13555537	20.847251
13556110	20.922802
13556241	20.929174
13559384	20.931177
13559958	20.931383
13563678	20.931599
13564918	20.931612
13569598	20.931872
13569710	20.931874
13570173	20.965948
13570612	20.967204
13571116	20.968222
13571643	20.994932
13571844	20.994977
13574625	20.994977
13576308	20.994977
13577438	20.994977
13580072	20.994977
13580080	20.994977
13581158	20.994977
13582746	20.994979
13589762	20.995058
13589979	20.995070
13590006	20.995102
13593153	21.123502
13593458	21.127261
13594154	21.127281
13594596	21.127336
13594871	21.128162
13596999	21.148842
13597107	21.148915
13597546	21.205314
13597548	21.207965
13597600	21.208149
13599193	21.224714
13600390	21.224790
13608284	21.228224
13623438	21.239242
13624136	21.239579
13625227	21.239703
13629387	21.239703
13629501	21.239703
13629695	21.239703
13635234	21.243028
13647078	21.243047
13649332	21.243065
13658799	21.243093
13662996	21.243167
13664639	21.249078
13671871	21.249248
13674471	21.249294
13680155	21.249690
13683268	21.250385
13684879	21.251569
13685082	21.253954
13690059	21.253954
13690461	21.254497
13691388	21.359576
13692614	21.433353
13692814	21.433775
13695573	21.435581
13696631	21.435729
13697234	21.435737
13701372	21.435749
13703305	21.447844
13707822	21.447858
13711343	21.448441
13716420	21.448713
13720586	21.449400
13723938	21.449686
13730953	21.449877
13730954	21.449877
13747558	21.450185
13751824	21.451643
13754879	21.451893
13761005	21.452409
13779144	21.453530
13790722	21.460235
13797444	21.473687
13798473	21.474193
13807043	21.485670
13808885	21.493142
13828059	21.498667
13831576	21.500550
13839805	21.514597
13840872	21.514598
13841169	21.514617
13842421	21.515144
13844362	21.740852
13844664	21.757042
13844892	21.757045
13849013	21.757047
13850472	21.757082
13854003	21.757187
13854349	21.759158
13854645	21.760032
13855166	21.778310
13855175	21.778393
13857047	21.778542
13857562	21.778552
13858542	21.778610
13865216	21.779735
13867665	21.791658
13868055	21.792134
13868366	21.792134
13870406	21.792141
13873228	21.793650
13873380	21.793652
13874463	21.795705
13875199	21.810414
13878433	21.810596
13880146	21.810641
13886297	21.811387
13888323	21.822604
13890692	21.822717
13891793	21.822744
13892190	21.822745
13893065	21.823950
13893831	21.824661
13894489	21.825764
13902461	21.851119
13902632	21.851265
13904011	21.851835
13908837	21.852771
13925200	21.853449
13928711	21.854598
13928837	21.857935
13931356	21.858090
13931436	21.858129
13932151	21.859619
13932736	21.859893
13933198	21.860193
13934489	21.860594
13935215	21.861424
13935253	21.861726
13936278	21.935304
13936375	21.935377
13936914	21.960380
13939688	21.960443
13945847	21.967564
13945887	21.977957
13945968	21.978002
13947247	22.013393
13947538	22.013795
13948972	22.015172
13955084	22.015201
13955279	22.020410
13958065	22.029228
13963668	22.029236
13992739	22.029236
13999518	22.029236
14005195	22.029236
14017516	22.029374
14017679	22.029388
14027809	22.029543
14046706	22.029571
14051304	22.029745
14060036	22.034800
14061141	22.036294
14063278	22.038988
14065801	22.039225
14068380	22.041083
14071757	22.041252
14071817	22.041307
14092164	22.044563
14092554	22.045031
14092705	22.045833
14092787	22.073816
14093328	22.210221
14093422	22.219614
14093830	22.224569
14095006	22.225852
14095199	22.225928
14095763	22.225948
14098871	22.225969
14099684	22.225969
14100846	22.225971
14104358	22.225974
14108737	22.225974
14111761	22.225974
14112025	22.232414
14115921	22.232414
14119630	22.232414
14121847	22.235454
14126317	22.236933
14127933	22.255597
14140955	22.255738
14148751	22.276498
14149156	22.276698
14149558	22.276698
14172244	22.278000
14172449	22.278214
14175882	22.335156
14177708	22.341307
14186827	22.344796
14193846	22.345199
14226094	22.359465
14229115	22.359928
14273191	22.362142
14291180	22.365124
14302104	22.365124
14316128	22.370703
14322744	22.370703
14323118	22.370703
14330270	22.370703
14337296	22.370703
14343790	22.370703
14359317	22.370703
14424588	22.371251
14426091	22.374031
14430409	22.408003
14434159	22.409289
14467523	22.409569
14476535	22.417915
14483297	22.417946
14491411	22.426224
14501330	22.426269
14501748	22.426537
14520457	22.426537
14526353	22.427697
14533842	22.433000
14570833	22.433013
14570991	22.436420
14571240	22.436428
14574078	22.439838
14575421	22.439838
14576237	22.439838
14579934	22.439839
14580123	22.439840
14583770	22.439844
14591881	22.439874
14593511	22.440219
14594443	22.441143
14596132	22.510672
14597072	22.513561
14597591	22.513563
14615051	22.514160
14615483	22.514160
14660373	22.514163
14671989	22.518900
14672583	22.518901
14677893	22.518907
14680861	22.518907
14682334	22.519370
14685686	22.521287
14696763	22.522625
14702502	22.533714
14713141	22.539127
14716101	22.539840
14718617	22.539867
14731482	22.539868
14742581	22.539868
14754160	22.539868
14837220	22.539868
14869405	22.539868
14873136	22.543473
14878012	22.547106
14931186	22.547106
14933447	22.547108
14934635	22.547312
14939202	22.547721
14939871	22.573028
14940035	22.574456
14940073	22.574456
14944280	22.583562
14948656	22.583576
14950905	22.584499
14957328	22.598776
14961294	22.599780
14961643	22.600879
14973437	22.603779
14985241	22.604436
15017217	22.604436
15047598	22.604436
15061623	22.604436
15096479	22.604746
15099715	22.604746
15107336	22.604760
15110032	22.605214
15114243	22.606660
15114863	22.621923
15119431	22.623491
15139242	22.624327
15144363	22.627656
15147839	22.627987
15148555	22.629511
15149034	22.631592
15154067	22.654283
15159471	22.659833
15163049	22.660613
15167551	22.660843
15223717	22.671186
15225143	22.671251
15233760	22.671537
15237909	22.673134
15239033	22.673134
15240112	22.676166
15241783	22.676166
15241993	22.676166
15247335	22.677969
15248022	22.677973
15248173	22.678040
15250239	22.678641
15250376	22.682405
15251645	22.685008
15253849	22.700820
15254144	22.712560
15256549	22.716887
15261502	22.718152
15264700	22.718343
15265458	22.718456
15267117	22.719250
15270297	22.720890
15271931	22.726837
15276729	22.728157
15283411	22.736658
15284085	22.739011
15285521	22.761578
15285643	22.762152
15290425	22.762361
15292949	22.762361
15296656	22.762361
15311173	22.762361
15316062	22.762361
15319880	22.762361
15322548	22.765166
15331048	22.765642
15368941	22.771840
15369884	22.789820
15379783	22.791439
15381161	22.791440
15383291	22.791852
15384276	22.791852
15385229	22.791988
15388939	22.799023
15393067	22.802889
15393575	22.802995
15395161	22.808454
15395507	22.820459
15396495	22.822998
15397461	22.823832
15404723	22.848756
15406564	22.850513
15426505	22.851602
15432738	22.865831
15440700	22.868007
15447469	22.868956
15448044	22.868992
15454787	22.875633
15472750	22.876427
15474165	22.876763
15477945	22.890925
15478149	22.890971
15479911	22.904655
15490966	22.904679
15491565	22.904679
15492732	22.904679
15493034	22.904795
15494611	22.906488
15494752	22.906488
15498851	22.906490
15525038	22.906512
15530998	22.906519
15533163	22.918272
15534750	22.918273
15546631	22.918407
15551033	22.930296
15555645	22.932748
15568841	22.932749
15579445	22.937344
15599613	22.983125
15599938	22.983354
15602178	22.983520
15626097	22.986907
15637334	22.987003
15646921	22.987458
15647427	22.988125
15656962	23.000111
15676365	23.000983
15681200	23.001019
15698322	23.005110
15703647	23.005111
15703697	23.005111
15721189	23.017287
15722117	23.017290
15725522	23.018833
15727999	23.041200
15730908	23.042519
15731175	23.042771
15733719	23.057469
15737725	23.061691
15738771	23.067166
15759114	23.070660
15761323	23.070819
15767289	23.070835
15769229	23.071851
15771769	23.079710
15776263	23.079895
15789008	23.083767
15791713	23.103530
15793607	23.104499
15794748	23.123237
15795120	23.123271
15796127	23.131230
15801011	23.134540
15803377	23.134614
15804373	23.134614
15805986	23.134614
15816737	23.134614
15820952	23.134614
15851190	23.135295
15854461	23.135355
15856346	23.140017
15857288	23.140034
15867308	23.140067
15889350	23.140067
15926889	23.140143
15930430	23.140717
15935375	23.170798
15939179	23.171415
15941568	23.171416
15967163	23.171435
15977795	23.172676
16002736	23.173248
16006413	23.185324
16010029	23.185328
16011664	23.185341
16013042	23.185474
16016755	23.186486
16018768	23.213894
16020022	23.214588
16024539	23.274235
16029490	23.274270
16053322	23.274283
16085316	23.274283
16087715	23.274937
16090709	23.302075
16091112	23.302922
16102874	23.322130
16126435	23.327510
16132315	23.327510
16134565	23.327557
16137553	23.328751
16153837	23.344208
16155567	23.344303
16172965	23.344340
16181633	23.344359
16181952	23.344359
16195196	23.364920
16196253	23.365125
16201403	23.365683
16205293	23.365683
16205491	23.367858
16211641	23.367986
16212943	23.368069
16223147	23.369951
16223440	23.369951
16225906	23.369974
16233944	23.370253
16235149	23.370438
16235678	23.370684
16240121	23.373921
16244451	23.434167
16245573	23.445200
16249762	23.448331
16251535	23.511632
16254454	23.512398
16269328	23.512779
16277639	23.512808
16289727	23.512822
16301195	23.529073
16304487	23.529098
16304785	23.529292
16305242	23.529293
16309584	23.529300
16320613	23.533928
16345974	23.538804
16408121	23.553532
16416337	23.553532
16419089	23.554399
16432079	23.554926
16433106	23.557766
16433378	23.569021
16433874	23.575831
16434983	23.589981
16435153	23.590481
16437173	23.590483
16437276	23.590621
16439914	23.626554
16440047	23.626654
16449865	23.626720
16467367	23.627531
16470514	23.628674
16475726	23.650871
16490316	23.656171
16493597	23.656588
16495825	23.656588
16507969	23.656603
16537160	23.656653
16544205	23.656803
16546629	23.663501
16547170	23.667572
16547887	23.691696
16548383	23.694664
16550293	23.696386
16551718	23.696716
16561797	23.696729
16569375	23.701443
16574728	23.701447
16590670	23.701447
16606101	23.701449
16610049	23.701488
16626318	23.702521
16627373	23.712468
16650172	23.713915
16654135	23.713954
16657840	23.722094
16657874	23.722095
16660427	23.722210
16663996	23.745171
16664038	23.745204
16664078	23.751583
16664104	23.751666
16664511	23.771221
16664539	23.771311
16666739	23.773546
16666831	23.774023
16667268	23.783097
16670343	23.783115
16670979	23.783115
16675697	23.783604
16679706	23.783604
16679967	23.783604
16691503	23.783608
16691823	23.783609
16707865	23.784128
16708410	23.784256
16708883	23.784656
16709155	23.785374
16713495	23.839913
16715885	23.840821
16717382	23.859474
16718532	23.860112
16722828	23.876035
16729640	23.881081
16729821	23.883661
16731714	23.885732
16737741	23.886111
16738396	23.886115
16739594	23.899672
16741199	23.909056
16744035	23.909065
16747097	23.918431
16794659	23.918449
16795005	23.918449
16801842	23.918449
16802218	23.918449
16821792	23.918449
16829642	23.918449
16833485	23.918449
16834204	23.918449
16837534	23.918449
16842790	23.918449
16853022	23.918449
16863263	23.918449
16868458	23.921606
16869532	23.921767
16869874	23.921895
16871839	23.952957
16872103	23.953056
16880954	23.965828
16881056	23.985717
16885640	24.003357
16887507	24.004001
16896172	24.004405
16906757	24.012052
16909846	24.025064
16936391	24.032783
16977025	24.034550
17013751	24.034550
17019231	24.034550
17046811	24.034571
17059972	24.034573
17064971	24.034573
17093669	24.034573
17103979	24.034574
17121501	24.034574
17128573	24.034574
17146241	24.034574
17148672	24.034574
17149081	24.034574
17153177	24.057586
17153711	24.057635
17157870	24.061883
17159979	24.164134
17163111	24.164134
17163698	24.164134
17165152	24.165433
17168790	24.165458
17170651	24.172122
17187513	24.172807
17189379	24.172813
17196973	24.174629
17199111	24.175504
17199255	24.175519
17202696	24.176212
17203210	24.176212
17205511	24.176212
17217501	24.176212
17218510	24.178580
17255864	24.178602
17261898	24.180360
17268392	24.180360
17282696	24.180361
17287376	24.180363
17300589	24.183614
17321159	24.184141
17329494	24.184469
17353401	24.185629
17355889	24.187174
17369377	24.200310
17371523	24.200319
17405996	24.211515
17439178	24.214572
17453781	24.214792
17455915	24.214792
17466623	24.215189
17466759	24.215214
17471078	24.216542
17478916	24.226878
17484966	24.226904
17492765	24.232145
17498748	24.237849
17502508	24.274613
17505875	24.274631
17506461	24.274632
17511209	24.274634
17527225	24.277418
17529262	24.278316
17532976	24.282298
17534074	24.285333
17534527	24.290115
17536215	24.290115
17536474	24.290115
17538590	24.526591
17539479	24.561426
17541187	24.589819
17543356	24.590700
17548859	24.591641
17549338	24.599081
17549936	24.603564
17551626	24.606342
17552261	24.606887
17555782	24.606887
17568227	24.606887
17571604	24.606887
17574212	24.606887
17575783	24.606887
17577201	24.606897
17584224	24.613464
17584997	24.616241
17588256	24.636084
17594376	24.637674
17596399	24.637955
17596649	24.637955
17598822	24.637991
17602749	24.656926
17620033	24.677036
17626823	24.678173
17627573	24.678186
17632433	24.716589
17642655	24.725420
17653918	24.726115
17682683	24.731048
17696417	24.732561
17728602	24.733058
17728865	24.733060
17746994	24.733060
17757111	24.733082
17759001	24.733092
17762399	24.733238
17766800	24.733975
17769683	24.735428
17773380	24.742065
17780649	24.781424
17782804	24.781479
17784158	24.781642
17786741	24.784274
17795705	24.802152
17804651	24.804337
17813150	24.805819
17828632	24.809876
17830839	24.823586
17836172	24.823718
17846521	24.826657
17850724	24.836190
17852256	24.866620
17856951	24.881255
17864970	24.891753
17874043	24.894457
17903519	24.896195
17904136	24.896505
17906515	24.896767
17919983	24.896778
17926946	24.896810
17976627	24.896811
17977595	24.896811
17979654	24.896846
17983167	24.896852
17991063	24.896860
17999670	24.896922
18004211	24.897307
18008835	24.897366
18009819	24.897451
18013728	24.898560
18015274	24.900783
18015686	24.905142
18017455	24.992293
18019249	25.009767
18021748	25.015266
18025984	25.017297
18026982	25.017441
18027049	25.018273
18031811	25.019938
18033310	25.020041
18034543	25.020050
18041971	25.020093
18045062	25.020308
18045636	25.045669
18055655	25.046368
18061015	25.046387
18064926	25.046390
18073232	25.046737
18077256	25.049927
18084262	25.050813
18095603	25.068148
18098085	25.093333
18102775	25.095205
18105873	25.095247
18115746	25.095299
18120516	25.101494
18120920	25.103015
18122978	25.113490
18123446	25.113496
18130350	25.113516
18133269	25.113517
18133873	25.113517
18145348	25.113517
18147465	25.113517
18152147	25.113517
18154772	25.113517
18158721	25.113517
18166357	25.116906
18168207	25.116906
18175660	25.118130
18178130	25.135982
18192806	25.138391
18206192	25.140507
18216802	25.142333
18218854	25.142556
18219632	25.163254
18220121	25.184257
18221894	25.184321
18235279	25.188297
18255829	25.188297
18304546	25.188297
18346477	25.188297
18352429	25.188297
18353564	25.188501
18360002	25.192077
18370389	25.192257
18376486	25.198048
18377001	25.214447
18377590	25.226779
18391937	25.229166
18393577	25.241262
18401630	25.242007
18472533	25.254559
18524039	25.255140
18527856	25.255148
18538952	25.255346
18559649	25.255396
18559658	25.255396
18562608	25.255405
18620084	25.255427
18621584	25.255434
18623760	25.255445
18627439	25.255467
18632891	25.255558
18640664	25.268427
18649986	25.328369
18652583	25.365382
18655587	25.365705
18660570	25.365708
18661143	25.377068
18661254	25.377663
18665402	25.380405
18665991	25.380522
18666674	25.380558
18667468	25.400611
18667653	25.400621
18668016	25.400664
18669352	25.401118
18672667	25.468477
18676728	25.469857
18677617	25.469982
18680451	25.470620
18681612	25.470671
18682629	25.470932
18683418	25.482550
18688173	25.483770
18694328	25.485367
18695597	25.485367
18699793	25.485387
18713077	25.491915
18713621	25.491920
18714634	25.491925
18723665	25.492477
18755969	25.504879
18761603	25.505223
18762062	25.505224
18764778	25.511626
18765269	25.511626
18770708	25.511626
18780605	25.511629
18781767	25.511677
18784164	25.512016
18787380	25.516810
18787768	25.521062
18787898	25.530126
18788062	25.554481
18791606	25.569611
18795885	25.572613
18806372	25.572914
18806478	25.572914
18807138	25.572919
18818717	25.575350
18820134	25.589811
18820932	25.600019
18824666	25.602249
18826718	25.604323
18828046	25.604329
18828881	25.604369
18829310	25.604394
18829697	25.604424
18833965	25.605624
18834217	25.608886
18838699	25.711430
18841407	25.716996
18846389	25.717107
18850919	25.717534
18851271	25.717545
18856808	25.720079
18857126	25.724629
18857714	25.807899
18858108	25.813536
18859601	25.839566
18861677	25.842353
18867089	25.855938
18867826	25.857888
18867954	25.858076
18868850	25.891742
18871242	25.895316
18881422	25.913325
18882949	25.913981
18888193	25.915034
18918231	25.915406
18936266	25.915531
18939049	25.915546
18946977	25.915950
18974312	25.917868
18981610	25.917989
18997250	25.919286
18997760	25.919321
19010852	25.923762
19019125	25.943062
19023474	25.950405
19043959	25.961796
19047214	25.974352
19049449	25.975633
19051544	25.976861
19051593	25.976894
19053250	25.977244
19053860	26.006728
19057242	26.007444
19059675	26.009091
19059898	26.011097
19071085	26.012289
19079932	26.013672
19082159	26.015830
19082427	26.022172
19091939	26.035729
19096934	26.084186
19097309	26.098400
19101414	26.105046
19102450	26.114790
19104203	26.133617
19104347	26.136307
19104406	26.136550
19109277	26.146183
19117587	26.147301
19120489	26.148164
19121227	26.148307
19126636	26.148410
19127408	26.148430
19128435	26.151210
19129493	26.156288
19129993	26.156288
19130754	26.156288
19131720	26.156288
19132185	26.156288
19132968	26.156288
19134729	26.156288
19135345	26.156288
19139971	26.156289
19145245	26.191482
19153261	26.195737
19154188	26.197004
19154684	26.200402
19156478	26.202322
19164141	26.217421
19168622	26.257184
19173906	26.272897
19175834	26.288381
19177505	26.298569
19181817	26.362817
19182236	26.364834
19183577	26.367207
19186107	26.368534
19189270	26.374203
19195299	26.381535
19195908	26.384972
19196550	26.507710
19196953	26.514111
19200100	26.519890
19205203	26.521451
19205647	26.521492
19206580	26.521867
19209503	26.528520
19214959	26.558021
19218581	26.593254
19218891	26.604051
19219249	26.610717
19220248	26.616945
19225730	26.620636
19226007	26.620781
19228547	26.620969
19236650	26.657352
19240194	26.661500
19240381	26.661650
19248173	26.664407
19248232	26.664610
19254634	26.768231
19255445	26.772270
19266251	26.774974
19270138	26.775648
19271016	26.775757
19272050	26.775812
19274743	26.775852
19276097	26.775861
19278265	26.775863
19288417	26.775863
19289942	26.775863
19294839	26.775863
19320738	26.775863
19323748	26.775864
19335329	26.776729
19365811	26.817704
19382736	26.821040
19388001	26.821062
19406631	26.839537
19412553	26.840668
19414457	26.854614
19423809	26.859858
19425004	26.866351
19431962	26.872504
19437992	26.886997
19439144	26.887598
19440480	26.888092
19441032	26.888096
19451232	26.889907
19451676	26.890721
19454316	26.904141
19457250	26.907854
19458316	26.917106
19458622	26.917106
19464358	26.917106
19465081	26.917106
19466156	26.917106
19467302	26.917507
19471960	26.921148
19472867	26.922959
19474955	26.983033
19475917	26.984954
19476224	26.986626
19477287	27.003559
19486155	27.013553
19487365	27.038648
19487528	27.061056
19491436	27.122528
19497729	27.140765
19500814	27.140816
19502957	27.140816
19505150	27.140816
19505286	27.140816
19507897	27.140816
19514795	27.140816
19514809	27.140816
19514816	27.140816
19521932	27.140816
19522930	27.140816
19534404	27.140861
19536862	27.140869
19538955	27.140869
19540773	27.153618
19544514	27.162332
19546166	27.165285
19546532	27.165521
19551520	27.166848
19557997	27.166936
19604006	27.167434
19618330	27.167434
19621097	27.167434
19624512	27.167434
19632293	27.167434
19647384	27.167435
19659653	27.167436
19660540	27.167436
19761877	27.171403
19776132	27.172142
19821829	27.172142
19824481	27.172142
19854073	27.172174
19858752	27.172178
19868787	27.172241
19880339	27.172346
19884534	27.172483
19885873	27.172520
19895280	27.173700
19906344	27.203200
19906517	27.219557
19910599	27.228285
19913162	27.228395
19933299	27.229274
19952620	27.229371
19971432	27.229371
19980482	27.229371
19984185	27.229371
20000000	27.240581
20000656	27.241046
20046069	27.241047
20066625	27.241272
20085641	27.241441
20092222	27.241487
20126287	27.249336
20152938	27.261771
20152956	27.261777
20168391	27.273401
20223400	27.278562
20230922	27.278570
20245924	27.278608
20250269	27.278608
20256355	27.278608
20257194	27.278608
20268376	27.278610
20270765	27.278612
20277376	27.278822
20293514	27.280110
20295275	27.280716
20304120	27.286897
20312967	27.330815
20313805	27.342313
20317960	27.345661
20318909	27.347841
20319415	27.348192
20320233	27.349422
20323576	27.365171
20324675	27.454982
20326738	27.455133
20330824	27.455199
20337288	27.455252
20341631	27.467513
20345715	27.472543
20346312	27.472855
20347738	27.473085
20348678	27.473185
20349207	27.473825
20349644	27.474275
20349732	27.474275
20350803	27.474293
20351458	27.474321
20352389	27.476566
20353340	27.483835
20356793	27.484251
20357000	27.484328
20359049	27.590976
20359369	27.598814
20360140	27.607178
20366057	27.609353
20366991	27.609910
20374547	27.611099
20375383	27.614895
20378016	27.616724
20378265	27.616822
20378454	27.616823
20385599	27.618607
20386246	27.619470
20390496	27.642754
20390748	27.643157
20392025	27.643363
20393944	27.643452
20395727	27.644858
20403301	27.644884
20405501	27.644890
20407945	27.645036
20409697	27.645339
20411182	27.657774
20412478	27.678223
20415529	27.680961
20419987	27.681308
20421786	27.695162
20422276	27.714997
20428653	27.731853
20428657	27.731853
20428788	27.745318
20428889	27.747954
20443399	27.747996
20445654	27.748122
20446925	27.748331
20451101	27.749293
20452227	27.749385
20457605	27.749393
20462961	27.749420
20469162	27.749471
20480594	27.749652
20489602	27.785808
20505939	27.793343
20508255	27.801699
20510322	27.818014
20518259	27.823452
20518554	27.865267
20518726	27.865783
20519424	27.912008
20521824	27.917478
20523387	27.918191
20524058	27.926561
20528292	27.926562
20545108	27.926591
20554574	27.926608
20564137	27.926671
20569430	27.926837
20575975	27.926837
20579372	27.926847
20585707	27.926905
20586818	27.927094
20587928	27.927526
20589869	27.929866
20590109	27.930507
20591313	27.940143
20592914	27.972673
20592999	27.973097
20593566	28.066764
20595590	28.090899
20596148	28.091247
20597131	28.097521
20597805	28.097796
20598402	28.104513
20600740	28.150800
20600981	28.152738
20602845	28.153986
20603703	28.195363
20605418	28.196511
20606436	28.196579
20607108	28.196599
20607149	28.196599
20607580	28.196599
20611079	28.196601
20621530	28.205214
20626081	28.205427
20640168	28.205703
20682687	28.205954
20682826	28.205954
20700551	28.205954
20703131	28.205954
20709675	28.206076
20710432	28.206249
20716661	28.206529
20727315	28.206529
20757148	28.206529
20766019	28.206529
20786035	28.206530
20787792	28.206758
20802541	28.214487
20811936	28.222523
20816535	28.222538
20842911	28.226580
20858081	28.226624
20915616	28.240382
20971437	28.242932
21013311	28.244313
21025607	28.244387
21047376	28.245568
21055235	28.250223
21055931	28.250223
21058049	28.250224
21074534	28.250245
21088805	28.303452
21092087	28.306900
21094604	28.307555
21101795	28.308089
21102102	28.308095
21124398	28.310453
21148027	28.310727
21152219	28.310751
21178940	28.325122
21195029	28.325215
21366911	28.325235
21368992	28.328508
21373162	28.331733
21388086	28.333145
21480276	28.333145
21551802	28.333145
21615092	28.341282
21666806	28.347075
21669219	28.347242
21676555	28.348674
21678104	28.351639
21678184	28.353284
21695516	28.353375
21703506	28.353516
21710845	28.353925
21719915	28.406229
21721236	28.409686
21722184	28.421733
21736628	28.421733
21744101	28.421733
21744803	28.421733
21745943	28.421733
21749532	28.421734
21750918	28.421747
21754465	28.421820
21755005	28.421824
21755832	28.421850
21757771	28.422076
21763759	28.483495
21764098	28.487274
21767003	28.487922
21769122	28.498866
21772044	28.500619
21775934	28.501205
21777481	28.501266
21785748	28.501346
21785812	28.501346
21806081	28.501355
21816666	28.501359
21818527	28.501359
21823515	28.501359
21825855	28.501368
21827406	28.501368
21831241	28.501368
21841466	28.501368
21866720	28.501368
21883785	28.501368
21897512	28.508925
21905040	28.511436
21908158	28.511514
21924324	28.512630
21924439	28.534605
21925048	28.535282
21926306	28.540718
21929080	28.545897
21929263	28.546209
21932572	28.551345
21936458	28.595984
21939190	28.600224
21945025	28.602593
21946503	28.604231
21947049	28.633038
21953571	28.640266
21954336	28.640664
21954709	28.640665
21955765	28.640928
21956454	28.641954
21957368	28.648704
21959942	28.648754
21966514	28.648883
21984738	28.648912
21985112	28.648917
21989634	28.649450
21990866	28.650734
21999128	28.650823
21999405	28.650871
21999569	28.650945
22001749	28.660106
22009926	28.661371
22012734	28.661979
22015035	28.665544
22015619	28.670059
22017851	28.723432
22017949	28.724184
22018607	28.725485
22020162	28.726269
22022304	28.726517
22024774	28.726517
22025452	28.727489
22026836	28.734037
22027788	28.734420
22032916	28.744242
22034074	28.760111
22034632	28.792712
22035253	28.802244
22035651	28.818092
22040942	28.830670
22043052	28.831912
22045474	28.832093
22051151	28.832632
22052370	28.838808
22054694	28.850191
22055347	28.850353
22055899	28.855166
22059609	28.858101
22063579	28.882773
22063757	28.882773
22072441	28.886841
22074414	28.886864
22075602	28.886894
22086109	28.889424
22089344	28.889583
22090847	28.889733
22094951	28.891223
22096587	28.895355
22098038	28.895386
22100262	28.896580
22102202	28.923170
22104857	29.002196
22104947	29.040710
22105162	29.040968
22110737	29.042046
22111917	29.042111
22114863	29.042899
22116555	29.042937
22118682	29.042974
22118760	29.042992
22120453	29.101246
22124237	29.137974
22128121	29.141535
22128312	29.144170
22128886	29.214515
22128888	29.214515
22128974	29.214774
22129564	29.220708
22129851	29.264294
22129934	29.264294
22130062	29.264294
22130259	29.267279
22130292	29.283847
22132121	29.324330
22132605	29.326066
22137307	29.326287
22137941	29.326287
22138082	29.326287
22140040	29.326290
22142875	29.326305
22143369	29.327718
22144285	29.402784
22144714	29.411451
22144828	29.419349
22149119	29.428825
22149488	29.429288
22150696	29.429299
22152576	29.429299
22154428	29.429299
22161778	29.429625
22171388	29.429659
22172192	29.440048
22176985	29.440064
22179150	29.440069
22181718	29.441122
22182400	29.454121
22183001	29.454367
22189268	29.454763
22189413	29.454883
22192531	29.488471
22196277	29.500450
22197398	29.512307
22199130	29.512609
22199742	29.519564
22199856	29.520151
22199951	29.520902
22199985	29.521759
22201378	29.544018
22202762	29.545221
22203010	29.545231
22209736	29.545232
22210217	29.545232
22211411	29.557378
22211833	29.558413
22212677	29.559283
22215539	29.559283
22218695	29.559283
22221440	29.559283
22244729	29.559283
22245604	29.559283
22248773	29.559283
22252929	29.563435
22255350	29.568517
22256524	29.576165
22257913	29.576169
22260587	29.576576
22266889	29.578509
22270704	29.592693
22271417	29.713933
22271917	29.725816
22271936	29.726442
22272415	29.794622
22273489	29.841600
22276293	29.841618
22277236	29.841618
22284084	29.841618
22284439	29.841618
22284582	29.841618
22285610	29.841627
22286226	29.841634
22287414	29.841646
22291371	29.841829
22292091	29.842513
22292987	29.882208
22293191	29.883320
22293331	29.908221
22293877	29.958931
22293998	29.959020
22294291	29.968556
22294396	29.970047
22294734	29.989592
22294920	29.989630
22295141	30.039987
22295397	30.051081
22295726	30.051081
22297305	30.051999
22297386	30.055317
22297788	30.056200
22297803	30.061304
22298512	30.067838
22299406	30.068907
22299462	30.068907
22301203	30.069034
22303485	30.069125
22303581	30.069719
22304886	30.098015
22312938	30.104693
22319538	30.105132
22321259	30.123964
22322572	30.124389
22322843	30.128569
22325480	30.128604
22330397	30.128604
22332946	30.128614
22338892	30.128675
22339645	30.130454
22340002	30.130459
22340106	30.130465
22346109	30.137423
22349075	30.138759
22353019	30.147167
22354411	30.176844
22355387	30.179040
22355835	30.179059
22357063	30.190188
22358496	30.190250
22367756	30.190259
22369409	30.190259
22371084	30.190261
22375682	30.190268
22376566	30.196738
22377851	30.196740
22378432	30.196793
22379232	30.219446
22379327	30.219979
22379599	30.223583
22379712	30.238655
22381244	30.243176
22384065	30.243432
22384182	30.243773
22385508	30.245279
22387707	30.247228
22397080	30.258558
22400964	30.259484
22419940	30.260550
22424561	30.260615
22428482	30.263812
22428613	30.264335
22453879	30.264339
22457443	30.274500
22459786	30.275199
22465396	30.275222
22466506	30.275239
22470617	30.275845
22470827	30.276259
22472958	30.353103
22474188	30.360315
22476945	30.375872
22479047	30.376957
22484357	30.377669
22486072	30.377719
22487537	30.378736
22490071	30.382317
22492264	30.382420
22493283	30.385507
22493569	30.385772
22507121	30.387309
22512195	30.387604
22520453	30.387659
22524609	30.398215
22526628	30.398353
22529654	30.398353
22535305	30.403942
22538447	30.406519
22555626	30.408238
22557936	30.408766
22559219	30.410112
22562279	30.410219
22564052	30.410219
22565215	30.410219
22587215	30.420607
22588914	30.420798
22606175	30.425023
22613258	30.425881
22618193	30.434056
22618592	30.468317
22620976	30.472266
22625508	30.472266
22629269	30.472607
22634057	30.472656
22637262	30.472665
22638701	30.472666
22641513	30.477616
22653894	30.477616
22654066	30.477669
22666023	30.484430
22666244	30.484649
22674023	30.529961
22674443	30.530136
22676295	30.530171
22697244	30.533100
22703685	30.536312
22708590	30.542027
22708851	30.542476
22708877	30.542487
22709283	30.542949
22716944	30.583260
22719025	30.609468
22719185	30.610144
22719306	30.610213
22719600	30.610338
22725301	30.614083
22726155	30.622983
22729495	30.623030
22730582	30.624120
22731262	30.625710
22731469	30.650270
22731798	30.664529
22732073	30.664529
22732314	30.664529
22732948	30.664529
22736647	30.664529
22737272	30.664529
22737995	30.669452
22739922	30.669566
22740401	30.669566
22742171	30.669568
22742574	30.669568
22743228	30.745778
22743343	30.808484
22743656	30.897505
22743975	30.955994
22744257	30.976311
22745346	30.988605
22745950	30.988605
22747782	30.988605
22748477	30.988612
22748604	30.988612
22748637	30.988650
22755693	30.990088
22759036	30.991232
22766352	30.995753
22766437	30.995897
22768026	31.012705
22768435	31.012724
22768897	31.012751
22772405	31.012752
22776025	31.012752
22776845	31.012752
22777067	31.012752
22779827	31.012754
22781258	31.012755
22782701	31.012758
22782720	31.021295
22782732	31.032516
22783263	31.243837
22784409	31.435276
22784484	31.435286
22785014	31.435327
22787960	31.435327
22788347	31.435327
22788480	31.435327
22788601	31.435329
22789547	31.435350
22789959	31.435353
22790691	31.435358
22793947	31.435391
22795672	31.435436
22796020	31.435449
22803694	31.435570
22805205	31.435584
22809098	31.436428
22809961	31.437306
22810211	31.455350
22810351	31.473120
22810869	31.473647
22814397	31.483071
22816929	31.483463
22817136	31.483490
22825037	31.483511
22825746	31.483529
22826232	31.487712
22826815	31.487763
22826997	31.487763
22827547	31.487771
22828967	31.487796
22829795	31.487803
22830149	31.487835
22831122	31.488042
22831474	31.489669
22831992	31.563412
22832459	31.571357
22833242	31.598186
22834029	31.598305
22834116	31.617929
22835749	31.645799
22835975	31.645807
22836638	31.645818
22837945	31.645848
22839371	31.645870
22839440	31.645872
22839581	31.645873
22840022	31.646491
22843017	31.663580
22844151	31.694427
22847577	31.694874
22848119	31.694874
22853754	31.694874
22854121	31.694874
22857405	31.694874
22857962	31.694874
22858324	31.694880
22858488	31.694883
22859086	31.694898
22860239	31.694931
22864785	31.694950
22866060	31.694957
22867039	31.694957
22870434	31.694961
22871443	31.694963
22873855	31.694974
22875555	31.694984
22875776	31.694988
22876077	31.704206
22877336	31.878595
22877449	31.898156
22877546	31.932565
22877973	31.940397
22878022	31.941750
22878046	31.942049
22878351	31.951258
22878746	31.968191
22879378	31.996360
22879601	32.013416
22880048	32.139000
22880579	32.672024
22880602	32.674376
22880682	32.721438
22881008	32.747971
22881865	32.795083
22882476	32.797980
22882875	32.798438
22883072	32.798447
22884971	32.798460
22888121	32.798478
22889044	32.819648
22889835	32.819650
22890680	32.819650
22891157	32.819650
22892274	32.819650
22894972	32.819650
22895136	32.819719
22895470	32.819801
22895699	32.819959
22896958	32.820610
22897900	32.820981
22902117	32.828796
22904052	32.832235
22904347	32.835066
22905646	32.835066
22906141	32.835104
22906905	32.835256
22907651	32.835768
22908678	32.838099
22909688	32.839554
22911809	32.844295
22911964	32.868635
22912634	32.888087
22912747	32.888644
22913514	32.900958
22914559	32.951153
22916116	32.965669
22920156	32.971593
22922271	32.971827
22929259	32.971977
22941379	32.972535
22942803	32.972589
22948368	32.972663
22948660	32.973781
22950957	32.976098
22951427	33.009836
22951650	33.010061
22955221	33.014698
22956090	33.018103
22957684	33.031797
22960083	33.102584
22960154	33.102764
22960192	33.103245
22962555	33.182701
22962566	33.182868
22962922	33.185033
22964342	33.187970
22964892	33.192439
22966229	33.193522
22966473	33.193636
22966589	33.193667
22967156	33.193798
22968194	33.224856
22968371	33.237992
22968455	33.240152
22968524	33.240306
22968739	33.240479
22969676	33.240712
22973201	33.260745
22974889	33.261611
22975214	33.261667
22975237	33.261669
22977477	33.261682
22978785	33.262203
22978870	33.262448
22980896	33.272374
22981132	33.278259
22981146	33.278396
22982292	33.300334
22983294	33.300597
22984067	33.300656
22989661	33.300889
22992008	33.302998
22994902	33.627033
22996268	33.644435
22996636	33.646686
22997430	33.648540
23001131	33.652501
23001200	33.652513
23003732	33.652513
23007073	33.652513
23007356	33.652513
23007549	33.652513
23009214	33.652513
23009338	33.652513
23015022	33.652513
23017868	33.652513
23020183	33.652513
23021506	33.652513
23021540	33.652513
23023802	33.674817
23030977	33.675351
23031401	33.679261
23031501	33.693328
23035783	33.698046
23043246	33.698322
23043763	33.698371
23045785	33.698431
23052476	33.698893
23052684	33.698893
23055249	33.698979
23057137	33.699040
23075539	33.700184
23077050	33.720673
23079820	33.720845
23085456	33.728706
23090070	33.744117
23094042	33.744785
23095151	33.745424
23096244	33.745494
23100271	33.745570
23103076	33.745571
23108631	33.749820
23112400	33.757964
23112483	33.760758
23114740	33.760830
23115781	33.761293
23117238	33.764784
23117834	33.809569
23122558	33.828229
23123145	33.828962
23123559	33.829146
23127221	33.831766
23130135	33.832918
23131998	33.832918
23132660	33.832918
23134629	33.832918
23136419	33.832918
23136580	33.832918
23136595	33.832918
23136938	33.832934
23137016	33.832958
23137344	33.836526
23138053	33.846516
23138230	33.857023
23138819	33.983468
23139084	33.985284
23139959	33.985290
23142051	33.985290
23146420	33.985290
23147212	33.985290
23147412	33.985290
23152808	33.985290
23155413	33.985290
23155676	33.985304
23157190	33.985697
23165290	33.998813
23167241	33.998898
23170556	33.999729
23178035	33.999764
23186024	33.999979
23190992	34.004595
23194225	34.004766
23194525	34.004840
23195644	34.005731
23203418	34.029608
23204452	34.041024
23207305	34.043984
23207975	34.046562
23210392	34.064782
23212192	34.068079
23215291	34.068209
23216929	34.068209
23217133	34.068209
23217593	34.068209
23217761	34.068209
23218935	34.068209
23223014	34.073610
23223660	34.082147
23225374	34.082237
23231767	34.083354
23233676	34.085044
23234162	34.087524
23235834	34.120406
23235978	34.120771
23237048	34.174309
23237135	34.174325
23237298	34.174352
23238623	34.174424
23244852	34.174570
23248274	34.174860
23250677	34.176789
23252005	34.177032
23267783	34.178008
23268123	34.178016
23268701	34.178221
23269112	34.178571
23269737	34.179221
23271214	34.183365
23273439	34.213906
23276803	34.220383
23277629	34.220767
23280895	34.224879
23281291	34.241257
23281363	34.241714
23281680	34.310251
23282093	34.323461
23283372	34.329331
23283410	34.329377
23285507	34.329608
23285528	34.329608
23286674	34.329608
23288726	34.333848
23289682	34.342460
23292088	34.347907
23293652	34.351219
23294215	34.355930
23295239	34.360557
23304504	34.360557
23305841	34.360557
23306428	34.360557
23309230	34.360594
23309559	34.360754
23310842	34.361033
23312800	34.362396
23312907	34.367416
23313837	34.379596
23315721	34.379681
23321947	34.382750
23322090	34.405993
23323309	34.418061
23324482	34.418105
23330837	34.420543
23331673	34.422838
23335536	34.436257
23345843	34.440887
23347373	34.446930
23352568	34.454148
23352590	34.454149
23353905	34.454153
23354308	34.454187
23354998	34.454381
23355688	34.455598
23356765	34.486661
23356860	34.486661
23357080	34.486661
23357418	34.486661
23358344	34.497290
23362152	34.503001
23365076	34.509753
23365281	34.510531
23365485	34.510991
23366278	34.538342
23370108	34.583253
23370514	34.584010
23370553	34.586453
23370554	34.588237
23371047	34.648494
23371386	34.696497
23371653	34.732439
23371975	34.733685
23372441	34.734078
23373091	34.734108
23374878	34.752084
23376106	34.752310
23376245	34.752589
23377491	34.755203
23377804	34.756625
23379294	34.812979
23380097	34.822540
23380520	34.823309
23381256	34.823851
23383306	34.825771
23385733	34.829208
23387025	34.831688
23389761	34.858860
23390880	34.859472
23394568	34.870284
23407221	34.872368
23407657	34.872368
23409755	34.878176
23411544	34.878177
23416808	34.878177
23421340	34.879970
23422570	34.883495
23431718	34.883829
23431801	34.883850
23433766	34.900368
23444661	34.903245
23445614	34.903360
23462668	34.905043
23470063	34.905043
23470285	34.905043
23481448	34.905043
23490222	34.905043
23507347	34.905043
23515102	34.905043
23517384	34.911454
23519974	34.916612
23523296	34.916648
23535106	34.916718
23548414	34.917137
23555112	34.917137
23555589	34.917138
23573570	34.917379
23573850	34.918932
23575002	34.929743
23575351	34.943784
23576904	34.989638
23578366	34.998180
23580694	35.000641
23586198	35.000844
23590739	35.017291
23592000	35.017372
23592531	35.017373
23595749	35.017374
23597655	35.019561
23597674	35.019570
23597730	35.019570
23598357	35.021454
23598781	35.021957
23602031	35.022626
23604539	35.022626
23606743	35.022626
23607339	35.022626
23613322	35.022626
23617094	35.022626
23618999	35.022626
23621377	35.022626
23622962	35.022670
23625682	35.022710
23628233	35.022710
23636757	35.043223
23641321	35.045648
23643311	35.045710
23643585	35.045715
23644227	35.055547
23644329	35.055582
23645742	35.060443
23645797	35.066403
23646294	35.068108
23654011	35.068111
23655367	35.073054
23657120	35.086397
23657473	35.086423
23657519	35.088681
23657586	35.113143
23657595	35.113827
23658174	35.113870
23658775	35.113870
23668070	35.113870
23674048	35.113870
23681521	35.113870
23685690	35.113870
23687058	35.113870
23688752	35.126959
23689710	35.146832
23701696	35.154281
23705144	35.155738
23707113	35.155738
23708382	35.159863
23711519	35.159863
23711551	35.159863
23716942	35.163676
23720123	35.163676
23722496	35.163676
23724329	35.163676
23724862	35.163676
23725328	35.163676
23726987	35.166632
23728943	35.166632
23730168	35.166633
23730272	35.166633
23730384	35.166722
23732535	35.285040
23732704	35.286407
23733663	35.286449
23735335	35.286459
23738748	35.286466
23738812	35.286557
23739122	35.286598
23739257	35.286625
23739894	35.287166
23740367	35.289492
23740382	35.289493
23746642	35.290565
23749431	35.305665
23752196	35.306138
23755053	35.306323
23762571	35.306323
23765747	35.306323
23766677	35.306676
23772683	35.314005
23773407	35.318296
23773609	35.318301
23774784	35.342272
23775071	35.342852
23776459	35.385820
23778315	35.397309
23779117	35.399547
23779370	35.399888
23779434	35.399913
23780862	35.400239
23781355	35.400255
23782419	35.400614
23783194	35.401529
23783585	35.401590
23786482	35.524087
23786550	35.524425
23787374	35.535098
23788465	35.535835
23791951	35.535953
23792389	35.536013
23793036	35.536359
23793935	35.538125
23795572	35.556273
23796135	35.609437
23797290	35.611114
23797498	35.611116
23797543	35.611116
23799707	35.611529
23800951	35.611545
23801780	35.611550
23805875	35.611756
23806780	35.612268
23807182	35.612881
23807769	35.613770
23808120	35.615409
23811835	35.652644
23811948	35.652901
23815037	35.653294
23817681	35.673759
23823382	35.674485
23828125	35.674521
23828679	35.674522
23832676	35.674522
23844880	35.674592
23889943	35.694519
23899206	35.695916
23901397	35.695917
23914753	35.698553
23915935	35.702063
23944526	35.702063
23945184	35.702063
23980213	35.702063
23980899	35.702336
23981203	35.702638
23989292	35.732094
23994264	35.732316
23996317	35.732448
23998048	35.732922
24005368	35.736786
24017099	35.764116
24018959	35.764651
24023601	35.774572
24027891	35.839841
24028317	35.844680
24028646	35.845739
24055857	35.848775
24056640	35.850070
24065899	35.853571
24066993	35.853742
24077565	35.854279
24084959	35.858727
24086529	35.859010
24133130	35.861821
24140234	35.862097
24141918	35.879125
24167568	35.880119
24190892	35.880119
24195893	35.880119
24201921	35.880119
24215242	35.880119
24215372	35.880119
24216257	35.880119
24217199	35.880119
24235758	35.880119
24236394	35.880150
24238018	35.880283
24239951	35.920481
24240670	35.923930
24241961	35.925485
24242383	35.925620
24242818	35.925623
24247832	35.925623
24255525	35.925623
24257194	35.925660
24258725	35.926183
24259258	35.927261
24259317	35.927749
24259854	35.946397
24260750	35.967977
24260917	35.968109
24261377	35.968160
24261968	35.968160
24267943	35.968160
24269395	35.968160
24275270	35.969210
24277091	35.973042
24277887	36.011062
24279960	36.022759
24280586	36.032691
24281173	36.035001
24285345	36.040383
24297129	36.040694
24297391	36.040762
24298542	36.040899
24305427	36.040938
24318505	36.040973
24331694	36.042990
24343689	36.046869
24386738	36.098775
24393997	36.100905
24425030	36.104545
24432569	36.104578
24434939	36.104673
24439111	36.105202
24449530	36.109092
24450713	36.109313
24451605	36.127383
24454645	36.164524
24454822	36.165167
24456308	36.165321
24458545	36.171172
24459334	36.194181
24464771	36.194561
24465288	36.219060
24479549	36.220054
24488136	36.226734
24490943	36.226735
24493828	36.226794
24495079	36.226815
24503772	36.226816
24504655	36.226816
24509624	36.226816
24517730	36.226821
24519844	36.226823
24520088	36.226824
24520789	36.226854
24521221	36.266660
24523714	36.282230
24526011	36.282287
24537963	36.282305
24543317	36.282305
24550436	36.282305
24552241	36.282768
24553873	36.282781
24556734	36.283242
24559474	36.285957
24560153	36.325613
24560189	36.326169
24560434	36.347196
24560686	36.347331
24562629	36.370132
24568204	36.373107
24576464	36.374200
24576650	36.374213
24577630	36.374214
24579832	36.374214
24589042	36.384307
24597366	36.384796
24598253	36.384831
24619574	36.385098
24620436	36.385101
24622679	36.386516
24623995	36.399823
24625842	36.403905
24650150	36.405502
24698569	36.410181
24720741	36.417970
24724062	36.417971
24729032	36.417980
24746207	36.417985
24746747	36.417997
24748534	36.418000
24826582	36.418000
24845585	36.418000
24855605	36.418000
24920416	36.418001
24963856	36.418027
24968651	36.418201
24975224	36.418836
24979019	36.419574
24982725	36.421741
24987993	36.434145
24993257	36.435748
24996667	36.445896
24997916	36.473785
25004269	36.541079
25007842	36.543653
25012697	36.544411
25018581	36.572367
25020039	36.574741
25037768	36.582309
25045355	36.585652
25049314	36.586284
25049713	36.586284
25052178	36.586285
25061615	36.586285
25070803	36.586286
25071113	36.586286
25077087	36.586286
25083831	36.586286
25124118	36.586552
25144760	36.595140
25146076	36.603431
25148479	36.603578
25155886	36.622134
25158520	36.646528
25163348	36.658633
25163386	36.658633
25170576	36.658641
25173731	36.658768
25183384	36.659022
25183802	36.660215
25213394	36.665594
25215805	36.666192
25245540	36.698222
25250397	36.700066
25265855	36.700343
25278012	36.701359
25283050	36.701360
25285105	36.708669
25287353	36.708672
25355913	36.709197
25357364	36.709203
25456655	36.712590
25514391	36.713661
25534014	36.714015
25553061	36.714544
25553597	36.742050
25592930	36.743142
25610129	36.743689
25611986	36.743703
25618180	36.754697
25625537	36.754750
25653259	36.760420
25655980	36.776014
25658007	36.776428
25659041	36.776579
25676285	36.784669
25677535	36.788450
25678603	36.788450
25683197	36.790248
25684605	36.792182
25687097	36.793781
25697836	36.794535
25699814	36.797018
25701549	36.812523
25709773	36.818692
25718363	36.819144
25718408	36.822616
25728310	36.824422
25738489	36.824536
25743969	36.825419
25746884	36.827497
25753769	36.828654
25754062	36.830877
25754188	36.833620
25755136	36.973231
25755380	36.974268
25755666	36.974733
25755721	36.974769
25756665	36.974837
25758106	36.975222
25758522	36.982230
25759394	36.982463
25760811	36.983106
25765290	36.983106
25782082	36.983133
25796011	36.983246
25815190	37.012782
25820302	37.014478
25821937	37.014500
25847501	37.017307
25847637	37.017311
25853426	37.017323
25859417	37.017326
25869303	37.017341
25872739	37.017341
25887314	37.017345
25902721	37.017362
25905825	37.017387
25908778	37.017441
25911055	37.017609
25925387	37.021180
25929550	37.025353
25930888	37.033938
25943617	37.036710
25949175	37.036942
25958687	37.038409
25959798	37.055236
25962086	37.058290
25963713	37.058368
25966079	37.059047
25974872	37.073216
25977333	37.074330
25984259	37.074709
25984543	37.074725
26009854	37.074956
26039369	37.076370
26047353	37.076371
26052696	37.076389
26060119	37.076444
26060506	37.076569
26061645	37.079435
26064559	37.092034
26069154	37.099820
26071424	37.208215
26071536	37.210595
26071801	37.212658
26071842	37.212750
26072220	37.233210
26088764	37.238842
26091056	37.238845
26091152	37.239768
26097124	37.239948
26102823	37.240321
26108503	37.240398
26112233	37.246064
26139103	37.256348
26168931	37.256511
26170639	37.256511
26179006	37.256924
26199658	37.258932
26227991	37.259303
26326250	37.262004
26344873	37.264761
26351782	37.267884
26447671	37.268292
26591707	37.275778
26596104	37.275826
26599893	37.276432
26603477	37.276432
26642502	37.290816
26660642	37.292809
26671296	37.292810
26676923	37.292811
26690064	37.292818
26700536	37.292855
26704238	37.297146
26706894	37.305582
26707313	37.330330
26717562	37.330399
26776271	37.336592
26776759	37.336605
26776907	37.346531
26779756	37.351967
26791248	37.352041
26796537	37.352096
26814675	37.352112
26818613	37.352114
26871956	37.352185
26899911	37.354941
26902276	37.361591
26902892	37.361603
26903579	37.371005
26917672	37.371295
26928233	37.372866
26930479	37.373089
26945580	37.383202
26954371	37.386292
26978921	37.393920
26987517	37.404411
27000465	37.408322
27013701	37.408456
27016792	37.408531
27041730	37.410442
27054979	37.410612
27057178	37.420251
27064198	37.420341
27069576	37.421018
27071399	37.422214
27077088	37.422889
27078239	37.423188
27078639	37.423193
27079087	37.423206
27085523	37.423728
27086817	37.424274
27086968	37.440716
27087321	37.485503
27087740	37.536875
27087793	37.541652
27089369	37.543101
27091461	37.543121
27096384	37.543121
27099697	37.543121
27103770	37.543121
27114257	37.543121
27123442	37.543725
27127767	37.543823
27128525	37.544775
27131064	37.552551
27146388	37.553476
27156360	37.554260
27230559	37.554820
27271629	37.554916
27283843	37.559858
27286662	37.564315
27292222	37.564315
27309261	37.564315
27337576	37.564315
27366984	37.564315
27406067	37.564328
27409551	37.564329
27433723	37.564365
27439792	37.564475
27440118	37.564991
27441710	37.578224
27441735	37.592166
27441825	37.595538
27442194	37.604173
27442348	37.634050
27442890	37.641223
27443328	37.643676
27444000	37.644467
27450145	37.645225
27453070	37.645239
27456137	37.645239
27464175	37.647750
27466221	37.647811
27482883	37.647906
27491675	37.647956
27537641	37.648137
27538114	37.648137
27545020	37.648141
27566229	37.648385
27580244	37.648649
27582572	37.657370
27591590	37.657540
27598972	37.665959
27623135	37.666416
27638706	37.666499
27642347	37.666506
27652528	37.666546
27653298	37.666546
27659341	37.666568
27681021	37.682240
27704560	37.683160
27706663	37.687012
27716603	37.688417
27738380	37.688417
27740457	37.688417
27742179	37.688996
27747928	37.694833
27749999	37.695014
27751899	37.695591
27765433	37.707383
27770498	37.745215
27770778	37.745912
27771276	37.746051
27775614	37.746616
27784132	37.753070
27785353	37.771607
27785875	37.772220
27796876	37.772588
27807586	37.772588
27812274	37.772588
27814872	37.772839
27821455	37.775752
27824798	37.786319
27826526	37.786330
27829491	37.798795
27829613	37.798796
27876644	37.802221
27891537	37.802832
27901289	37.807286
27909255	37.820055
27911415	37.820098
27919203	37.821068
27929888	37.825421
27934173	37.825422
27936589	37.840065
27950588	37.840068
27957747	37.840069
27981875	37.840072
27982414	37.840072
27991318	37.840363
27994159	37.840555
27999989	37.841682
28007100	37.846844
28010522	37.856563
28012663	37.892102
28014588	37.896584
28014899	37.946893
28015711	37.966674
28023259	37.970662
28033373	37.972170
28034774	37.972301
28045290	37.973144
28053137	37.973147
28064692	37.973148
28067121	37.973148
28068379	37.973148
28134379	37.973163
28141781	37.973164
28148322	37.973165
28158203	37.973172
28170903	37.973189
28195420	37.973287
28196103	37.973287
28256820	37.973939
28258204	37.974032
28276853	37.978708
28277538	37.981140
28279661	38.010415
28280808	38.010921
28281933	38.045559
28283711	38.051839
28284482	38.052180
28287196	38.052352
28291731	38.052544
28304797	38.052595
28309937	38.052604
28322069	38.054425
28328834	38.078071
28332618	38.078639
28339231	38.078866
28349396	38.092754
28373127	38.092867
28380540	38.097553
28387437	38.097696
28395762	38.098368
28406048	38.103389
28413935	38.104209
28414959	38.114796
28416497	38.117862
28427520	38.119768
28430061	38.120024
28438003	38.120024
28466752	38.123705
28481055	38.123705
28483592	38.124841
28488025	38.138160
28488809	38.138511
28500153	38.140539
28519333	38.140539
28525130	38.140539
28536994	38.140540
28540785	38.140573
28543460	38.140652
28544771	38.140786
28545303	38.142310
28546266	38.146796
28548624	38.188113
28560445	38.229709
28561562	38.230847
28561877	38.230900
28561905	38.230924
28562233	38.232911
28563180	38.236185
28569372	38.237869
28577048	38.266347
28584091	38.268263
28590019	38.268737
28594920	38.268738
28597494	38.275865
28603381	38.275866
28611696	38.275985
28612644	38.275991
28621960	38.275997
28626501	38.283937
28629514	38.283939
28638252	38.285156
28655844	38.292384
28658153	38.294208
28664578	38.294222
28665431	38.294463
28667381	38.297289
28669127	38.415043
28669834	38.415861
28674314	38.416499
28683540	38.416740
28692825	38.417071
28699359	38.417078
28706997	38.417078
28731637	38.417078
28744523	38.417078
28752568	38.437759
28753059	38.438546
28757606	38.438790
28798283	38.450309
28804924	38.450587
28821786	38.452149
28823039	38.457107
28824011	38.457107
28835087	38.457122
28858272	38.457513
28867836	38.459687
28868809	38.462531
28873690	38.510312
28879020	38.555631
28880697	38.560159
28881911	38.561235
28890509	38.561333
28900445	38.561337
28900695	38.561337
28904210	38.561337
28927893	38.561337
28976162	38.561337
28977469	38.561337
28979879	38.561337
28985753	38.574875
28991133	38.576627
28997534	38.577084
29019687	38.581999
29026413	38.581999
29040024	38.582415
29043487	38.590535
29046494	38.594976
29066499	38.595536
29070313	38.599756
29071792	38.599765
29089033	38.601520
29099044	38.609209
29115026	38.610471
29133671	38.610471
29140572	38.610471
29143137	38.610471
29149251	38.610471
29156662	38.610487
29169728	38.610493
29170921	38.610493
29181982	38.611414
29184256	38.613365
29190464	38.626942
29193605	38.627045
29195270	38.627235
29196480	38.644167
29197765	38.669587
29199291	38.671665
29200285	38.692649
29202916	38.728385
29203410	38.728963
29204217	38.738429
29205776	38.822533
29205850	38.823502
29207296	38.826151
29208540	38.826349
29210144	38.826407
29210515	38.826407
29212316	38.826408
29212469	38.826408
29227802	38.826408
29228459	38.826432
29230859	38.826607
29232825	38.827070
29235225	38.827415
29235239	38.827432
29237744	38.827696
29245797	38.829317
29252031	38.839887
29265672	38.847013
29265707	38.847031
29268981	38.848728
29270203	38.851235
29272868	38.852040
29287186	38.852048
29312863	38.852057
29319137	38.864120
29319164	38.864120
29321599	38.876618
29324924	38.876619
29326239	38.876620
29326677	38.876627
29327377	38.876643
29335280	38.923716
29335332	38.923786
29337523	38.923888
29340726	38.924675
29340922	38.951187
29341267	38.960325
29341272	38.960332
29341990	38.992388
29343835	38.994636
29347560	38.994656
29350703	38.994656
29356165	38.994657
29357055	38.994662
29358113	38.995213
29359814	38.996528
29362613	38.996536
29362947	38.996764
29373511	39.016937
29377598	39.017150
29387268	39.021544
29388662	39.021557
29397539	39.023944
29398319	39.026550
29399596	39.061881
29399618	39.062041
29401553	39.074666
29402185	39.083629
29417273	39.088352
29418117	39.088385
29424867	39.088727
29433011	39.089747
29447797	39.094433
29453929	39.094838
29464776	39.095274
29466736	39.098976
29467770	39.098976
29478414	39.099482
29480379	39.099491
29492262	39.099924
29492523	39.099928
29495550	39.118253
29500614	39.137082
29501552	39.155583
29506061	39.156164
29508403	39.156204
29511028	39.156204
29526598	39.160030
29529949	39.192341
29530312	39.193129
29531374	39.194723
29531482	39.194724
29533763	39.194761
29542582	39.195219
29544415	39.196778
29544831	39.196784
29547469	39.197086
29548842	39.197640
29551778	39.197686
29553069	39.197898
29553969	39.198510
29554964	39.200906
29555438	39.283814
29555702	39.295813
29555905	39.298506
29556534	39.303001
29568130	39.304128
29571373	39.304176
29572683	39.304228
29580652	39.304235
29584198	39.304241
29586663	39.304253
29586699	39.304266
29588251	39.548177
29588334	39.553202
29589366	39.572630
29589389	39.572860
29592915	39.584173
29593610	39.584178
29596089	39.584188
29597784	39.584191
29600021	39.584192
29601791	39.584192
29608306	39.584192
29610041	39.584192
29615578	39.585306
29629904	39.597711
29645910	39.597755
29648373	39.597756
29653286	39.597756
29655319	39.603660
29671702	39.603660
29674521	39.603660
29682450	39.609125
29683339	39.609449
29690502	39.609449
29695321	39.611143
29700655	39.611294
29702470	39.620344
29726142	39.622712
29728424	39.627493
29747948	39.627493
29751897	39.627517
29764878	39.627754
29769837	39.627757
29770148	39.627758
29770259	39.627763
29770771	39.627883
29773991	39.644764
29774377	39.673346
29778473	39.675715
29778895	39.675853
29787463	39.676183
29793931	39.676328
29795010	39.676342
29799493	39.676472
29799947	39.676488
29800180	39.676501
29821118	39.679790
29822386	39.680672
29830535	39.709937
29839285	39.713382
29851222	39.730397
29870196	39.733581
29873756	39.739313
29878761	39.739630
29884720	39.861786
29884989	39.873522
29885220	39.988358
29885378	40.016021
29885540	40.092260
29885865	40.121647
29888817	40.138569
29890469	40.138625
29891041	40.138636
29901916	40.138644
29902428	40.138644
29902958	40.138690
29912338	40.145621
29915033	40.171350
29915928	40.204076
29918239	40.204085
29922034	40.207900
29926385	40.224463
29929366	40.230281
29931603	40.230296
29941027	40.253671
29941380	40.253673
29977969	40.253872
29989803	40.253914
29998157	40.257203
30000527	40.280931
30000721	40.281008
30001285	40.304205
30003815	40.305201
30006287	40.305496
30006609	40.305497
30018561	40.312039
30021171	40.312393
30024021	40.313879
30037871	40.316089
30078958	40.327232
30088695	40.328853
30089434	40.328881
30090138	40.328881
30093242	40.330392
30101660	40.337790
30103686	40.366617
30119163	40.374654
30120652	40.375435
30121182	40.375436
30126693	40.377676
30135358	40.379141
30135584	40.379157
30135668	40.379161
30137310	40.380253
30140630	40.386871
30153264	40.387260
30168441	40.395011
30173382	40.395163
30184425	40.395164
30185662	40.395176
30204678	40.395210
30207019	40.395235
30218277	40.395388
30218541	40.395509
30219973	40.395509
30223575	40.395509
30227330	40.395589
30229428	40.400941
30232180	40.401000
30232209	40.401093
30232539	40.403631
30232759	40.406472
30234767	40.406814
30236259	40.406816
30236413	40.406816
30239382	40.406816
30245095	40.406816
30248502	40.406816
30254372	40.406816
30265458	40.406816
30269140	40.407056
30270215	40.407514
30270379	40.407890
30272785	40.458820
30274301	40.465596
30277464	40.468430
30283124	40.469534
30286014	40.469534
30286223	40.469534
30287751	40.469534
30296586	40.469534
30299796	40.469998
30300056	40.470137
30300314	40.472521
30300689	40.510063
30301164	40.548875
30302098	40.551388
30302588	40.551548
30303859	40.551576
30308866	40.556235
30310029	40.570376
30310675	40.584533
30310861	40.584553
30313232	40.588457
30318231	40.596378
30321210	40.630896
30328236	40.630900
30345614	40.630900
30360030	40.630900
30370695	40.630900
30382270	40.630900
30387258	40.630905
30387423	40.630905
30388784	40.630909
30399006	40.631390
30409490	40.633440
30423434	40.644248
30428692	40.687694
30430091	40.688778
30436547	40.690223
30439235	40.690223
30439456	40.690223
30439648	40.690223
30440208	40.690223
30441396	40.690223
30449149	40.690223
30449290	40.690223
30451656	40.690223
30453954	40.690223
30455358	40.690223
30457867	40.690223
30460854	40.690223
30462608	40.690223
30466889	40.690228
30469507	40.693220
30471894	40.728802
30474541	40.731111
30474810	40.736431
30477646	40.736782
30478600	40.737547
30483023	40.749072
30485294	40.801135
30488626	40.801796
30494857	40.801802
30495745	40.801802
30501837	40.802066
30502177	40.802270
30505443	40.811514
30507394	40.854476
30508188	40.857234
30512412	40.857829
30514747	40.857925
30515577	40.876051
30517429	40.877755
30527940	40.879949
30528313	40.879949
30535496	40.879949
30547360	40.879952
30547980	40.879986
30555504	40.894581
30555616	40.894587
30557812	40.908797
30559081	40.908867
30559729	40.911258
30560922	40.924418
30561254	40.924519
30569277	40.924806
30574808	40.924817
30579203	40.924817
30600881	40.924820
30604805	40.924821
30619708	40.924846
30620206	40.924901
30620486	40.924907
30622199	40.927016
30624109	40.944082
30625216	40.950233
30625978	40.962663
30629113	40.962696
30630606	40.962936
30632521	40.992536
30635408	40.997327
30635424	40.997328
30637417	41.010981
30641402	41.045326
30643058	41.049109
30655752	41.063127
30656143	41.063241
30668607	41.063714
30670451	41.063714
30686030	41.063714
30689767	41.063714
30695846	41.063714
30703511	41.063714
30712964	41.063714
30731025	41.063714
30733570	41.067217
30740537	41.067217
30742935	41.067218
30743607	41.072063
30744260	41.095050
30744288	41.095057
30749413	41.150140
30750144	41.190023
30769437	41.195624
30769660	41.195624
30821494	41.195910
30821923	41.195911
30823771	41.195912
30843563	41.195912
30858727	41.196012
30863419	41.196101
30871740	41.196342
30885286	41.198008
30889945	41.199619
30890728	41.200318
30895515	41.200322
30905240	41.200342
30910185	41.214967
30910393	41.214984
30912279	41.216776
30914639	41.278102
30916473	41.280993
30916974	41.281208
30921006	41.281300
30921349	41.284938
30921534	41.285064
30923835	41.292113
30928518	41.311566
30930140	41.314209
30935921	41.314372
30935997	41.323349
30936545	41.345306
30941611	41.352433
30943025	41.352568
30944635	41.354116
30951527	41.354369
30952856	41.354385
30958125	41.367954
30960187	41.367954
30960531	41.373066
30961491	41.422635
30962552	41.434163
30962864	41.434355
30962962	41.434379
30962989	41.434420
30966920	41.434721
30967225	41.434788
30972132	41.434817
30975253	41.442733
30976020	41.442929
30976229	41.443187
30977880	41.446336
30988534	41.446339
30989219	41.446339
30993398	41.446476
30994176	41.453905
30994464	41.453914
31000481	41.455541
31001133	41.466458
31002585	41.466850
31015020	41.469436
31015382	41.470364
31019525	41.470578
31031282	41.479927
31032280	41.479978
31034233	41.479979
31038976	41.479980
31042695	41.480052
31043040	41.480070
31051892	41.486509
31053164	41.494334
31056153	41.551152
31057854	41.556861
31059886	41.567931
31066261	41.567932
31066374	41.567932
31067320	41.570627
31070776	41.603476
31072328	41.604367
31077278	41.605529
31077874	41.605734
31083337	41.618291
31084834	41.619560
31097877	41.620481
31099756	41.631049
31114064	41.632059
31120472	41.632159
31127304	41.636854
31129560	41.638914
31132130	41.638967
31132806	41.639194
31151525	41.639234
31166446	41.639361
31171612	41.642230
31172762	41.642230
31177004	41.647026
31179537	41.721722
31180087	41.723074
31181400	41.723551
31181422	41.723554
31181850	41.724831
31184930	41.725363
31187669	41.729410
31191152	41.756208
31191297	41.778353
31191859	41.801573
31192512	41.862523
31192589	41.863607
31192608	41.863622
31193103	41.863662
31193611	41.863665
31194018	41.863670
31196556	41.863671
31197311	41.863671
31199311	41.863671
31200091	41.863671
31200264	41.863859
31200627	41.863861
31201077	41.864209
31204692	41.873686
31206567	41.882466
31207643	41.883714
31208348	41.887011
31210102	41.900429
31210293	41.900958
31210848	41.901302
31212750	41.901964
31213054	41.907622
31213555	41.907622
31215652	41.907646
31216159	41.907655
31217880	41.908321
31218789	41.909897
31219316	41.912732
31219645	41.945111
31219752	41.945115
31220039	41.945610
31220258	41.952828
31221915	42.161025
31221975	42.162202
31222068	42.162209
31222683	42.162229
31223821	42.162256
31228131	42.162697
31228140	42.162700
31228949	42.162757
31229465	42.162872
31231686	42.165862
31233039	42.184002
31233177	42.239973
31233960	42.252882
31236885	42.258773
31237826	42.259524
31239667	42.262362
31239780	42.265210
31240533	42.299036
31241120	42.358085
31241415	42.376896
31241502	42.398517
31241553	42.407496
31241592	42.482805
31242091	42.607368
31242764	42.618298
31242820	42.618338
31243415	42.621946
31244247	42.625171
31244598	42.625211
31244989	42.625230
31245500	42.625246
31245531	42.625246
31246964	42.625246
31251099	42.625246
31252914	42.626153
31254884	42.640827
31259034	42.648941
31259211	42.649188
31259258	42.649200
31261691	42.649200
31262880	42.649200
31263675	42.649200
31263704	42.649200
31264144	42.649200
31264252	42.649200
31268291	42.649200
31271100	42.649200
31271504	42.649200
31272449	42.649207
31276645	42.649290
31277489	42.649351
31284740	42.650569
31285752	42.651194
31286834	42.674892
31288530	42.675940
31288842	42.676055
31291778	42.698205
31292705	42.699411
31297413	42.699418
31297903	42.699424
31299540	42.699424
31300933	42.699425
31302257	42.709809
31303977	42.709822
31307569	42.752338
31308480	42.755594
31313702	42.755665
31315491	42.756622
31316581	42.757038
31318293	42.757230
31323143	42.757814
31324628	42.775994
31326176	42.776181
31328206	42.782986
31328224	42.783001
31329800	42.801599
31330184	42.802278
31330549	42.821144
31331726	42.845207
31331905	42.845211
31332214	42.851142
31336425	42.855628
31336585	42.855628
31336668	42.855628
31342922	42.856291
31344278	42.856314
31358364	42.859871
31358799	42.860801
31361442	42.861769
31362634	42.868271
31363498	42.868892
31363920	42.869104
31366057	42.869826
31367442	42.872229
31367872	42.879391
31368224	42.905738
31369635	42.912679
31370747	42.940827
31370872	42.947190
31372080	42.991298
31376582	42.991303
31376689	42.991304
31379073	42.991365
31379385	42.992546
31380119	43.014087
31380474	43.015431
31392335	43.015608
31396072	43.016075
31396933	43.016090
31397251	43.016106
31397332	43.016164
31397496	43.019175
31398229	43.022897
31399345	43.099572
31401407	43.108077
31401423	43.108084
31402802	43.108265
31403017	43.108391
31403045	43.108419
31403246	43.109020
31403428	43.110657
31404302	43.189532
31404804	43.189649
31405227	43.189662
31405289	43.189663
31405978	43.189663
31407733	43.189663
31409121	43.189663
31411315	43.189665
31412507	43.189666
31412978	43.189708
31419688	43.191037
31420305	43.191090
31421964	43.192764
31422046	43.194303
31428686	43.195662
31429579	43.197175
31431091	43.244252
31439635	43.258724
31442853	43.259028
31444094	43.259036
31445754	43.260081
31446996	43.260494
31466979	43.278609
31468359	43.278671
31471549	43.278764
31475000	43.283789
31475979	43.313641
31477036	43.315180
31478233	43.315215
31478309	43.315215
31483346	43.315887
31489697	43.319384
31492486	43.329693
31494250	43.329736
31497053	43.330405
31497231	43.332502
31499268	43.336081
31502048	43.337033
31504236	43.340468
31510711	43.385306
31511422	43.385463
31512725	43.385540
31516070	43.385579
31516143	43.385579
31518289	43.386186
31522650	43.386283
31525248	43.405958
31536428	43.406207
31542367	43.407071
31546147	43.407177
31553263	43.409571
31562014	43.410191
31571097	43.410371
31588262	43.413524
31590358	43.426378
31592958	43.426856
31603552	43.427933
31613986	43.427933
31615975	43.427933
31646698	43.435262
31657979	43.435262
31659930	43.441015
31663253	43.441015
31678775	43.441015
31683382	43.441015
31693059	43.441015
31696877	43.441015
31713979	43.441016
31724129	43.441016
31724495	43.441016
31725402	43.447389
31725523	43.476962
31725939	43.479885
31727891	43.480715
31728828	43.488317
31728877	43.488317
31734752	43.488327
31735504	43.493134
31735703	43.493134
31735880	43.493134
31737741	43.493137
31748528	43.493158
31748784	43.500723
31748842	43.501303
31749248	43.517811
31749981	43.522114
31750433	43.522665
31750822	43.522792
31754122	43.522920
31769502	43.522940
31770755	43.522940
31775603	43.522940
31813915	43.522940
31820976	43.523151
31830183	43.526599
31830201	43.526599
31831213	43.526599
31831638	43.526603
31831710	43.528535
31831872	43.541763
31831883	43.541764
31832074	43.556734
31832149	43.556740
31833493	43.571871
31850461	43.573438
31850516	43.573621
31850546	43.581218
31854777	43.588501
31859122	43.588501
31859813	43.588501
31860687	43.588577
31861135	43.595897
31861280	43.596048
31863890	43.611339
31868925	43.611445
31869661	43.619028
31870967	43.624675
31872857	43.624678
31875190	43.624678
31878291	43.624678
31887398	43.625842
31888138	43.625972
31888918	43.626198
31890668	43.640732
31890721	43.640801
31894666	43.641791
31901362	43.641791
31902943	43.641791
31904738	43.641791
31905829	43.641791
31906442	43.641791
31908378	43.646621
31909054	43.646621
31912708	43.670614
31913688	43.676848
31914048	43.701046
31917836	43.720222
31919466	43.722132
31931030	43.722188
31931416	43.722213
31933335	43.722215
31934386	43.733759
31934546	43.733759
31938022	43.736201
31947475	43.749757
31953057	43.749758
31960576	43.749759
31965215	43.749761
31968657	43.749763
31969874	43.749765
31975556	43.749830
31977216	43.749856
31980312	43.751440
31980942	43.765138
31983819	43.765140
31984016	43.765140
31984052	43.765141
31984340	43.765153
31988691	43.766026
31988736	43.766321
31989708	43.787208
31990198	43.824368
31990309	43.825209
31990447	43.825218
31991213	43.825218
31991568	43.825218
31992665	43.825218
31993149	43.825218
31993712	43.825248
31996510	43.825422
31996743	43.825524
31998722	43.827668
32002140	43.841824
32003549	43.841851
32005102	43.842041
32007698	43.842957
32007871	43.843617
32008286	43.848780
32009038	43.910175
32009920	43.940494
32010244	43.940546
32011144	43.940595
32011317	43.940595
32011766	43.946251
32012008	43.946251
32012625	43.956492
32014267	43.956775
32014394	43.956786
32016153	43.960676
32016929	43.960676
32017607	43.960676
32018012	43.960676
32018674	43.960676
32019675	43.960696
32023463	43.962470
32024283	43.968226
32026491	43.972753
32027673	43.972763
32027787	43.972763
32029061	43.972763
32029668	43.972763
32031289	43.972764
32035855	43.972764
32036090	43.972764
32038232	43.978176
32038422	43.994707
32039888	44.000050
32039973	44.000060
32040052	44.000330
32040640	44.004438
32040706	44.005308
32042272	44.077284
32043543	44.089219
32044173	44.090633
32044185	44.090646
32044718	44.101236
32045588	44.118282
32048073	44.118741
32049062	44.119411
32049170	44.119418
32050232	44.119442
32051190	44.119501
32051354	44.119533
32052191	44.129283
32052508	44.134834
32052758	44.177957
32053387	44.231142
32061837	44.238477
32065898	44.238619
32068921	44.238620
32069830	44.243206
32070430	44.243862
32071211	44.244180
32075237	44.244595
32079714	44.244717
32082943	44.244830
32083231	44.246486
32084609	44.281047
32084624	44.281193
32084690	44.281205
32084859	44.281296
32085682	44.286378
32085880	44.286548
32088398	44.290459
32088758	44.326058
32089177	44.326709
32092321	44.333483
32093462	44.333529
32094228	44.333537
32095669	44.336977
32096891	44.342939
32097951	44.342939
32100726	44.342939
32100735	44.342939
32104659	44.342940
32109828	44.342946
32109988	44.342951
32110107	44.344662
32111083	44.404228
32112843	44.404351
32113722	44.405153
32115123	44.405348
32115217	44.405388
32115844	44.405858
32117435	44.405864
32118981	44.405880
32120738	44.406107
32121575	44.461958
32124030	44.606732
32124105	44.618096
32126287	44.694555
32126519	44.698483
32128732	44.705482
32129122	44.734650
32130324	44.753399
32130466	44.754612
32131283	44.755244
32132545	44.755246
32134553	44.755247
32137019	44.755247
32137334	44.755247
32138900	44.755248
32140869	44.757317
32144578	44.760619
32147194	44.761707
32147296	44.761728
32147446	44.761746
32151595	44.761751
32154254	44.761757
32155779	44.763338
32156337	44.763819
32158388	44.769682
32158690	44.774727
32159282	44.815300
32160183	44.843996
32160908	44.846562
32161574	44.846614
32163210	44.846631
32166624	44.846646
32172580	44.846668
32173103	44.846712
32173237	44.846729
32176324	44.847453
32176860	44.849016
32179661	44.854284
32179921	44.880076
32180073	44.880095
32181170	44.880381
32181692	44.882166
32182636	44.882196
32184079	44.882213
32187381	44.882284
32188068	44.882286
32188191	44.882286
32188866	44.882290
32189167	44.882299
32189472	44.882327
32189512	44.883567
32189885	44.904611
32190397	45.123632
32190497	45.141215
32191139	45.227039
32191401	45.244395
32191432	45.244742
32191622	45.244774
32192060	45.244793
32193544	45.244804
32193619	45.244805
32194642	45.244807
32194853	45.244807
32195125	45.244807
32195845	45.244807
32196386	45.244850
32196982	45.246291
32200769	45.249823
32201068	45.266621
32201842	45.267343
32201874	45.267838
32202736	45.274030
32203376	45.274031
32204842	45.274308
32205863	45.275162
32207138	45.285890
32207456	45.286156
32208866	45.288612
32210397	45.290010
32210850	45.290127
32212645	45.291858
32218376	45.294895
32219844	45.295718
32221288	45.303059
32230277	45.304241
32230472	45.310755
32238102	45.314380
32239775	45.314415
32239973	45.314417
32249852	45.314546
32253490	45.315925
32263375	45.320547
32268100	45.321805
32269675	45.321943
32271825	45.329117
32274974	45.329218
32280590	45.330554
32285004	45.330800
32288709	45.330896
32291533	45.337038
32293484	45.337089
32293580	45.337189
32293732	45.337189
32296322	45.337189
32296542	45.337189
32296913	45.337189
32296992	45.340054
32297020	45.366324
32298411	45.405237
32298429	45.405345
32298859	45.405558
32299188	45.409680
32299247	45.453380
32299371	45.473432
32299591	45.493559
32299814	45.569160
32300430	45.673605
32300854	45.673605
32301239	45.673607
32301248	45.673607
32302573	45.673607
32302785	45.673607
32304116	45.673607
32304214	45.673607
32304500	45.673607
32305443	45.673607
32305911	45.673607
32305944	45.673608
32306349	45.673608
32307066	45.819088
32307222	45.840156
32307648	46.174640
32307737	46.271270
32307879	46.353897
32307950	46.354036
32307981	46.354050
32308062	46.358993
32308112	46.360138
32309604	46.378988
32322385	46.379048
32338226	46.379072
32341438	46.379075
32342349	46.380429
32345989	46.383142
32348582	46.391287
32355667	46.406131
32355895	46.406151
32357316	46.406244
32358828	46.406315
32359049	46.407515
32360102	46.455435
32361383	46.462392
32362260	46.465564
32362306	46.465586
32362879	46.468003
32364803	46.468223
32373418	46.468857
32375441	46.468881
32385746	46.470989
32387899	46.471300
32394323	46.473233
32402140	46.474972
32416657	46.482034
32421695	46.486169
32422860	46.486169
32428743	46.486169
32432388	46.486169
32432625	46.492296
32432890	46.504632
32433333	46.504632
32436229	46.505088
32446589	46.522440
32449853	46.540705
32452346	46.545691
32452468	46.545711
32463939	46.548097
32473234	46.554303
32475773	46.554364
32481870	46.560179
32482368	46.560328
32484752	46.560371
32485077	46.560375
32485710	46.567743
32490712	46.570281
32490872	46.570284
32492585	46.570432
32493771	46.570439
32493875	46.570458
32493934	46.570556
32502982	46.604981
32503218	46.611574
32503723	46.613638
32503784	46.620485
32503863	46.626469
32504747	46.727381
32505341	46.740832
32505725	46.741684
32507701	46.749804
32508506	46.750857
32508962	46.750860
32513324	46.751287
32513336	46.751287
32521388	46.753122
32521953	46.753156
32522099	46.753613
32522994	46.766302
32525909	46.766310
32527096	46.766313
32528593	46.776649
32528953	46.776782
32529173	46.787212
32531232	46.787976
32534564	46.788378
32538135	46.788378
32540215	46.790103
32545146	46.794073
32545828	46.800154
32546399	46.800945
32548652	46.801930
32553255	46.803937
32553955	46.803937
32556007	46.803938
32557416	46.803939
32558230	46.803944
32558520	46.803947
32558882	46.803954
32560231	46.803987
32560543	46.804000
32561552	46.804133
32561961	46.804236
32562181	46.804236
32562462	46.808737
32562797	46.818892
32562815	46.818892
32563326	46.819044
32563563	46.942991
32564288	47.105564
32564289	47.105564
32564464	47.213372
32567036	47.218242
32569168	47.218242
32569413	47.218242
32569837	47.218376
32570558	47.218403
32573201	47.218442
32573814	47.218442
32575191	47.218711
32578400	47.219017
32579158	47.220815
32580401	47.226902
32581515	47.227055
32582765	47.227153
32587313	47.227287
32588082	47.227298
32590275	47.227319
32590410	47.227319
32591827	47.228003
32594177	47.228580
32595986	47.228989
32598864	47.242131
32601048	47.243187
32610765	47.245557
32614739	47.245620
32623009	47.253246
32624849	47.253282
32625274	47.253316
32628529	47.254169
32631680	47.255322
32635171	47.255322
32635728	47.255322
32636625	47.255583
32637248	47.256153
32639970	47.295662
32640628	47.297245
32647612	47.303860
32650362	47.304467
32652322	47.311190
32652411	47.311237
32663112	47.311294
32698052	47.317060
32698135	47.317078
32725483	47.330420
32731067	47.334200
32736489	47.336410
32739635	47.338518
32742089	47.338861
32746013	47.340119
32747346	47.340164
32747529	47.340164
32749102	47.340664
32749199	47.340705
32751889	47.342280
32752549	47.343166
32753484	47.346223
32753937	47.351006
32756411	47.351008
32757569	47.351137
32759349	47.351609
32760074	47.352692
32762466	47.357815
32764559	47.357886
32764690	47.357896
32765317	47.358005
32767049	47.359298
32767344	47.361383
32768432	47.419649
32769909	47.636113
32770071	47.641665
32770233	47.641666
32770376	47.641666
32770450	47.641666
32774532	47.641666
32775936	47.641667
32776469	47.643021
32779746	47.645755
32780300	47.645985
32781131	47.651635
32785079	47.655665
32786573	47.656234
32787180	47.656725
32787795	47.678608
32788248	47.678975
32788707	47.679838
32790688	47.679839
32790717	47.679839
32791046	47.679839
32795172	47.679839
32796071	47.679839
32813038	47.679846
32819916	47.679854
32829769	47.679880
32831679	47.679888
32832397	47.679895
32832836	47.679902
32832943	47.679971
32834488	47.683422
32835148	47.998156
32836156	48.003820
32836157	48.003821
32836652	48.070006
32837473	48.073558
32837569	48.073789
32838289	48.074709
32838674	48.080854
32839973	48.083361
32840468	48.083398
32840909	48.083425
32841904	48.083433
32842167	48.083433
32843134	48.103767
32851756	48.106713
32855237	48.107391
32855889	48.110671
32857755	48.110915
32858752	48.126448
32860754	48.126710
32861576	48.129300
32864085	48.129499
32865479	48.130789
32866796	48.153190
32866920	48.153227
32867596	48.154887
32868336	48.167933
32868512	48.168077
32868867	48.198211
32869463	48.202151
32871505	48.204295
32872755	48.204301
32872884	48.204344
32874438	48.204390
32874706	48.204390
32875705	48.211203
32876233	48.211846
32876605	48.212573
32878743	48.245114
32879961	48.247496
32890053	48.253118
32890761	48.267839
32891182	48.270408
32893317	48.271164
32894771	48.324788
32901361	48.327119
32902425	48.327227
32906736	48.327459
32906754	48.327460
32906824	48.327460
32910683	48.327471
32910787	48.327475
32911845	48.327573
32912579	48.465526
32912775	48.515933
32912876	48.519466
32913285	48.566576
32913411	48.571730
32913772	48.572921
32914343	48.596280
32914806	48.597808
32914867	48.597920
32915391	48.597986
32916225	48.598391
32918573	48.598745
32918588	48.598745
32922079	48.598766
32923447	48.612901
32929024	48.612934
32929260	48.612989
32931607	48.614595
32932417	48.644587
32933902	48.648919
32934431	48.650870
32934804	48.655075
32934996	48.655607
32935113	48.655888
32935214	48.657256
32936277	48.711632
32936573	48.711919
32938400	48.712942
32940968	48.713104
32948984	48.713322
32951883	48.713338
32952763	48.713432
32954427	48.713496
32960025	48.713763
32961771	48.713766
32963833	48.713847
32966901	48.714134
32972626	48.715405
32980896	48.728709
32986550	48.728885
32993810	48.728894
32994125	48.747185
32997266	48.758976
32998089	48.761684
33000629	48.776650
33000733	48.776800
33001066	48.777574
33002732	48.785265
33006671	48.786691
33007253	48.786815
33008909	48.787370
33009652	48.791220
33015250	48.791338
33025143	48.792031
33025942	48.792096
33026741	48.792454
33028227	48.818664
33028430	48.818755
33029378	48.818928
33030332	48.819065
33031094	48.819514
33031433	48.849250
33031947	48.997580
33032047	48.997699
33032098	49.006326
33032392	49.106260
33032937	49.238883
33033393	49.238888
33033484	49.238888
33033691	49.250968
33034112	49.250969
33035124	49.250975
33035433	49.250975
33035628	49.250975
33036150	49.250975
33036779	49.251087
33037508	49.251884
33041131	49.270908
33041544	49.271856
33041908	49.271885
33044386	49.271885
33045389	49.271885
33046059	49.271885
33046563	49.271885
33047771	49.271885
33048777	49.271885
33048804	49.271885
33049242	49.283996
33055670	49.283997
33059789	49.283998
33060877	49.284003
33067511	49.284050
33069239	49.305094
33074413	49.305177
33074555	49.305239
33075850	49.305510
33094671	49.315969
33094932	49.351576
33095530	49.375072
33096068	49.397648
33097459	49.397683
33098094	49.397684
33111376	49.398696
33115834	49.401145
33117968	49.402626
33118562	49.402626
33118672	49.402626
33120142	49.402626
33120655	49.402626
33121605	49.402627
33132801	49.425339
33134935	49.425736
33135140	49.425890
33136789	49.427723
33138089	49.430010
33138954	49.431091
33141309	49.431152
33148963	49.432112
33157562	49.432265
33159684	49.433389
33175693	49.460065
33178181	49.460277
33179648	49.460296
33180655	49.460299
33188385	49.460299
33188892	49.460307
33190208	49.476768
33197960	49.476882
33200521	49.495028
33203165	49.498635
33204827	49.498635
33207698	49.516369
33208063	49.516961
33209287	49.521848
33214257	49.553924
33217417	49.555259
33221236	49.555758
33223272	49.555804
33224109	49.555812
33225606	49.564992
33226012	49.569109
33229033	49.574098
33229438	49.574099
33231705	49.574115
33233544	49.574119
33236821	49.583741
33237706	49.583894
33246033	49.585575
33249744	49.589891
33251740	49.590001
33252334	49.590048
33252754	49.590049
33254341	49.590053
33255205	49.590057
33257969	49.590075
33262258	49.590194
33265837	49.590346
33266285	49.590435
33267771	49.590906
33268042	49.596212
33268463	49.611463
33268524	49.642635
33269289	50.080103
33269453	50.102655
33269547	50.102674
33270112	50.102685
33272712	50.102703
33272914	50.102704
33277057	50.102715
33282324	50.102715
33282807	50.102967
33283106	50.103054
33283276	50.103057
33283375	50.103058
33285181	50.103920
33288220	50.104889
33288421	50.104928
33288928	50.108467
33291721	50.121195
33292218	50.122562
33292901	50.123204
33293654	50.123677
33294619	50.123710
33295359	50.141113
33295531	50.141118
33302495	50.141576
33302584	50.141581
33303303	50.141674
33304851	50.141780
33307320	50.141916
33309846	50.142264
33312440	50.143322
33312958	50.143322
33313499	50.143322
33315768	50.143323
33316229	50.144109
33317883	50.144120
33319171	50.144125
33321002	50.144134
33328257	50.144195
33329689	50.144500
33331830	50.439870
33331961	50.443850
33337094	50.444092
33338249	50.444118
33339475	50.444130
33344178	50.444158
33347469	50.444166
33348911	50.444169
33349242	50.444169
33349303	50.444169
33349306	50.444169
33352133	50.444170
33356205	50.444171
33362567	50.444177
33364886	50.463242
33365331	50.463243
33366497	50.463247
33369785	50.463251
33372157	50.463257
33374149	50.463259
33375600	50.463262
33376857	50.463265
33377270	50.463346
33378395	50.463794
33378520	50.465919
33380330	50.578006
33380376	50.624207
33381480	50.747210
33381943	50.757937
33389304	50.758717
33392842	50.758869
33398671	50.762027
33405426	50.762034
33407596	50.762038
33421807	50.769881
33422773	50.769882
33432653	50.769890
33434213	50.769891
33448087	50.769900
33451440	50.769901
33454411	50.770220
33459937	50.770449
33466992	50.790976
33467059	50.790979
33468656	50.791556
33470372	50.792054
33496978	50.793235
33519109	50.804386
33520234	50.804436
33521290	50.804436
33526905	50.804577
33527644	50.809236
33533452	50.809382
33535240	50.809841
33543599	50.809841
33553078	50.809841
33553844	50.839992
33565957	50.850076
33566781	50.854188
33577580	50.855609
33578150	50.860574
33580674	50.874473
33585958	50.874779
33598960	50.887826
33601129	50.887951
33604547	50.887959
33607705	50.887961
33608660	50.887969
33609403	50.908371
33627080	50.908525
33627452	50.952829
33627573	50.955171
33628898	50.958233
33630137	50.958645
33630311	50.958701
33638176	50.968368
33668729	50.969380
33673963	50.971440
33676296	50.971454
33680722	50.971469
33687992	50.971484
33691370	50.971568
33694305	50.971568
33700346	50.971568
33711285	50.971568
33718472	50.971823
33721102	50.971889
33724145	50.972663
33725644	50.974585
33725966	50.984215
33726474	51.042215
33727849	51.065728
33728665	51.065911
33740269	51.065982
33749985	51.066588
33765946	51.066738
33781102	51.076706
33783816	51.076713
33786860	51.076720
33826089	51.076797
33868279	51.076799
33871691	51.076835
33872498	51.085319
33881328	51.085411
33888956	51.092313
33889262	51.092313
33892723	51.092330
33897411	51.092349
33905647	51.092350
33911105	51.092351
33912919	51.092447
33913517	51.104440
33953628	51.106565
33970634	51.109526
33972991	51.109527
34003039	51.109529
34011813	51.109598
34020958	51.109629
34036353	51.109638
34047281	51.109638
34050465	51.109639
34060418	51.109639
34073562	51.109640
34084062	51.110402
34100748	51.115066
34102770	51.126091
34119210	51.130254
34127506	51.139825
34137870	51.147650
34161371	51.147791
34198282	51.147813
34207604	51.147819
34239795	51.148015
34255075	51.152580
34265216	51.156864
34279175	51.156904
34282298	51.157075
34306368	51.157141
34308406	51.163699
34315405	51.163718
34353064	51.166045
34353375	51.166054
34361125	51.168819
34398659	51.182254
34404602	51.189014
34406492	51.215195
34407623	51.228870
34426699	51.234599
34426937	51.234599
34427417	51.234873
34428508	51.246581
34429537	51.306792
34429576	51.307102
34431080	51.308462
34439810	51.308628
34444426	51.308628
34451857	51.308628
34455577	51.308628
34455758	51.308628
34455822	51.308628
34465563	51.308628
34467691	51.310530
34469483	51.312392
34471329	51.312392
34472222	51.312392
34474419	51.312392
34475553	51.312436
34480154	51.312976
34480388	51.314463
34480924	51.315342
34486772	51.340573
34496209	51.342036
34496210	51.342036
34514057	51.347540
34515968	51.372361
34523678	51.382952
34525157	51.382952
34536010	51.383344
34548642	51.383446
34571653	51.383448
34612950	51.384518
34619717	51.386567
34630163	51.386587
34634791	51.386590
34637945	51.391489
34642529	51.391504
34643900	51.391530
34646918	51.391858
34648919	51.392218
34654592	51.397328
34654864	51.397488
34656853	51.411603
34657979	51.412265
34663537	51.412350
34667972	51.412357
34669550	51.412400
34674286	51.423682
34709500	51.424657
34711208	51.424675
34715909	51.424688
34717219	51.433325
34719965	51.433333
34727875	51.433333
34730462	51.438147
34731942	51.438147
34754551	51.438147
34775658	51.438147
34775933	51.448884
34794405	51.448885
34802756	51.456879
34804932	51.458083
34810161	51.458083
34823881	51.458083
34856278	51.458083
34858148	51.458083
34866019	51.460480
34873173	51.486428
34873212	51.486437
34874386	51.510494
34876521	51.510547
34882095	51.511467
34883337	51.519178
34883640	51.550799
34885055	51.682027
34885322	51.682190
34885634	51.682192
34886351	51.682193
34888647	51.682197
34895052	51.682199
34895309	51.682199
34909216	51.682199
34918562	51.682311
34929075	51.682357
34931169	51.691462
34939516	51.691521
34946073	51.691680
34946593	51.701036
34955275	51.701247
34955707	51.701251
34961962	51.710442
34962932	51.710452
34969291	51.710495
34969493	51.710503
34970183	51.710967
34972938	51.733885
34973043	51.734040
34973617	51.736725
34998736	51.737943
34999291	51.737962
35000387	51.738082
35000743	51.739557
35000895	51.742096
35001304	51.764995
35001543	51.766796
35002943	51.818221
35004487	51.820443
35006905	51.821337
35008715	51.821549
35011314	51.821684
35012937	51.821714
35018962	51.821714
35024227	51.821714
35032101	51.821719
35036287	51.821732
35047053	51.822555
35047829	51.830559
35048740	51.830628
35053217	51.830760
35058972	51.834456
35063270	51.837899
35063438	51.837919
35068860	51.838034
35102687	51.838038
35130905	51.843167
35136099	51.843169
35140717	51.843245
35141741	51.843265
35146789	51.843683
35152953	51.846346
35153657	51.853860
35175077	51.855996
35177127	51.869154
35196996	51.870262
35199640	51.870266
35206764	51.870669
35212092	51.870718
35221784	51.872055
35223636	51.872059
35320466	51.872156
35329697	51.873594
35329743	51.873629
35336756	51.901392
35338557	51.910462
35343190	51.914825
35347785	51.915088
35350777	51.915100
35357600	51.915239
35362662	51.919692
35368418	51.919692
35369042	51.919692
35401094	51.919692
35410824	51.919692
35416597	51.919692
35419375	51.919929
35448803	51.923005
35457372	51.927174
35470944	51.928012
35474907	51.928015
35483987	51.928049
35493189	51.934661
35498408	51.934681
35498909	51.941452
35508273	51.941507
35533961	51.941508
35539756	51.941508
35546141	51.941509
35552811	51.941511
35556779	51.941686
35559312	51.942901
35560117	51.944120
35563730	51.980334
35564261	51.981442
35565823	51.981471
35566430	51.981536
35568239	52.022335
35572344	52.026535
35575069	52.080128
35585739	52.082631
35600762	52.083557
35606468	52.083699
35606877	52.108811
35608388	52.108813
35610187	52.108815
35633523	52.108823
35635787	52.108823
35641321	52.108823
35659925	52.112139
35682276	52.112139
35685865	52.112139
35693846	52.112231
35694397	52.112233
35708582	52.120465
35709493	52.120468
35711704	52.120471
35744229	52.120549
35749240	52.120559
35769386	52.122729
35771511	52.124713
35775470	52.131632
35778865	52.131690
35779547	52.131718
35786455	52.132065
35794696	52.144021
35800949	52.144543
35802148	52.144777
35802419	52.144822
35802678	52.144829
35804386	52.144829
35809810	52.144829
35819965	52.144829
35822183	52.144829
35822830	52.145053
35830873	52.155657
35831945	52.157575
35832633	52.157601
35834927	52.157739
35836527	52.157876
35840754	52.159874
35843878	52.294124
35844009	52.334276
35844071	52.337311
35844965	52.567570
35845318	52.602743
35845463	52.602797
35845485	52.602799
35851371	52.603446
35854862	52.603532
35856647	52.603550
35857700	52.603557
35863195	52.627912
35864284	52.627967
35868353	52.627968
35877551	52.628306
35879483	52.628391
35879774	52.628583
35879782	52.628584
35903701	52.640164
35903909	52.648049
35904110	52.652807
35906089	52.670827
35914478	52.678365
35925235	52.678565
35929465	52.678616
35950246	52.691187
35951180	52.691187
35952805	52.692658
35955315	52.696237
35961281	52.699891
35974131	52.704328
35981215	52.705884
35981957	52.705979
36000939	52.706053
36006469	52.706069
36073687	52.706196
36116581	52.707980
36118563	52.707990
36160511	52.710764
36161864	52.710941
36167152	52.745580
36179658	52.760184
36186358	52.765418
36197856	52.767374
36203210	52.767375
36247547	52.767380
36254027	52.767380
36254447	52.767380
36268353	52.767380
36271304	52.767380
36294040	52.767380
36298450	52.767642
36339622	52.770720
36353695	52.771459
36373116	52.772711
36387771	52.792299
36394613	52.793481
36402548	52.798147
36406310	52.805881
36414971	52.839998
36420457	52.905965
36421013	52.914516
36421214	52.915560
36427648	52.918260
36430422	52.918401
36434215	52.918472
36442914	52.918605
36446198	52.918612
36454611	52.918639
36463066	52.918639
36481236	52.920739
36482491	52.920936
36484429	52.921244
36501407	52.926550
36506382	52.938997
36508071	52.938999
36516409	52.939020
36517521	52.939026
36528338	52.939100
36537103	52.939226
36577154	52.943220
36581110	52.945753
36582081	52.953018
36583103	53.025135
36583221	53.026796
36585398	53.167490
36585788	53.177274
36586331	53.177924
36595675	53.179485
36598031	53.179735
36598632	53.180348
36601283	53.180565
36602131	53.180593
36604082	53.180624
36608746	53.180624
36608911	53.180624
36614916	53.180624
36628813	53.180624
36633292	53.180624
36658980	53.180727
36661000	53.190321
36661180	53.190322
36663481	53.190326
36664055	53.199468
36674328	53.199486
36681588	53.199496
36694322	53.199521
36706752	53.199547
36709352	53.201596
36722566	53.208497
36726590	53.208497
36732535	53.208497
36743199	53.212742
36775406	53.214991
36791143	53.220077
36798245	53.241423
36803683	53.242097
36817654	53.260830
36820571	53.299970
36830480	53.313557
36835851	53.314653
36868359	53.320028
36890405	53.320961
37011181	53.321735
37032548	53.321735
37038053	53.321853
37046093	53.322259
37052992	53.323037
37075170	53.344399
37078038	53.344723
37287585	53.356608
37287612	53.356610
37287630	53.356610
37300899	53.356610
37310205	53.356610
37313710	53.356610
37332178	53.357446
37353823	53.357540
37407763	53.357595
37410579	53.357624
37446801	53.357624
37465295	53.357643
37475429	53.357643
37539538	53.357684
37545361	53.358270
37588706	53.370000
37591719	53.375765
37591745	53.381073
37591763	53.381074
37599324	53.396536
37605280	53.441826
37608108	53.441864
37610259	53.442723
37610467	53.477336
37612199	53.498039
37615880	53.524211
37619930	53.533233
37623032	53.533233
37626838	53.533233
37632382	53.533233
37633757	53.533233
37633923	53.533233
37641422	53.533233
37642362	53.533233
37652507	53.533233
37662753	53.538524
37670612	53.538929
37690739	53.539430
37724273	53.539696
37742495	53.539724
37754312	53.539724
37782231	53.540791
37793265	53.540933
37818331	53.558601
37825783	53.558908
37828624	53.558908
37828705	53.558908
37829530	53.558908
37835262	53.558908
37837137	53.563294
37839169	53.575916
37841575	53.643743
37841795	53.652330
37841955	53.679263
37845744	53.714938
37846648	53.738400
37848397	53.759729
37850084	53.902771
37850312	53.906660
37851560	53.907190
37853212	53.911576
37853945	53.913098
37856404	53.914832
37858440	53.915276
37866996	53.915916
37872907	53.916344
37888000	53.916887
37888498	53.916898
37888871	53.916903
37890598	53.916916
37893909	53.916936
37894061	53.916939
37894278	53.916939
37894792	53.916940
37897558	53.916940
37898371	53.916941
37899064	53.916941
37902583	53.916952
37902889	53.916953
37903264	53.916957
37905958	53.917020
37909106	53.917222
37909205	53.917312
37910449	53.917351
37912843	53.917390
37913694	53.917411
37916229	53.917411
37929771	53.917411
37931390	53.917411
37932078	53.917437
37934232	53.917588
37934418	53.917704
37934728	53.918061
37936986	53.924187
37939343	53.953124
37939475	53.957902
37940970	54.146710
37941779	54.158177
37944961	54.168138
37946114	54.206871
37946444	54.206909
37947200	54.206961
37947228	54.206961
37948178	54.206961
37948707	54.206961
37949289	54.206961
37954667	54.208186
37956108	54.208360
37956751	54.208406
37967978	54.208943
37968478	54.252591
37968494	54.252896
37969513	54.274677
37973153	54.274850
37974842	54.281440
37977755	54.283321
37979962	54.288119
37981055	54.289231
37986159	54.291799
37990405	54.310028
37992820	54.319967
37994508	54.354759
37995074	54.358037
37996665	54.358353
37999136	54.358404
38000257	54.358410
38001197	54.358416
38018724	54.359975
38019372	54.360015
38025817	54.360141
38042110	54.360312
38047383	54.363182
38050813	54.379158
38053022	54.379159
38064027	54.382361
38065018	54.382461
38065386	54.382469
38097603	54.382499
38107460	54.382516
38113082	54.382520
38113480	54.382760
38113607	54.393806
38117469	54.396134
38125067	54.396139
38127584	54.396345
38147484	54.405615
38150099	54.405870
38158018	54.405981
38158239	54.405981
38160610	54.405981
38163004	54.415353
38163354	54.415353
38169273	54.415353
38174753	54.415709
38180663	54.421392
38189115	54.453339
38193856	54.456239
38193992	54.456264
38200600	54.456273
38202403	54.456350
38205674	54.456383
38205954	54.456605
38208426	54.468571
38209996	54.473780
38210138	54.473839
38211904	54.489025
38212333	54.489084
38213056	54.489582
38216781	54.489893
38217610	54.489902
38218942	54.489946
38219622	54.493517
38221450	54.538038
38222403	54.538221
38224694	54.538473
38224985	54.538595
38227553	54.541811
38229045	54.646882
38229561	54.647377
38230105	54.647377
38234615	54.647377
38234661	54.647377
38236509	54.647377
38239471	54.647377
38246011	54.647377
38250315	54.647377
38251417	54.647707
38253498	54.650209
38254744	54.657448
38254830	54.659126
38255590	54.694990
38255622	54.695698
38255989	54.696133
38257469	54.696176
38261239	54.696218
38261947	54.696927
38263737	54.697421
38266690	54.723847
38273375	54.737518
38277580	54.737521
38283708	54.737521
38286136	54.737638
38303823	54.737668
38306582	54.737669
38313286	54.737684
38318714	54.737684
38318766	54.737684
38326950	54.737907
38331896	54.738536
38335224	54.739832
38338735	54.749032
38338884	54.773329
38339294	54.773489
38348629	54.779504
38349773	54.793477
38349857	54.793477
38349989	54.793483
38350644	54.793483
38350968	54.793631
38355827	54.800316
38356996	54.821613
38357922	54.822887
38372960	54.822947
38376539	54.822954
38386218	54.825759
38388267	54.825817
38403313	54.852595
38408384	54.852740
38411495	54.852768
38423002	54.852796
38430874	54.852796
38433183	54.852796
38438789	54.852796
38439675	54.852796
38443009	54.852796
38449537	54.852796
38457350	54.853675
38462359	54.854541
38464777	54.854682
38469116	54.856176
38470336	54.857413
38474597	54.877266
38474941	54.877266
38476293	54.877373
38483936	54.889433
38492491	54.890112
38500352	54.900256
38507082	54.901066
38516687	54.901121
38520622	54.901129
38521067	54.905603
38538614	54.905603
38559877	54.905603
38576767	54.909583
38583462	54.913852
38600798	54.914181
38602274	54.915415
38606382	54.915697
38609196	54.916508
38610314	54.917872
38614331	54.984869
38615982	54.992887
38616132	54.993109
38620827	54.993655
38622543	54.996523
38623051	54.996601
38623927	55.008441
38631591	55.009619
38641255	55.009619
38652777	55.009648
38653359	55.009964
38654194	55.013669
38655695	55.042510
38655915	55.043493
38670374	55.045093
38675149	55.062899
38675410	55.062928
38681981	55.066014
38683055	55.066014
38691675	55.066014
38694645	55.066014
38697831	55.066014
38703288	55.066014
38706806	55.066014
38717683	55.066058
38718016	55.066060
38721357	55.070722
38723820	55.077153
38724395	55.102743
38724776	55.104990
38724854	55.119448
38725108	55.119464
38725894	55.163902
38726514	55.164838
38728057	55.165293
38738039	55.165309
38740583	55.165309
38746777	55.165309
38751547	55.165864
38754801	55.165893
38755862	55.165919
38756505	55.166258
38764976	55.166266
38769214	55.166267
38770458	55.179197
38775361	55.181026
38777086	55.181224
38779348	55.194265
38783569	55.194629
38786283	55.195356
38792648	55.195371
38797404	55.196907
38807540	55.197181
38807988	55.197191
38818061	55.198286
38826117	55.207773
38832188	55.208433
38832333	55.208520
38833252	55.208525
38851044	55.208571
38851272	55.208576
38851344	55.208578
38851741	55.208658
38851791	55.208759
38858489	55.281876
38861118	55.284793
38861234	55.284793
38866419	55.284793
38866887	55.285275
38867185	55.285993
38867421	55.287659
38869069	55.389525
38869378	55.392051
38870649	55.392705
38873459	55.392730
38874549	55.392731
38874677	55.392731
38875734	55.392731
38875849	55.392732
38878090	55.392809
38882997	55.409490
38883741	55.410369
38891870	55.410552
38894341	55.411219
38899006	55.419141
38901066	55.449556
38905658	55.457550
38908422	55.458299
38908963	55.459699
38912366	55.459784
38918064	55.468764
38936747	55.469232
38939313	55.469264
38941029	55.469264
38946106	55.469266
38947874	55.469266
38949714	55.469268
38957861	55.472306
38966425	55.472309
38974456	55.473701
38982588	55.480250
38985319	55.483702
38990590	55.485360
38991608	55.485856
38995818	55.488934
39002305	55.495906
39004804	55.496248
39006168	55.496523
39015343	55.499302
39021644	55.499302
39025282	55.499302
39042944	55.499308
39047259	55.499310
39048118	55.499551
39050065	55.500380
39057716	55.511813
39058664	55.542858
39060889	55.559322
39064189	55.560311
39064196	55.560343
39066712	55.560437
39066984	55.560439
39069517	55.560458
39073883	55.560522
39076281	55.560523
39087957	55.560619
39090146	55.560627
39097253	55.560832
39119987	55.561022
39137165	55.561240
39139501	55.561437
39142297	55.565168
39142554	55.565570
39142731	55.566012
39146646	55.580603
39147741	55.580922
39151712	55.582809
39152004	55.582809
39154314	55.582809
39154578	55.582809
39155760	55.582809
39157096	55.582809
39161190	55.620113
39162407	56.096572
39162921	56.144843
39163048	56.146578
39165473	56.153714
39165873	56.153738
39165984	56.153742
39166460	56.153755
39167376	56.153759
39168999	56.153764
39170434	56.153765
39171683	56.153765
39176079	56.153765
39176507	56.153765
39177663	56.159578
39180467	56.159578
39182728	56.159578
39190358	56.159578
39193224	56.159578
39197673	56.159583
39199452	56.159590
39203558	56.163743
39206790	56.165719
39209346	56.177443
39219774	56.178854
39223072	56.179014
39227100	56.179510
39230231	56.179758
39230621	56.179777
39236443	56.181249
39238844	56.184999
39242108	56.247217
39245029	56.251270
39245440	56.251653
39248033	56.252268
39249333	56.252272
39251488	56.252275
39252661	56.252277
39259434	56.252277
39270838	56.252277
39278102	56.252310
39286003	56.252359
39289258	56.252437
39293885	56.252502
39295740	56.252644
39302256	56.252947
39307721	56.256093
39310202	56.301163
39316071	56.327026
39316124	56.327038
39316754	56.327092
39320618	56.327186
39321702	56.327190
39322157	56.327190
39324494	56.327190
39326382	56.327190
39338160	56.330666
39356828	56.331343
39365070	56.331343
39366653	56.331343
39388047	56.331343
39391135	56.331999
39392168	56.332865
39393565	56.336525
39394419	56.336907
39395023	56.339974
39396372	56.422829
39396560	56.424055
39396588	56.424096
39398429	56.443529
39398507	56.443569
39399476	56.443732
39401764	56.444987
39406419	56.445348
39427159	56.451766
39429817	56.452150
39431002	56.452160
39462175	56.474417
39462328	56.475172
39465345	56.499173
39466768	56.502929
39473229	56.506525
39475012	56.506761
39475819	56.511526
39480338	56.517351
39481408	56.517355
39485309	56.527498
39497470	56.527536
39501549	56.527618
39509255	56.528246
39512017	56.530189
39513265	56.530389
39524519	56.590754
39526253	56.591033
39530506	56.593790
39536822	56.597519
39545279	56.598996
39549785	56.599230
39552195	56.599329
39563967	56.599337
39570400	56.601186
39574893	56.602407
39577548	56.602608
39589673	56.602686
39622915	56.636834
39630967	56.636834
39630981	56.636843
39634466	56.640218
39637620	56.640276
39649040	56.641148
39649101	56.642654
39653130	56.650909
39664591	56.688847
39667195	56.689709
39667430	56.691048
39668070	56.724746
39668754	56.727326
39677622	56.730874
39678123	56.741475
39680833	56.818741
39681422	56.819997
39705561	56.822423
39736340	56.831678
39738579	56.834135
39738817	56.839141
39744097	56.839455
39744392	56.839459
39748656	56.850497
39751718	56.850535
39759959	56.850552
39760078	56.850553
39760148	56.850555
39765649	56.850852
39766438	56.858933
39767459	56.859082
39767724	56.860334
39769160	56.860334
39769383	56.860334
39770775	56.879780
39771466	56.953098
39772519	56.953681
39773697	56.954689
39774926	56.954783
39775877	56.956645
39776066	56.961332
39777013	57.016204
39777037	57.016276
39777060	57.018881
39777132	57.044845
39777404	57.047618
39779277	57.048367
39780348	57.068355
39781146	57.069672
39785884	57.112319
39787696	57.114363
39794842	57.114477
39797352	57.127857
39798529	57.129738
39801354	57.129744
39802052	57.129745
39808734	57.129780
39816202	57.144178
39817984	57.144187
39818029	57.144196
39818830	57.160192
39819142	57.161505
39819873	57.161515
39820112	57.167578
39824117	57.173245
39825142	57.201841
39825728	57.205932
39827961	57.222821
39828210	57.222821
39828463	57.222821
39833337	57.222825
39835294	57.222826
39838189	57.231674
39844544	57.232523
39845922	57.232523
39849752	57.236024
39850570	57.237430
39850941	57.241097
39851237	57.241128
39852849	57.282357
39854289	57.421634
39854297	57.423567
39854648	57.424832
39855048	57.424839
39855053	57.424839
39864067	57.424854
39864790	57.424980
39868934	57.425085
39869121	57.445981
39870067	57.466115
39871185	57.466143
39873189	57.466159
39877919	57.470461
39878356	57.471395
39878792	57.525619
39879662	57.527479
39882796	57.530075
39884040	57.577859
39884450	57.614039
39887504	57.614876
39887940	57.614939
39888884	57.617234
39894366	57.617420
39896684	57.617695
39900244	57.622427
39903440	57.653600
39904293	57.655453
39904873	57.655499
39905580	57.674261
39922125	57.674261
39926341	57.674262
39930295	57.674263
39930799	57.684637
39936777	57.684638
39953272	57.684650
39956509	57.684673
39957493	57.684806
39960297	57.695923
39960435	57.718795
39964247	57.730270
39965185	57.730967
39965576	57.730967
39965789	57.731434
39966252	57.733134
39970544	57.733202
39978093	57.733434
39979031	57.736236
39979786	57.756723
39983876	57.756849
39985350	57.757543
39989890	57.763764
39992235	57.799027
39992635	57.800301
39992771	57.800594
39992839	57.811395
39993423	57.845324
39998134	57.861875
40000000	57.863379
40013509	57.874273
40014425	57.874293
40015126	57.874300
40018178	57.874414
40024888	57.890422
40028299	57.893182
40030109	57.893202
40030167	57.893202
40032822	57.902501
40032827	57.902501
40033231	57.902501
40033970	57.902501
40035995	57.902512
40041068	57.902545
40041851	57.904392
40042034	57.908488
40042552	57.935139
40042693	57.935230
40043133	57.971327
40043361	58.063101
40044753	58.133147
40045818	58.133180
40047495	58.133209
40048050	58.133243
40052725	58.152403
40052806	58.153041
40054402	58.157978
40055051	58.157988
40058147	58.157993
40059109	58.157994
40059929	58.157998
40060084	58.158000
40060632	58.158012
40061721	58.158079
40063106	58.188937
40064209	58.195284
40067137	58.362736
40067149	58.362856
40069130	58.369716
40073654	58.444503
40081881	58.448154
40085035	58.456495
40088168	58.479125
40088683	58.481596
40089007	58.481647
40089826	58.481662
40093262	58.481677
40096164	58.481685
40097450	58.504344
40100841	58.504353
40101623	58.504358
40113593	58.504366
40117173	58.504379
40118989	58.506393
40119127	58.506873
40119247	58.508082
40121303	58.613383
40122713	58.614838
40125329	58.717119
40125422	58.717163
40126109	58.717165
40135057	58.717171
40135615	58.720906
40143549	58.731777
40154277	58.731777
40165742	58.731778
40182078	58.747279
40183280	58.763785
40185705	58.763810
40188022	58.764041
40189844	58.767410
40197210	58.840655
40200277	58.847659
40200411	58.847733
40200784	58.847756
40204780	58.847775
40205241	58.848490
40209579	58.848877
40210099	58.870578
40211018	58.892677
40213188	58.892871
40219542	58.893615
40222844	58.893806
40229733	58.894156
40231545	58.894375
40232994	58.894712
40237978	58.896879
40240996	58.897748
40243359	58.912759
40250685	58.913423
40252174	58.914272
40252460	58.917110
40252535	58.917111
40252816	58.917114
40252922	58.917116
40259578	58.938373
40261377	58.938439
40262244	58.938499
40263861	59.012459
40263862	59.012469
40264166	59.019546
40267279	59.023858
40268117	59.024591
40268373	59.037745
40268480	59.037952
40272027	59.067256
40277456	59.152243
40277657	59.154804
40277830	59.155407
40278298	59.167288
40279721	59.333477
40280599	59.356861
40283911	59.393762
40287806	59.401989
40289239	59.403742
40297563	59.405032
40297573	59.405288
40298837	59.414017
40300396	59.422891
40300812	59.428973
40301114	59.429035
40301676	59.453313
40301711	59.453318
40301714	59.453318
40302422	59.453332
40303820	59.453342
40305119	59.453346
40308015	59.453384
40309763	59.453392
40310417	59.470583
40318206	59.470613
40322769	59.470614
40325811	59.470614
40339164	59.470614
40345672	59.470614
40345828	59.470614
40349067	59.472545
40351109	59.483270
40352097	59.483281
40354957	59.483326
40355690	59.483354
40361122	59.515384
40363207	59.517397
40368007	59.517580
40368595	59.517594
40369859	59.518248
40372347	59.519445
40373159	59.519839
40373164	59.519870
40375686	59.573056
40376064	59.574585
40378826	59.576078
40378832	59.576231
40380332	59.675358
40381235	59.698394
40381855	59.717915
40383739	59.722428
40383790	59.722547
40384495	59.722577
40385210	59.722593
40390644	59.722738
40392000	59.722758
40397075	59.722942
40397333	59.722981
40398380	59.723647
40400542	59.723775
40405406	59.723868
40406499	59.748048
40412880	59.748170
40414053	59.748990
40414384	59.754899
40416224	59.802248
40416472	59.802829
40423420	59.810015
40425757	59.811072
40430442	59.835945
40432427	59.845348
40432448	59.845649
40433436	59.848644
40440725	59.852805
40445319	59.853796
40446159	59.854326
40454508	59.854816
40455788	59.854839
40456585	59.854840
40457560	59.854850
40457758	59.854850
40460607	59.854850
40465518	59.854850
40468482	59.857608
40471153	59.863344
40476765	59.881521
40483376	59.892955
40483918	59.893700
40484243	59.895625
40484835	59.924376
40485723	59.993057
40485727	59.993067
40485986	59.993277
40493057	59.999746
40493181	59.999989
40493314	60.001599
40493967	60.075715
40494649	60.080642
40495240	60.083435
40498024	60.088346
40498085	60.088408
40498425	60.088408
40499442	60.088408
40499992	60.088408
40501251	60.088408
40502332	60.088408
40503910	60.088411
40504757	60.114082
40508035	60.118650
40508916	60.118650
40512591	60.118665
40515275	60.134807
40516164	60.134810
40517336	60.135069
40518772	60.136287
40520957	60.234920
40521389	60.234920
40522168	60.234920
40523020	60.235957
40526003	60.236109
40528639	60.256433
40529235	60.258001
40529834	60.258296
40530593	60.304824
40531394	60.310099
40532787	60.417365
40534084	60.417618
40535276	60.417627
40536084	60.418671
40539593	60.444235
40540044	60.446197
40542532	60.449466
40543027	60.455207
40543743	60.455267
40543974	60.455281
40549377	60.457038
40549710	60.458332
40552537	60.459956
40555226	60.461932
40557452	60.462528
40558284	60.462530
40562111	60.462536
40564714	60.462672
40565019	60.462742
40565907	60.490522
40565992	60.490541
40566011	60.490618
40566570	60.513005
40567481	60.558482
40571188	60.575094
40571777	60.575990
40574206	60.576126
40576332	60.576164
40580182	60.576203
40583566	60.576203
40585179	60.576203
40593972	60.582123
40606871	60.585696
40608700	60.585771
40614714	60.585804
40621923	60.602624
40624506	60.602684
40624703	60.606686
40625385	60.620618
40628098	60.627757
40633210	60.642663
40640151	60.645943
40651521	60.646346
40652882	60.646348
40656671	60.646348
40660064	60.646348
40687130	60.646348
40696475	60.648603
40708660	60.648647
40723302	60.648783
40733588	60.649007
40739678	60.649847
40744910	60.650991
40751945	60.656677
40754042	60.657599
40756334	60.661084
40757007	60.675208
40758189	60.722368
40759651	60.748320
40759938	60.748325
40760917	60.748358
40761235	60.748367
40766062	60.748691
40767965	60.777385
40768502	60.777421
40769947	60.777584
40773215	60.808403
40776580	60.808782
40777580	60.809852
40778012	60.809898
40778744	60.810288
40780220	60.813526
40780250	60.813657
40780278	60.815258
40780769	60.876012
40782457	60.958724
40783199	60.963740
40783806	60.963823
40786012	60.963874
40789364	60.963875
40793295	60.963876
40795173	60.974910
40795207	60.974915
40797363	60.975213
40804137	60.976565
40805108	60.978360
40807505	60.983977
40810713	61.018874
40812113	61.030281
40818218	61.036282
40837987	61.042965
40838428	61.042966
40839144	61.043234
40845192	61.043274
40846270	61.043294
40847265	61.043494
40860400	61.050406
40872290	61.103252
40873558	61.103288
40876955	61.132750
40877933	61.132778
40880178	61.150015
40885734	61.157424
40886533	61.157908
40898605	61.170043
40899588	61.170390
40900239	61.172419
40901981	61.200396
40902393	61.212700
40904415	61.213445
40907482	61.216936
40908574	61.217203
40909726	61.217271
40914453	61.218324
40919014	61.218530
40920610	61.218638
40921808	61.218786
40922675	61.218788
40927824	61.218811
40933869	61.218862
40934663	61.218883
40934677	61.218883
40935267	61.218994
40936652	61.220510
40940161	61.256878
40940207	61.258887
40940800	61.387129
40941172	61.552962
40941183	61.593290
40941941	61.704463
40942378	61.704515
40942455	61.704518
40942874	61.704518
40942908	61.704518
40943057	61.704518
40943728	61.704518
40944399	61.704574
40948050	61.704829
40949341	61.704867
40952086	61.704869
40952459	61.704880
40957739	61.704953
40958988	61.716054
40973576	61.716256
40978437	61.716350
40988211	61.720635
40988573	61.721552
40992128	61.722449
40992162	61.722454
40992476	61.722628
40993474	61.723827
40995364	61.736283
41002316	61.753104
41003152	61.754957
41006753	61.755005
41008191	61.830651
41008234	61.831836
41008935	61.969671
41010380	61.970100
41012314	61.970207
41019953	61.993999
41024328	61.998678
41026309	62.003754
41032765	62.003754
41033577	62.003754
41044410	62.003754
41045573	62.003759
41047903	62.003766
41067516	62.004255
41070005	62.044370
41082628	62.044614
41083599	62.046186
41085048	62.048467
41087492	62.073586
41090753	62.073596
41112172	62.073601
41115632	62.073601
41119055	62.073601
41121324	62.073601
41140431	62.073601
41161087	62.073601
41192527	62.073601
41202611	62.073601
41204956	62.073601
41217942	62.073601
41238429	62.073602
41250491	62.073833
41251738	62.083178
41260839	62.083352
41261870	62.083641
41263998	62.085959
41264804	62.088067
41264835	62.088259
41264850	62.088560
41264885	62.097938
41264920	62.097986
41264922	62.097991
41265562	62.119497
41267568	62.152768
41269240	62.155297
41269851	62.155308
41272013	62.155402
41274356	62.155657
41278937	62.167247
41279036	62.190246
41279132	62.192156
41279394	62.198924
41279616	62.219252
41281645	62.220753
41286892	62.220781
41287104	62.220783
41287544	62.220795
41287619	62.241158
41287782	62.267616
41289089	62.340238
41290004	62.341051
41291464	62.343861
41292077	62.343879
41293400	62.343889
41294570	62.343894
41296735	62.343900
41298761	62.357822
41303886	62.357835
41309142	62.357835
41310915	62.357835
41314505	62.357848
41321814	62.358067
41321823	62.358069
41322290	62.358597
41322407	62.359063
41325649	62.395270
41328024	62.399993
41328376	62.400340
41334213	62.403026
41334815	62.403058
41337164	62.403084
41338289	62.403084
41340373	62.403265
41341424	62.405367
41342906	62.413228
41353068	62.416334
41365900	62.421761
41375661	62.421783
41376641	62.421785
41378989	62.432206
41379079	62.432206
41379666	62.432206
41380366	62.432237
41383750	62.446502
41384195	62.447102
41387601	62.447104
41388257	62.447104
41389135	62.448030
41393222	62.472370
41393582	62.472767
41398001	62.472768
41399744	62.472805
41402039	62.488469
41405782	62.488549
41406122	62.488694
41406157	62.488766
41406894	62.493271
41409203	62.550079
41412585	62.550126
41413917	62.551023
41414531	62.551078
41415947	62.551797
41418340	62.569192
41420721	62.570552
41423035	62.581522
41423282	62.581562
41425076	62.593711
41425942	62.595424
41438607	62.596677
41439998	62.597382
41440474	62.597382
41443277	62.597386
41443589	62.598116
41447576	62.615674
41452843	62.617699
41456779	62.617700
41470022	62.617700
41470231	62.617700
41472251	62.617782
41475408	62.618069
41476900	62.672590
41477923	62.674682
41478811	62.675000
41479796	62.675132
41480319	62.675665
41480451	62.676043
41483391	62.811195
41483666	62.816653
41484588	62.820099
41492830	62.821397
41499228	62.822800
41507877	62.823344
41515144	62.830871
41516748	62.849805
41518543	62.860265
41531460	62.875257
41540381	62.880251
41544553	62.880329
41548640	62.895658
41600467	62.896632
41663893	62.896633
41672311	62.896633
41673059	62.896633
41695561	62.896633
41709967	62.896633
41714313	62.896633
41715448	62.896633
41781612	62.896633
41786902	62.896633
41871858	62.896633
41890043	62.896633
41894890	62.896633
41895349	62.896633
41899132	62.896633
41915014	62.896633
41916664	62.896633
41917489	62.896633
41921817	62.896635
41923740	62.896637
41926784	62.896666
41940357	62.910604
41941198	62.918250
41941281	62.921963
41942247	62.928554
41942527	63.093332
41943125	63.191500
41943210	63.208412
41944301	63.244997
41948009	63.246128
41948594	63.246288
41956843	63.246373
41957543	63.246377
41961874	63.247041
41964712	63.247114
41965690	63.247341
41968199	63.265272
41971625	63.267799
41979346	63.270692
41981596	63.271167
41984466	63.275631
41986746	63.286693
41989348	63.287343
41990607	63.292426
42006304	63.317313
42009717	63.317688
42013446	63.317778
42013473	63.317778
42018485	63.333069
42018880	63.333295
42041385	63.333301
42049703	63.333301
42066133	63.333357
42067973	63.333411
42069420	63.333584
42072365	63.335112
42078408	63.381130
42083178	63.388016
42087875	63.388266
42088188	63.388266
42092413	63.389000
42096257	63.389023
42097082	63.389706
42097387	63.392937
42098805	63.395885
42099181	63.434032
42099246	63.434172
42099953	63.462380
42102578	63.468034
42102887	63.473275
42105345	63.474195
42116290	63.474464
42121005	63.477679
42126599	63.481837
42126912	63.481867
42144332	63.486662
42150158	63.486662
42171940	63.487904
42175932	63.489671
42188430	63.504756
42188652	63.509207
42201211	63.509567
42204458	63.512022
42210500	63.512257
42212419	63.512304
42218205	63.527542
42228428	63.527791
42232020	63.527967
42234129	63.531803
42234862	63.531872
42236725	63.532531
42237960	63.532683
42239274	63.533358
42242209	63.537464
42243288	63.537551
42246010	63.561991
42246092	63.580354
42246646	63.581145
42247464	63.612138
42248007	63.612914
42248987	63.625327
42251342	63.659477
42252826	63.664529
42254469	63.665383
42260062	63.665433
42262701	63.665443
42265668	63.665447
42269042	63.665447
42281505	63.665448
42301773	63.665448
42304245	63.665449
42309092	63.665449
42311708	63.665449
42313632	63.666194
42313842	63.677769
42320611	63.678383
42328040	63.690954
42328444	63.690991
42330099	63.691006
42364064	63.693883
42365295	63.703247
42381789	63.703441
42387319	63.703631
42405720	63.703657
42425149	63.703752
42430429	63.704872
42431113	63.705393
42432265	63.707970
42433119	63.736072
42433725	63.737427
42437990	63.754824
42438535	63.754850
42441708	63.756936
42463877	63.757319
42466580	63.757783
42482189	63.780649
42485996	63.793500
42492040	63.868624
42492448	63.870179
42508588	63.881602
42510792	63.881680
42518279	63.881699
42523089	63.893038
42525871	63.894208
42539611	63.899946
42559944	63.899967
42560892	63.899967
42573079	63.899967
42578115	63.899967
42627230	63.902835
42636017	63.906237
42666651	63.906590
42669338	63.906610
42681026	63.906610
42685348	63.906610
42717425	63.912687
42722067	63.912687
42732394	63.912694
42743686	63.912710
42760744	63.920741
42769891	63.920743
42777111	63.922967
42778953	63.925194
42782527	63.939467
42788597	64.040184
42788753	64.041613
42794450	64.045152
42809466	64.045824
42825509	64.046000
42825692	64.046000
42829445	64.046000
42831917	64.046000
42833186	64.046000
42837048	64.046000
42839572	64.053552
42847137	64.053552
42847587	64.053552
42847920	64.053552
42849117	64.053552
42851244	64.053552
42876222	64.056843
42878241	64.058726
42879341	64.103600
42881482	64.205422
42882003	64.207892
42883809	64.208011
42883954	64.208015
42894742	64.208015
42901234	64.208015
42915076	64.208015
42919035	64.208015
42919048	64.208827
42920009	64.208919
42926096	64.213416
42928200	64.213447
42929572	64.214035
42931975	64.223946
42932697	64.224256
42932833	64.224261
42940971	64.224261
42945259	64.224261
42984609	64.224261
42986972	64.224261
42987073	64.224261
42988913	64.224261
43002288	64.224261
43004413	64.224261
43014311	64.227357
43014910	64.228056
43020733	64.239916
43031013	64.247471
43043232	64.247479
43061305	64.247588
43067643	64.247667
43069949	64.247789
43082801	64.250440
43083396	64.261926
43084695	64.263128
43086239	64.268087
43088495	64.350004
43094125	64.351011
43095418	64.356193
43096674	64.357288
43107838	64.358038
43115567	64.358051
43148894	64.358325
43158242	64.370732
43165755	64.370733
43170260	64.370733
43192096	64.370735
43223500	64.370816
43277388	64.377005
43287584	64.392801
43291178	64.430855
43291772	64.431850
43295397	64.432328
43306984	64.434534
43364809	64.434754
43366984	64.434759
43378000	64.434774
43390953	64.434787
43394117	64.434787
43429691	64.442982
43458141	64.442982
43482317	64.442982
43499806	64.443204
43513635	64.443575
43520478	64.443729
43543475	64.444396
43548364	64.453228
43562408	64.454683
43577273	64.461715
43581608	64.462202
43607451	64.463334
43617161	64.472368
43637032	64.473238
43639982	64.473238
43648052	64.473238
43651911	64.476988
43688062	64.476988
43693955	64.476988
43700729	64.476988
43705318	64.485145
43711577	64.486091
43711950	64.486091
43728763	64.490539
43733475	64.490539
43742116	64.490539
43744144	64.501717
43745120	64.501737
43747786	64.501918
43750370	64.503807
43751114	64.503808
43753072	64.515427
43753461	64.519355
43755194	64.639593
43761322	64.640276
43768752	64.640297
43776430	64.641116
43783055	64.641379
43787603	64.642054
43792264	64.642156
43829718	64.644221
43845597	64.659068
43845615	64.659873
43867148	64.660924
43898824	64.660938
43904303	64.660951
43910469	64.665467
43911130	64.671865
43921996	64.683399
43927652	64.696749
43931050	64.697732
43935714	64.697804
43937354	64.698058
43937631	64.706675
43938186	64.706828
43945863	64.715039
43950808	64.723384
43954404	64.742662
43954633	64.742726
43954837	64.798843
43954996	64.830641
43956960	64.840607
43957456	64.841037
43959730	64.941356
43960344	64.941424
43960970	64.941426
43961759	64.941443
43963504	64.941719
43963678	64.942078
43964338	64.963803
43965267	65.075320
43965525	65.075368
43965536	65.075368
43969375	65.075368
43969591	65.075368
43975722	65.075368
43985637	65.075368
43994087	65.075881
43999302	65.076799
44017916	65.086703
44017929	65.086703
44018229	65.086703
44021492	65.086703
44025728	65.086704
44027170	65.086727
44028028	65.086995
44028401	65.087311
44036160	65.127028
44037116	65.204700
44041870	65.205583
44043424	65.205583
44046044	65.205583
44047297	65.205583
44048982	65.205583
44055387	65.205583
44056452	65.209380
44056619	65.209423
44057433	65.209425
44068079	65.214147
44081581	65.215042
44081636	65.215042
44087059	65.215042
44089505	65.215042
44091702	65.215849
44091994	65.216385
44096749	65.232423
44101119	65.233257
44101156	65.233283
44102039	65.233665
44105284	65.236262
44106032	65.236264
44106289	65.236266
44108347	65.236300
44108528	65.236314
44108823	65.236352
44110844	65.237138
44112999	65.238552
44120929	65.538475
44121463	65.592109
44123336	65.592118
44124544	65.592121
44128588	65.592134
44129866	65.592135
44131560	65.592140
44135601	65.592145
44135928	65.592158
44138887	65.592371
44146589	65.594502
44148143	65.685689
44149116	65.723422
44150411	65.723422
44151037	65.723422
44153694	65.723422
44159134	65.723422
44162279	65.723422
44173927	65.723422
44180435	65.723422
44196911	65.723422
44200473	65.723422
44254577	65.723429
44257817	65.723430
44264531	65.723435
44275221	65.731198
44280118	65.732054
44284783	65.765866
44290870	65.766930
44305628	65.767024
44320011	65.767628
44320326	65.768164
44321405	65.790566
44322283	66.005640
44322893	66.009935
44323120	66.009935
44324525	66.067221
44326819	66.068796
44328913	66.069465
44329145	66.069500
44329839	66.069553
44331219	66.083761
44332646	66.083761
44333000	66.083768
44343037	66.085414
44353519	66.092434
44356440	66.097104
44357003	66.104727
44357409	66.107177
44361580	66.108711
44362461	66.128828
44364925	66.129734
44366811	66.129752
44374226	66.129903
44374921	66.130471
44378298	66.165040
44380153	66.166842
44380727	66.170794
44383359	66.172437
44387256	66.172693
44389513	66.173469
44390644	66.199040
44390649	66.199042
44391934	66.201842
44394528	66.235413
44397071	66.242097
44400385	66.244116
44413202	66.244870
44419458	66.245114
44420391	66.245123
44421589	66.245281
44432074	66.253768
44433404	66.259111
44433972	66.261536
44435226	66.263304
44436512	66.263508
44437817	66.265234
44438312	66.265452
44438528	66.265763
44440121	66.269768
44441081	66.289555
44442415	66.369948
44444350	66.370579
44444383	66.382330
44445659	66.397256
44447071	66.397339
44447518	66.397345
44449578	66.397400
44453336	66.397407
44454641	66.398036
44462069	66.415731
44467874	66.428944
44468348	66.429119
44473332	66.429248
44479069	66.436660
44480539	66.436861
44484609	66.463793
44485653	66.467270
44487423	66.468593
44488259	66.470937
44490171	66.471612
44491941	66.481515
44492494	66.523631
44493272	66.525356
44493370	66.525357
44498873	66.525375
44499364	66.525377
44503472	66.525739
44503989	66.551538
44513284	66.552357
44515649	66.556107
44520570	66.600448
44522181	66.604244
44523603	66.604958
44540261	66.605051
44540940	66.605071
44542082	66.621179
44544197	66.621181
44549417	66.621187
44553151	66.621200
44554203	66.621201
44554790	66.621202
44557531	66.621212
44558140	66.621214
44558559	66.621220
44560077	66.624485
44561557	66.654621
44562121	66.654628
44562858	66.654647
44563599	66.654832
44564133	66.655704
44565358	66.663971
44566466	66.684068
44568036	66.788061
44568191	66.842962
44569219	66.846501
44570174	66.846602
44570565	66.846617
44571024	66.846646
44571183	66.846667
44572202	66.846667
44573924	66.846667
44584880	66.846667
44585308	66.851643
44586039	66.857509
44586685	66.857509
44601874	66.867771
44601934	66.867961
44601966	66.867961
44610917	66.867961
44611830	66.867961
44613777	66.867961
44614225	66.867961
44615207	66.867966
44615284	66.867967
44616618	66.868011
44616939	66.868015
44617445	66.868033
44617664	66.868053
44618083	66.910295
44618434	67.138117
44618469	67.164095
44619040	67.436103
44619113	67.436904
44619117	67.436906
44619874	67.436979
44620158	67.436983
44620471	67.436983
44624805	67.436988
44625086	67.456583
44625110	67.457310
44628112	67.457312
44629998	67.457312
44632563	67.457313
44633057	67.457313
44634907	67.457313
44637877	67.457314
44641950	67.457401
44645544	67.461218
44645613	67.479503
44647381	67.502207
44647534	67.536757
44647812	67.538815
44648131	67.547297
44648511	67.551475
44651704	67.553676
44655237	67.557668
44680598	67.557752
44682774	67.557768
44693957	67.563661
44703426	67.586138
44707931	67.586416
44710520	67.589338
44712328	67.604136
44720727	67.608745
44722272	67.608840
44724730	67.609093
44725861	67.609093
44726797	67.609093
44728128	67.609093
44732407	67.609093
44733734	67.609093
44734442	67.617068
44734471	67.617068
44741026	67.617069
44747188	67.617076
44747982	67.664751
44749852	67.790967
44750747	67.793883
44751213	67.793918
44758479	67.793988
44758584	67.793988
44761159	67.793988
44761444	67.796377
44768274	67.802294
44769789	67.802782
44775017	67.802782
44781292	67.803159
44782368	67.803399
44782498	67.823394
44787610	67.823546
44789394	67.824604
44789894	67.825052
44790419	67.826830
44795626	67.892094
44796129	67.893886
44798403	67.895316
44801286	67.896115
44805210	67.896957
44808585	67.897039
44810415	67.897056
44814109	67.898120
44828558	67.935056
44830040	67.935482
44831398	67.935491
44836522	67.936561
44856060	67.957166
44856222	67.987401
44857272	67.997672
44858584	67.998369
44865972	68.000179
44933458	68.000413
44933789	68.000414
44951873	68.000414
45129175	68.000415
45150716	68.000478
45165705	68.000492
45167355	68.001938
45172772	68.010332
45174828	68.015095
45174875	68.015097
45175586	68.015098
45176937	68.015101
45187329	68.015551
45198772	68.032080
45201731	68.054822
45203496	68.058404
45206805	68.058404
45209181	68.058404
45210714	68.058404
45223284	68.059113
45224088	68.059135
45224320	68.059184
45224665	68.067597
45225394	68.131283
45225715	68.137602
45230374	68.145689
45230457	68.146272
45230656	68.146276
45231324	68.147754
45242922	68.148221
45245241	68.148300
45251387	68.148303
45257602	68.155112
45263938	68.165818
45264987	68.165849
45266258	68.165957
45272393	68.168198
45274809	68.171384
45281640	68.171741
45288603	68.172649
45304002	68.177420
45309852	68.196037
45310689	68.236993
45310708	68.237190
45310854	68.240947
45310957	68.243182
45311397	68.389864
45315438	68.392935
45315565	68.392935
45320517	68.393063
45321150	68.393080
45321246	68.393080
45336405	68.393107
45342697	68.393107
45351715	68.393135
45352407	68.393661
45354269	68.419342
45354590	68.448114
45355454	68.450637
45356315	68.451180
45362820	68.452381
45369823	68.453855
45374734	68.475857
45400024	68.481181
45401909	68.481308
45422725	68.481341
45433556	68.481535
45445285	68.481592
45452037	68.484434
45453542	68.484995
45455643	68.506978
45474354	68.508355
45478074	68.508408
45494050	68.508456
45497543	68.508462
45499817	68.508465
45504580	68.508735
45505312	68.509100
45506573	68.546891
45506885	68.547939
45515289	68.555048
45519746	68.556510
45540061	68.557200
45541948	68.557227
45565892	68.558390
45577827	68.558464
45587888	68.558469
45623372	68.558719
45623637	68.559765
45640856	68.583521
45640897	68.583523
45659170	68.590227
45659207	68.591945
45659526	68.635356
45659546	68.635407
45659664	68.640020
45660182	68.685209
45660193	68.755717
45660378	68.757575
45663470	68.758156
45665304	68.758200
45666666	68.758311
45667526	68.758311
45668398	68.758314
45668610	68.758325
45669043	68.762786
45669346	68.775112
45672072	68.789164
45673213	68.790966
45681116	68.792688
45687805	68.792970
45689408	68.793000
45694210	68.793008
45699111	68.795784
45706036	68.796148
45711641	68.804779
45712155	68.804792
45718238	68.804837
45720073	68.804837
45720458	68.804840
45739398	68.805389
45747602	68.805451
45749708	68.807520
45760762	68.812092
45762069	68.812139
45764305	68.812187
45769458	68.812755
45771538	68.822629
45771740	68.823237
45772296	68.829832
45773413	68.830008
45774310	68.845681
45774780	68.846030
45774892	68.848917
45775174	68.860965
45777050	68.885546
45777838	68.885560
45779038	68.891766
45779428	68.891790
45783201	68.891797
45783993	68.891797
45791536	68.893670
45795562	68.908166
45797791	68.908719
45798415	68.908719
45798824	68.908762
45799685	68.909077
45802058	68.919575
45802553	68.919586
45803629	68.919607
45804423	68.922563
45808425	68.937584
45808919	68.958773
45810991	68.960588
45812384	68.969015
45812578	68.969019
45812792	68.969053
45816173	68.977501
45819965	68.978107
45825780	68.978406
45837659	68.982938
45840712	68.982998
45852822	68.985947
45855039	68.993551
45855169	68.999626
45856767	69.061737
45857061	69.062184
45860853	69.062712
45870802	69.062719
45877599	69.064183
45878470	69.068139
45880752	69.069795
45881274	69.069843
45893049	69.073526
45898740	69.076941
45899721	69.076947
45905107	69.095154
45908996	69.098758
45910709	69.099117
45916430	69.121323
45921236	69.125304
45922362	69.125660
45929112	69.125667
45939120	69.125717
45940341	69.139382
45942859	69.139394
45951023	69.140171
45951900	69.140171
45955801	69.140365
45958116	69.141810
45958213	69.143153
45959034	69.194144
45963707	69.198824
45974387	69.202376
45978231	69.202376
45982978	69.202376
45998232	69.202376
46012458	69.202376
46016936	69.202376
46018182	69.202469
46019548	69.202472
46024729	69.202472
46039246	69.202472
46054216	69.202477
46069828	69.202498
46088590	69.206642
46101149	69.221918
46132702	69.223552
46147669	69.224097
46151138	69.225537
46151763	69.229962
46158616	69.242593
46167249	69.244175
46171088	69.270466
46171686	69.270492
46172447	69.270651
46172895	69.283936
46179595	69.284563
46186365	69.284564
46193961	69.284571
46217217	69.288164
46218512	69.288250
46224006	69.288325
46230886	69.288445
46244139	69.289185
46251931	69.299768
46252039	69.299785
46253513	69.299849
46253553	69.300216
46257675	69.304478
46261940	69.513103
46262561	69.514071
46263522	69.514545
46267871	69.520323
46267953	69.520327
46270000	69.520329
46276350	69.520340
46276469	69.520341
46283665	69.520417
46286846	69.520419
46289097	69.520420
46290211	69.520425
46292180	69.520939
46292353	69.521204
46302426	69.524252
46304854	69.529936
46304995	69.530740
46306399	69.531835
46306791	69.531940
46306856	69.531962
46308024	69.538288
46308407	69.543768
46309176	69.570053
46309860	69.661730
46311269	69.764700
46311685	69.771211
46312017	69.782282
46312080	69.782291
46312581	69.782402
46312749	69.814468
46312801	69.814474
46312878	69.818188
46313450	69.882792
46315059	69.899186
46315909	69.900721
46316192	69.900722
46317536	69.900725
46319870	69.900734
46322318	69.901177
46322333	69.901205
46322710	69.944802
46323696	70.273142
46323965	70.273174
46325617	70.275942
46325920	70.275980
46330053	70.359447
46331043	70.359464
46332271	70.359479
46334287	70.359494
46334326	70.359494
46337100	70.359573
46340575	70.359621
46346695	70.359655
46353593	70.359675
46358240	70.359684
46358871	70.359684
46366421	70.359687
46368174	70.368094
46370185	70.368095
46371478	70.368095
46376959	70.368096
46381428	70.371090
46381849	70.377027
46385974	70.377050
46387157	70.384858
46388105	70.385982
46394812	70.385994
46400452	70.386062
46401780	70.386363
46401921	70.386403
46402222	70.397382
46402627	70.417507
46402697	70.436782
46404611	70.439386
46405858	70.439405
46411996	70.439465
46423612	70.441437
46441189	70.474259
46452548	70.476188
46470903	70.478425
46472425	70.478556
46475028	70.478556
46476384	70.478556
46487817	70.478565
46520869	70.479313
46532588	70.479382
46539155	70.490147
46575686	70.493157
46582440	70.493158
46584462	70.493158
46587909	70.493158
46588537	70.493158
46607325	70.493158
46611152	70.493158
46611676	70.493158
46612448	70.493158
46616469	70.493419
46641943	70.493419
46647563	70.493419
46649414	70.493419
46656451	70.495399
46666393	70.505220
46668984	70.551145
46671292	70.553425
46698576	70.558023
46702131	70.558488
46703149	70.558488
46712049	70.559513
46712080	70.559518
46718013	70.570056
46718017	70.570057
46727668	70.570057
46737131	70.571440
46739304	70.571693
46761802	70.572066
46763697	70.572420
46774953	70.575506
46777132	70.575641
46801523	70.577490
46819598	70.577858
46825452	70.596734
46826640	70.596758
46834048	70.612302
46856155	70.613053
46909534	70.613679
46911408	70.614102
46927361	70.627995
46995499	70.627996
47019021	70.628023
47024648	70.628035
47033847	70.628035
47038023	70.628035
47043742	70.628035
47049445	70.628035
47050352	70.628035
47050708	70.628035
47054092	70.628038
47061200	70.629181
47063985	70.659873
47065835	70.660044
47068069	70.696388
47068881	70.783082
47068902	70.817304
47069223	70.817784
47071630	70.900501
47072758	70.903212
47073447	70.933704
47073463	70.933724
47074000	70.943427
47075315	70.945172
47076194	70.983115
47077264	70.986587
47077363	70.986588
47079368	70.986590
47079926	70.986591
47080280	70.986593
47081689	70.986602
47081826	70.986604
47082059	70.986820
47082361	70.988418
47083472	71.267233
47084139	71.267241
47088760	71.294339
47089384	71.294347
47089398	71.294347
47091605	71.294353
47092999	71.294355
47096689	71.294356
47104576	71.294358
47113320	71.294359
47115192	71.294359
47116835	71.294359
47121071	71.294359
47123240	71.294359
47138916	71.296753
47177194	71.299093
47177518	71.299132
47215829	71.301655
47273216	71.309275
47275190	71.309275
47275337	71.309276
47277932	71.309282
47297505	71.309335
47310647	71.310943
47313859	71.310987
47314877	71.351038
47315758	71.351050
47317317	71.351066
47326357	71.357780
47328116	71.358200
47330754	71.379347
47336868	71.380700
47346374	71.381082
47349640	71.382477
47351574	71.393425
47352494	71.425254
47352820	71.427629
47353223	71.500252
47353474	71.509385
47354367	71.513450
47354829	71.523881
47354947	71.523913
47355945	71.563728
47357316	71.570283
47358270	71.591074
47359524	71.595827
47376805	71.596091
47382320	71.596152
47382722	71.596156
47383264	71.596156
47384380	71.596157
47392628	71.596157
47401544	71.596157
47403055	71.596711
47404623	71.604884
47405776	71.605307
47419900	71.605310
47452558	71.607628
47454510	71.618598
47468252	71.618598
47476902	71.618598
47483855	71.618598
47493595	71.618598
47513567	71.626551
47514277	71.627398
47515191	71.634881
47515715	71.634883
47516494	71.635068
47517541	71.636484
47517743	71.711457
47517949	71.733651
47518052	71.767256
47518267	71.770060
47518556	71.878140
47521073	71.878839
47522469	71.879525
47523554	71.880744
47525645	71.891396
47534832	71.900600
47536459	71.905317
47541410	71.906951
47542316	71.908046
47543937	71.908634
47556458	71.910164
47559608	71.910166
47563786	71.924592
47564400	71.924592
47566369	71.924922
47573348	71.925034
47577815	71.950213
47578372	71.950361
47579879	71.960062
47580762	71.999389
47585967	71.999432
47588697	71.999510
47589011	71.999601
47589258	71.999636
47590877	72.000218
47593626	72.001020
47600863	72.014609
47602150	72.026679
47603232	72.026704
47603463	72.027395
47603509	72.028135
47606962	72.173592
47607479	72.173595
47609432	72.173597
47614777	72.173615
47616420	72.173645
47618068	72.173740
47618786	72.173762
47620476	72.183297
47620719	72.200073
47620938	72.205525
47624080	72.205660
47624526	72.205816
47625281	72.206146
47625846	72.206156
47627087	72.209574
47630072	72.234374
47633816	72.240831
47634116	72.240837
47643466	72.240903
47644500	72.240903
47655674	72.240903
47655859	72.240912
47657994	72.241316
47659597	72.249791
47662353	72.267258
47664590	72.270849
47664812	72.270894
47666222	72.286708
47667778	72.288188
47668716	72.288565
47680692	72.288814
47698295	72.288943
47699900	72.289016
47710518	72.294176
47723154	72.299299
47736964	72.318421
47740980	72.320140
47745057	72.320721
47745616	72.320856
47749113	72.321310
47749218	72.321381
47749277	72.322337
47752051	72.442464
47753742	72.442772
47754113	72.456097
47758627	72.456920
47763568	72.462336
47774438	72.466945
47776352	72.467447
47798647	72.467447
47803573	72.467642
47805848	72.468900
47806610	72.472746
47811980	72.477724
47815504	72.478912
47834691	72.478935
47846275	72.478992
47849816	72.479011
47851565	72.489114
47853295	72.489123
47859327	72.489237
47866769	72.490166
47871075	72.492754
47878642	72.494310
47883618	72.502632
47886437	72.533609
47891790	72.539200
47892065	72.539254
47892511	72.561125
47893629	72.586833
47901047	72.588234
47909183	72.603000
47910007	72.603278
47924428	72.603959
47933932	72.604025
47978461	72.604570
47981251	72.607294
47981697	72.607294
47985570	72.607294
47994483	72.607294
48002756	72.607294
48035670	72.607294
48040800	72.607294
48050544	72.607295
48060096	72.607483
48079309	72.608020
48083099	72.637338
48086929	72.637981
48089854	72.648678
48090397	72.650715
48099528	72.651435
48099794	72.651792
48100283	72.652883
48107503	72.682910
48107940	72.686231
48125721	72.686284
48139474	72.686370
48149541	72.686508
48154624	72.687997
48163587	72.770347
48169338	72.781848
48169412	72.781850
48170520	72.781869
48173120	72.784975
48174733	72.790545
48177899	72.822930
48179121	72.823156
48188271	72.823237
48201798	72.830039
48201889	72.832210
48204013	72.982563
48204340	72.982621
48208230	72.982625
48214211	72.982630
48214973	72.982630
48234086	72.982630
48240154	72.982630
48243340	72.982636
48243562	72.998365
48296163	72.998450
48297454	72.998764
48306859	72.999111
48312025	73.002577
48312726	73.051746
48312982	73.055598
48314720	73.056606
48316325	73.057136
48319823	73.057280
48359634	73.057282
48363803	73.057341
48363819	73.057341
48363901	73.057346
48429204	73.078945
48429297	73.078949
48442170	73.078954
48442950	73.078954
48443023	73.078954
48446948	73.109793
48447262	73.109897
48454705	73.109901
48460036	73.109901
48460513	73.109901
48467829	73.110170
48472995	73.112333
48474503	73.163877
48476947	73.164901
48489701	73.165368
48491112	73.165369
48497373	73.185101
48529167	73.186220
48553578	73.206406
48558618	73.206583
48570516	73.206583
48575141	73.206583
48606856	73.206703
48608931	73.206795
48609294	73.207301
48610543	73.217150
48612345	73.218544
48613480	73.218595
48639127	73.221106
48644883	73.231238
48648812	73.231562
48650192	73.265994
48665152	73.266333
48673645	73.286669
48692982	73.287107
48742212	73.287108
48751010	73.287663
48763110	73.292121
48768767	73.327354
48781420	73.332016
48809512	73.332016
48814381	73.333057
48833101	73.333244
48835840	73.350461
48839747	73.350500
48862227	73.351410
48867484	73.369308
48869226	73.370694
48891182	73.370841
48892774	73.370841
48894759	73.370841
48903516	73.370841
48905919	73.370841
48906204	73.370841
48961175	73.370841
48972679	73.370841
48973196	73.370841
48991085	73.370854
48994855	73.370860
49000431	73.370937
49002612	73.371122
49014249	73.421648
49022390	73.446292
49024549	73.446475
49033821	73.446604
49036570	73.446604
49049104	73.461263
49067360	73.461264
49079136	73.461411
49139825	73.481189
49152147	73.481342
49160529	73.499691
49161211	73.500280
49181628	73.500374
49203767	73.500456
49216925	73.506119
49219318	73.509745
49224768	73.510239
49237061	73.523930
49244225	73.524078
49245158	73.532973
49252667	73.533396
49256855	73.533430
49272561	73.533787
49274368	73.533914
49317625	73.534690
49323232	73.534690
49346325	73.534690
49602674	73.534690
49607806	73.534690
49608964	73.534690
49614970	73.534690
49616311	73.534690
49618604	73.534698
49627296	73.534749
49628501	73.534753
49630687	73.534807
49633121	73.534972
49634819	73.534998
49639878	73.535294
49639972	73.535330
49639978	73.535373
49639998	73.535666
49640308	73.547072
49640514	73.658787
49640639	73.757791
49643078	73.789208
49643685	73.795636
49647855	73.809999
49653515	73.818727
49659661	73.818811
49665561	73.818815
49675646	73.818820
49678582	73.818821
49705942	73.818824
49710215	73.819447
49718725	73.834197
49736084	73.846089
49837546	73.850516
49864055	73.851522
49869751	73.853181
49870048	73.853239
49882358	73.862479
49889100	73.862479
49898528	73.862480
49899025	73.862485
49917263	73.863055
49918232	73.863219
49931565	73.870761
49933044	73.886983
49933278	73.891078
49933753	73.927274
49936439	73.945287
49939911	73.945465
49949319	73.964513
50033305	73.972806
50034050	73.972827
50106837	73.973160
50120453	73.994092
50134588	73.994109
50147029	73.994203
50154884	73.994677
50162158	73.995844
50177367	74.012349
50197473	74.024649
50201838	74.049503
50212749	74.049503
50280298	74.049503
50297835	74.049503
50313814	74.049503
50315476	74.049503
50316839	74.050246
50359768	74.052772
50365145	74.053657
50372971	74.129575
50377201	74.129575
50380968	74.129575
50387546	74.129575
50393790	74.130478
50397853	74.139354
50399266	74.140302
50403572	74.140477
50406210	74.140477
50406247	74.140477
50413331	74.140970
50459752	74.151673
50460404	74.174293
50461780	74.179804
50465240	74.182161
50465335	74.182180
50471871	74.182559
50481830	74.182833
50485581	74.182857
50490529	74.183187
50499540	74.183262
50500143	74.193111
50501281	74.193121
50506685	74.193199
50509148	74.193977
50509198	74.194001
50525447	74.206196
50533830	74.206423
50552570	74.206788
50556660	74.207035
50581903	74.229943
50590111	74.240573
50598598	74.266038
50601869	74.268596
50606237	74.274095
50606668	74.275455
50609525	74.276107
50613289	74.277394
50619559	74.281151
50625131	74.281744
50628319	74.297549
50628676	74.302187
50629882	74.308372
50632773	74.308745
50636075	74.308746
50640045	74.309009
50640584	74.309065
50641082	74.309142
50642734	74.318407
50644787	74.334293
50645635	74.335224
50647123	74.339066
50650461	74.339209
50651707	74.578803
50651807	74.586185
50653024	74.611748
50653988	74.618536
50654258	74.629994
50657315	74.642501
50660747	74.642521
50668709	74.642719
50697157	74.645951
50702596	74.650215
50710255	74.653649
50716291	74.673994
50717280	74.675910
50717632	74.748365
50717841	74.748771
50718515	74.749498
50725714	74.750480
50726691	74.750556
50728111	74.764386
50734479	74.769311
50738577	74.770270
50740978	74.770365
50747918	74.770551
50752551	74.770561
50754080	74.770563
50757086	74.771229
50757570	74.771641
50771167	74.777894
50783823	74.778434
50799692	74.778861
50804405	74.790004
50806336	74.791645
50806471	74.791694
50819999	74.798026
50826458	74.798593
50828086	74.798681
50839447	74.798785
50840492	74.799221
50844405	74.799221
50847556	74.799221
50856287	74.799367
50856333	74.799395
50863352	74.799426
50864218	74.799458
50864905	74.815624
50865289	74.827568
50865829	74.897620
50866614	74.898177
50867756	74.898178
50872072	74.898180
50875693	74.898180
50878496	74.898180
50878499	74.898180
50879791	74.898286
50881898	74.898289
50882085	74.898292
50885870	74.898323
50889504	74.901499
50895660	74.903268
50896902	74.904175
50901074	74.910129
50902648	74.910972
50902967	74.911101
50903237	74.967244
50904064	74.980003
50906610	74.998544
50912016	74.999077
50913025	74.999095
50915966	75.095449
50933668	75.143107
50940455	75.150281
50954869	75.150894
50970591	75.151094
50979674	75.151431
50980027	75.151437
50982436	75.151454
50985905	75.153666
50994551	75.153973
51005995	75.154061
51021178	75.154148
51022946	75.155005
51026331	75.190958
51032975	75.204600
51039019	75.207087
51052909	75.207093
51052912	75.207093
51059349	75.207353
51074632	75.224468
51077558	75.224583
51087232	75.237312
51087392	75.237319
51108824	75.248638
51114588	75.250059
51154372	75.250657
51170013	75.250721
51202503	75.250927
51224610	75.251608
51232694	75.258679
51248956	75.294489
51249485	75.295178
51257124	75.297753
51272980	75.298193
51273589	75.298194
51319584	75.298236
51330423	75.298237
51332808	75.298246
51334207	75.298264
51340243	75.302221
51341324	75.307013
51343593	75.309715
51345954	75.309716
51348625	75.309719
51376189	75.309786
51378259	75.310963
51379367	75.311900
51385762	75.311925
51400000	75.312396
51406825	75.315073
51410990	75.325666
51416063	75.329656
51427966	75.331573
51428944	75.333551
51431253	75.357572
51433418	75.361665
51434600	75.362060
51435534	75.362108
51438689	75.362181
51447293	75.362337
51447630	75.362476
51458235	75.366900
51463618	75.367202
51466823	75.380916
51472513	75.381236
51486831	75.381425
51499818	75.386197
51520348	75.386286
51601419	75.393360
51601443	75.393360
51601657	75.393360
51609183	75.393445
51644318	75.397647
51698194	75.397973
51737092	75.397973
51747345	75.397973
51760517	75.397973
51867873	75.400350
51895804	75.400351
51898511	75.405705
51935186	75.405706
52016034	75.405716
52099015	75.410122
52276391	75.415426
52321191	75.415556
52324073	75.415575
52416615	75.416865
52557533	75.418895
52632187	75.423198
52666845	75.426748
52817484	75.447084
52845911	75.447103
52848883	75.447106
52854383	75.447123
52858275	75.447135
52862872	75.447153
52862921	75.447866
52870258	75.468413
52882352	75.468443
52922544	75.468678
52930909	75.468890
52932844	75.468971
52934833	75.469152
52973467	75.473729
52975411	75.473826
52991453	75.474880
52995775	75.484893
53000984	75.503014
53004072	75.503124
53011711	75.503126
53016764	75.503135
53020089	75.503136
53027336	75.503714
53028972	75.526792
53030137	75.546335
53033943	75.546685
53044880	75.548005
53046193	75.548031
53047534	75.548225
53048565	75.548565
53049975	75.567365
53058294	75.570107
53058653	75.570112
53070305	75.571800
53073472	75.615281
53074242	75.616513
53074311	75.634312
53088121	75.653037
53092258	75.653824
53094056	75.653840
53098284	75.653849
53102226	75.653853
53103343	75.653853
53103497	75.653853
53103594	75.653853
53111093	75.653854
53125208	75.653854
53125709	75.653856
53127598	75.653868
53150344	75.676957
53181137	75.677052
53186829	75.677279
53191654	75.677550
53205068	75.677671
53205302	75.677676
53206910	75.678243
53217777	75.685553
53220442	75.688117
53224188	75.693236
53227254	75.733683
53233121	75.741468
53233643	75.748057
53241965	75.760450
53242844	75.760590
53253869	75.764701
53253991	75.764834
53255064	75.764896
53255459	75.764898
53257717	75.764943
53259145	75.765404
53264405	75.766565
53266496	75.767387
53266612	75.767654
53268746	75.776796
53270238	75.778948
53270337	75.778948
53270467	75.778948
53271048	75.778948
53273313	75.778948
53274525	75.789787
53278706	75.792106
53278916	75.792318
53279396	75.793005
53281577	75.811931
53283079	75.832339
53283805	75.879542
53284144	75.948162
53288098	76.077936
53288398	76.082801
53289048	76.088378
53289390	76.137431
53290050	76.203472
53294382	76.207073
53295429	76.214609
53297963	76.217402
53301013	76.225040
53303290	76.228148
53305613	76.228516
53306405	76.228548
53308966	76.241978
53309550	76.282094
53310477	76.294890
53314825	76.317324
53314906	76.317343
53315676	76.318313
53316557	76.334820
53317830	76.420087
53319588	76.427841
53328884	76.453828
53334701	76.465151
53335176	76.465153
53352578	76.465210
53370013	76.465249
53390262	76.465284
53393590	76.465289
53406445	76.465302
53419196	76.465312
53419748	76.465312
53422619	76.465313
53427432	76.465313
53440265	76.465313
53444838	76.465364
53470288	76.465762
53510480	76.465931
53515126	76.474750
53570831	76.474983
53580794	76.477171
53580816	76.477171
53593214	76.477171
53614686	76.477171
53640923	76.477626
53658823	76.477661
53663038	76.477666
53683019	76.479797
53691713	76.498435
53718421	76.501283
53740260	76.501700
53745614	76.501903
53746943	76.505311
53747794	76.521877
53758282	76.527653
53763295	76.527921
53767499	76.527927
53771441	76.527932
53776031	76.531738
53786441	76.545720
53796676	76.545741
53813128	76.545849
53814421	76.545856
53816119	76.545863
53817729	76.545925
53834837	76.546255
53846657	76.547249
53854174	76.548225
53856927	76.549159
53861453	76.553154
53863291	76.559498
53863887	76.559745
53876802	76.593771
53877978	76.619014
53880374	76.619026
53881577	76.619088
53882090	76.622670
53882146	76.623256
53882349	76.628642
53884322	76.771406
53888228	76.779137
53888300	76.779199
53889005	76.779306
53896464	76.779529
53900662	76.780267
53906108	76.780298
53906416	76.780298
53923796	76.780408
53927310	76.780414
53942914	76.780419
53981456	76.780483
53996345	76.780627
54040446	76.780715
54041345	76.781640
54045724	76.802390
54064206	76.806829
54065024	76.806831
54066437	76.807270
54067146	76.807270
54114259	76.807270
54171885	76.807270
54172269	76.807270
54181679	76.807271
54253460	76.821897
54281085	76.847488
54379197	76.850382
54392563	76.852476
54419891	76.866399
54424409	76.881986
54427719	76.901032
54431976	76.980916
54433674	76.990833
54451718	77.005377
54470556	77.009790
54471812	77.010042
54495436	77.027496
54500847	77.028402
54514400	77.029795
54548415	77.030014
54569818	77.030067
54586662	77.030129
54592345	77.030135
54602815	77.043007
54619691	77.054766
54620187	77.054767
54621854	77.054775
54639302	77.062886
54644745	77.083737
54672897	77.085983
54696558	77.086560
54697147	77.102441
54702662	77.102575
54704405	77.104762
54709037	77.104866
54709794	77.104877
54710932	77.135262
54714038	77.141561
54714916	77.141797
54715190	77.141862
54730895	77.141862
54739480	77.141864
54741430	77.141947
54741676	77.141989
54745385	77.145733
54752182	77.173540
54756852	77.176526
54759399	77.177573
54765688	77.179789
54765868	77.179794
54781012	77.180149
54783584	77.180370
54810072	77.180541
54811644	77.180547
54864804	77.182195
54876667	77.184406
54878532	77.184408
54916996	77.184507
54924314	77.186867
54957185	77.192546
54962414	77.199948
54965963	77.199948
54976258	77.199991
55000953	77.200379
55008850	77.201140
55018711	77.223228
55021308	77.290538
55029893	77.322710
55031184	77.322922
55045079	77.323205
55056984	77.323267
55067588	77.323368
55093720	77.323437
55103549	77.323441
55107412	77.323441
55118310	77.323442
55130107	77.323446
55130942	77.323446
55132015	77.323892
55136734	77.347418
55157667	77.347418
55157818	77.347418
55161587	77.351300
55164979	77.351300
55187079	77.352557
55188789	77.353008
55220532	77.353191
55257359	77.353400
55310861	77.356426
55326058	77.359000
55329278	77.359262
55335504	77.378588
55434942	77.378588
55481666	77.384187
55484485	77.384189
55519478	77.384273
55520441	77.384850
55527693	77.397957
55548340	77.398196
55548745	77.401083
55573838	77.401466
55618144	77.402473
55679213	77.402479
55707049	77.402485
55781100	77.402500
55809044	77.402512
55826340	77.402564
55846281	77.402638
55857991	77.403047
55867558	77.404502
55881879	77.414639
55883928	77.415217
55885896	77.435339
55926596	77.448364
55934291	77.448566
55970305	77.448571
56044495	77.448572
56048990	77.448572
56065810	77.448572
56075334	77.451587
56119237	77.451733
56183401	77.453294
56225748	77.465184
56238310	77.479965
56238551	77.480019
56248422	77.480021
56250473	77.480021
56265083	77.481941
56401840	77.483571
56470879	77.484765
56573056	77.485612
56584356	77.485809
56702986	77.486287
56708293	77.486585
56733571	77.492076
56739611	77.519896
56751918	77.522569
56785262	77.523840
56788763	77.528446
56802845	77.530141
56833147	77.530141
56862956	77.530141
56933062	77.531840
56983273	77.536174
57116441	77.536174
57198267	77.536185
57214891	77.542468
57302656	77.543365
57406256	77.543365
57489006	77.543379
57517150	77.543429
57692038	77.544459
57767851	77.563577
57887251	77.564281
57965238	77.569629
58001033	77.570124
58094990	77.570137
58477084	77.570198
58999901	77.570921
60000000	77.573203
62094990	77.577982
62477084	77.578854
62497036	77.578900
62540525	77.578955
62555085	77.600158
62615737	77.605986
62651534	77.605990
62659087	77.623293
62814735	77.623311
62871957	77.623315
62929219	77.623317
62959545	77.623544
62982716	77.624412
63008092	77.631997
63010461	77.632039
63367876	77.663193
63467895	77.664817
63472357	77.664822
63513209	77.664848
63557551	77.664882
63566655	77.665343
63601927	77.673929
63664920	77.675279
63744843	77.675739
63804198	77.676384
63852981	77.676397
63999737	77.676585
64004087	77.689350
64047506	77.689406
64333971	77.689641
64397427	77.689641
64484908	77.692597
64507069	77.707007
64529274	77.707757
64652514	77.707945
64821507	77.708043
64845677	77.708220
64867508	77.711787
64895742	77.712434
64905856	77.718029
64916494	77.718038
64955859	77.718254
65033216	77.718436
65120131	77.719274
65185289	77.720112
65217195	77.720254
65456677	77.723761
65464422	77.754482
65590111	77.756323
65620673	77.759095
65641095	77.759931
65803565	77.766133
65807464	77.766135
65856673	77.766177
65883423	77.766270
65889025	77.766293
65960640	77.767736
65973176	77.767741
65995295	77.767743
66010584	77.771432
66025129	77.771705
66034772	77.774613
66043946	77.829889
66044595	77.833077
66052274	77.833961
66101443	77.844088
66149733	77.845423
66160441	77.845522
66162843	77.845527
66164321	77.846166
66170894	77.862552
66172339	77.867138
66178957	77.872385
66193829	77.873723
66198947	77.873871
66200767	77.873871
66239381	77.876588
66312336	77.876722
66388491	77.886127
66410430	77.897494
66429538	77.897624
66438047	77.898830
66442056	77.919758
66446432	77.922682
66486237	77.923517
66504016	77.939566
66514002	77.939730
66527647	77.939974
66594118	77.941458
66595749	77.941458
66599381	77.957084
66601323	77.957639
66603359	77.967145
66605144	77.967656
66624001	77.967656
66649285	77.969105
66713007	77.979102
66786151	77.989208
66797185	77.990709
66827503	77.990862
66891788	77.991156
66905074	77.992910
66911853	78.011378
66930094	78.013786
66950658	78.013880
67048360	78.013976
67048532	78.024199
67095888	78.024245
67120595	78.024245
67164082	78.025036
67165618	78.034210
67210829	78.035032
67229645	78.037837
67284220	78.040760
67334998	78.050689
67339125	78.050689
67343176	78.050690
67350329	78.050706
67354033	78.063164
67415312	78.063775
67456553	78.063998
67489076	78.064078
67497230	78.064087
67515075	78.075710
67515243	78.075710
67528513	78.084018
67581463	78.086957
67645654	78.086973
67659077	78.086973
67676853	78.086976
67698871	78.087177
67722783	78.090966
67730912	78.094930
67780724	78.095365
67783742	78.103496
67808380	78.103503
67827143	78.103503
67844294	78.103503
67894187	78.103503
67923215	78.103503
67941876	78.103503
67951307	78.103503
67953889	78.103503
67957961	78.104273
67989093	78.104424
68014813	78.110190
68031643	78.122330
68034739	78.122819
68041587	78.125349
68042077	78.125349
68044002	78.125349
68057805	78.125349
68061755	78.125349
68064271	78.126672
68066129	78.132401
68066225	78.132401
68089473	78.132402
68091240	78.132402
68093427	78.133535
68096325	78.166143
68099112	78.167490
68099252	78.167514
68099963	78.167514
68101475	78.171684
68113911	78.171949
68131933	78.172538
68142258	78.174629
68146676	78.174674
68151795	78.175119
68153854	78.175348
68156478	78.178903
68160680	78.185529
68164058	78.185972
68165495	78.185976
68166102	78.185976
68173299	78.185976
68175697	78.185976
68176683	78.185976
68181815	78.185991
68183881	78.186045
68184436	78.186063
68185608	78.191065
68187600	78.267416
68191177	78.282624
68194584	78.302404
68199713	78.303407
68205491	78.303819
68211972	78.303935
68215905	78.303935
68219493	78.303935
68249609	78.303935
68261566	78.304167
68263144	78.304167
68271571	78.304171
68280217	78.320025
68294020	78.320031
68298140	78.320461
68313879	78.322816
68347648	78.337894
68356924	78.338128
68357338	78.338171
68359107	78.338985
68365363	78.349203
68373537	78.349287
68374026	78.349288
68374101	78.349305
68375602	78.349312
68386425	78.349384
68403268	78.360817
68404372	78.376001
68405167	78.439154
68406567	78.454601
68407758	78.455409
68408209	78.455897
68411889	78.455897
68420707	78.455897
68421758	78.455897
68445787	78.457136
68461810	78.462611
68466502	78.463405
68487755	78.466145
68498323	78.467161
68515154	78.478031
68541161	78.478041
68561373	78.478041
68562368	78.478042
68573279	78.478049
68574196	78.478050
68578337	78.478083
68579296	78.478602
68581148	78.478977
68581153	78.478984
68583250	78.483159
68583441	78.483936
68587390	78.548764
68589266	78.555047
68593679	78.557354
68600357	78.557419
68607030	78.557684
68616166	78.558210
68617425	78.562163
68629847	78.563203
68635847	78.564148
68636577	78.611362
68639753	78.615376
68640253	78.616508
68645158	78.616606
68647252	78.616789
68647579	78.618375
68648530	78.673092
68651022	78.678059
68651185	78.678546
68652369	78.686057
68652879	78.706738
68653320	78.710861
68654540	78.717820
68660118	78.724976
68667403	78.768713
68668349	78.778983
68671235	78.804380
68671651	78.807277
68671937	78.808305
68673524	78.811322
68676705	78.824404
68677531	78.868974
68678041	78.942894
68678062	78.944976
68686455	78.992745
68688457	79.005143
68688497	79.014855
68688678	79.021866
68689293	79.038874
68693105	79.039628
68697327	79.070973
68700102	79.077598
68700404	79.080469
68700687	79.080530
68703893	79.081003
68704950	79.081781
68705109	79.081883
68707175	79.108838
68711453	79.116986
68717433	79.120284
68718134	79.120300
68718427	79.120303
68720034	79.120368
68741718	79.124451
68742509	79.126237
68744333	79.129537
68744592	79.138654
68745176	79.230901
68746881	79.237804
68748520	79.239050
68750395	79.239072
68753552	79.307136
68755233	79.308545
68755657	79.308554
68758008	79.308554
68763491	79.308554
68772257	79.308555
68776260	79.308555
68776529	79.308555
68781038	79.308555
68782824	79.308555
68784137	79.308555
68789916	79.308555
68792397	79.308566
68793047	79.308572
68797284	79.308687
68802941	79.308803
68813847	79.309267
68819879	79.310774
68820011	79.310977
68823691	79.345620
68824375	79.395480
68824612	79.397691
68825225	79.399359
68825505	79.399360
68830139	79.402698
68832117	79.403194
68833640	79.424800
68833664	79.424806
68837331	79.424844
68838089	79.425584
68842496	79.456392
68844865	79.458704
68848822	79.458745
68850676	79.460748
68853480	79.465810
68856797	79.466145
68862733	79.467121
68868896	79.467399
68870135	79.469247
68870692	79.469263
68875957	79.503130
68876699	79.523266
68882586	79.531443
68886067	79.532427
68904701	79.532428
68906243	79.532429
68907807	79.532434
68910090	79.552725
68911262	79.552756
68914963	79.564434
68917084	79.576610
68917420	79.580648
68918862	79.639130
68919200	79.647568
68921994	79.680861
68923315	79.686498
68924155	79.688603
68929309	79.708568
68930333	79.714458
68930424	79.717569
68930425	79.717576
68930999	79.723864
68931873	79.747198
68935684	79.866771
68940703	79.946196
68942387	79.953198
68947812	79.954334
68948940	79.956763
68949573	79.957513
68949893	79.959155
68953616	79.960622
68961384	79.961719
68961740	79.961725
68967664	79.961800
68974020	79.961839
68975020	79.975980
68975821	79.975985
68976092	79.975985
68980453	79.975988
68986744	79.975993
68986940	79.976845
68987604	79.984879
68988146	79.984890
68992749	79.985213
68993514	79.995699
68993989	79.995715
68995230	79.995897
68997770	80.017946
68999428	80.041717
69000702	80.045188
69001978	80.045188
69002154	80.045188
69002167	80.045188
69003290	80.045188
69004728	80.045188
69010975	80.045188
69012022	80.045188
69012531	80.045190
69013286	80.045202
69013992	80.045229
69014006	80.045230
69015185	80.047691
69020176	80.069517
69023601	80.140625
69024233	80.145376
69025363	80.148190
69028649	80.150130
69035116	80.150778
69037416	80.152308
69042512	80.152981
69047807	80.153093
69050877	80.153110
69051331	80.153125
69056343	80.153310
69060898	80.153325
69062026	80.153588
69067551	80.293796
69068540	80.294026
69071223	80.295160
69073003	80.297403
69079232	80.299959
69080485	80.302361
69083519	80.308314
69087253	80.309677
69088644	80.310971
69089873	80.317435
69093705	80.321121
69094032	80.321238
69096371	80.322415
69099271	80.326140
69099585	80.326442
69103488	80.327355
69103493	80.327355
69106045	80.336208
69106194	80.336581
69106582	80.339307
69106592	80.340488
69106599	80.340553
69107870	80.365244
69110794	80.514548
69111827	80.519841
69114616	80.594276
69114933	80.655624
69117860	80.655816
69122095	80.656692
69122108	80.656694
69122429	80.681727
69122733	80.682566
69122806	80.693953
69122814	80.693953
69122965	80.693954
69123100	80.694097
69123334	80.709888
69124296	80.848448
69124471	80.848912
69124705	80.848952
69125665	80.848977
69127627	80.848987
69127827	80.848988
69131152	80.855178
69131362	80.907953
69134027	80.949620
69134774	80.955493
69134775	80.955493
69134987	80.955494
69137637	80.955494
69139200	80.955495
69151990	80.955496
69152984	80.955520
69153306	80.955521
69155555	80.959971
69155727	80.960218
69156251	80.960485
69157656	80.960486
69158094	80.960577
69159006	80.968343
69161421	80.968353
69162069	80.968964
69162993	80.970582
69164282	80.982194
69164384	80.982376
69165668	81.012185
69166020	81.027016
69166097	81.029340
69167217	81.122846
69167868	81.138678
69168616	81.139200
69168946	81.139225
69169104	81.139231
69169286	81.142173
69176156	81.142193
69188533	81.142204
69188899	81.146415
69190414	81.150024
69191602	81.150031
69192440	81.164483
69195882	81.185872
69196245	81.186471
69199816	81.186594
69200140	81.186595
69201005	81.186596
69201659	81.186628
69202634	81.189255
69203278	81.190571
69213280	81.194510
69214877	81.196360
69216091	81.196554
69220941	81.197465
69221515	81.197815
69223652	81.222104
69224527	81.224054
69225629	81.235756
69227209	81.300130
69227518	81.300149
69228784	81.306335
69229661	81.307192
69230395	81.312447
69232236	81.314516
69232309	81.316681
69233506	81.349688
69233913	81.380002
69235859	81.410924
69236982	81.410942
69239016	81.410952
69252984	81.410988
69255181	81.413602
69255833	81.414378
69261925	81.419869
69266022	81.424236
69267077	81.424586
69274475	81.433377
69275304	81.433377
69276750	81.444485
69277233	81.444486
69277649	81.444942
69279982	81.452472
69283883	81.456805
69284645	81.457176
69288004	81.486714
69289321	81.488577
69292521	81.488726
69293161	81.495085
69294047	81.495974
69295780	81.502534
69296282	81.504374
69296483	81.504456
69296902	81.518896
69296990	81.518932
69306916	81.520348
69315802	81.527719
69316251	81.534536
69316519	81.535549
69316711	81.559986
69317926	81.570555
69318144	81.570557
69318495	81.570557
69318562	81.570557
69318765	81.570558
69321043	81.577102
69326070	81.578639
69327672	81.588291
69328318	81.629236
69331043	81.630060
69339161	81.630319
69344250	81.630339
69356429	81.630375
69359667	81.630375
69360568	81.640240
69361253	81.640240
69371091	81.643943
69375806	81.643944
69379427	81.645325
69382550	81.645325
69392523	81.665169
69400824	81.666894
69401909	81.666910
69420674	81.667012
69422327	81.667012
69426532	81.667012
69427525	81.667082
69448205	81.691811
69448552	81.691836
69496673	81.701491
69499809	81.701491
69515112	81.705776
69517190	81.705776
69519715	81.705776
69522493	81.705974
69524830	81.709472
69526841	81.729467
69527802	81.729567
69528449	81.732006
69529536	81.747124
69530624	81.777105
69532998	81.783675
69535448	81.783690
69536924	81.783691
69537924	81.783691
69541073	81.783691
69554632	81.786823
69559027	81.822450
69562354	81.822450
69563595	81.822450
69570863	81.822450
69576884	81.822450
69585474	81.822452
69602410	81.822455
69611091	81.822492
69611168	81.822492
69612180	81.822606
69617346	81.835004
69634657	81.836953
69658907	81.839581
69682920	81.839587
69727148	81.839587
69756750	81.839588
69758262	81.839589
69821751	81.843581
69828788	81.843588
69846981	81.843796
69865593	81.844652
69882183	81.848213
69883866	81.848262
69904097	81.849485
69930087	81.853348
69934203	81.853352
69936923	81.854371
69941862	81.914676
69943284	81.915864
69945724	81.922622
69951971	81.922686
69958410	81.923858
69960424	81.990676
69960728	81.992181
69970548	81.997881
69970625	81.997892
69980209	82.032725
69982673	82.035605
69982738	82.035632
69992811	82.035690
69994060	82.058232
70008819	82.058317
70012422	82.065762
70018770	82.079551
70027312	82.085554
70027636	82.085812
70029585	82.095779
70030458	82.096794
70032763	82.096796
70034787	82.135284
70034910	82.135788
70035062	82.144845
70038665	82.222520
70040883	82.222520
70047685	82.222520
70052092	82.222520
70057227	82.222520
70058405	82.223229
70066599	82.239489
70070220	82.241756
70073510	82.256357
70075355	82.259129
70077291	82.259920
70080640	82.259990
70082916	82.263931
70088348	82.264129
70088498	82.264408
70089381	82.282059
70090782	82.284663
70091268	82.285054
70091693	82.285074
70093368	82.295314
70096464	82.295464
70099897	82.295465
70104265	82.295511
70104826	82.295540
70105482	82.295546
70108332	82.295749
70109799	82.309016
70114727	82.313730
70118005	82.313865
70118895	82.314146
70120981	82.317859
70122934	82.319537
70122962	82.319537
70125142	82.319574
70127803	82.320870
70128226	82.322383
70129529	82.352871
70129949	82.354373
70130431	82.354786
70131880	82.354786
70137077	82.358725
70139695	82.361541
70139893	82.365319
70145547	82.365322
70146073	82.365323
70153698	82.365614
70153853	82.366028
70153903	82.366028
70157724	82.366028
70158543	82.366195
70166849	82.368548
70171326	82.368588
70171327	82.368588
70175913	82.374025
70178130	82.387289
70179235	82.441859
70181080	82.447677
70181569	82.448224
70184979	82.463277
70188594	82.463277
70192781	82.463277
70193878	82.463277
70194655	82.463277
70195400	82.463277
70196017	82.463277
70196903	82.463277
70198506	82.463277
70200956	82.463277
70201146	82.463277
70202337	82.469043
70204814	82.469043
70213193	82.469043
70215445	82.469043
70219663	82.469044
70220391	82.469047
70223007	82.469631
70223112	82.469707
70225326	82.473497
70227213	82.502051
70227283	82.502171
70227711	82.503623
70233184	82.506246
70233881	82.507815
70235185	82.507816
70236741	82.510275
70237196	82.510299
70237780	82.510349
70238512	82.511342
70238897	82.515076
70238901	82.515424
70239238	82.591491
70240095	82.624254
70240957	82.633007
70241378	82.633664
70244558	82.633912
70252141	82.639923
70256267	82.640308
70256491	82.640316
70264610	82.651352
70265679	82.652096
70266526	82.652096
70273004	82.652096
70273172	82.652096
70274360	82.652096
70278846	82.652096
70279200	82.652465
70284819	82.653752
70292847	82.657379
70293126	82.657846
70326696	82.657846
70345864	82.657846
70349656	82.657846
70351251	82.657846
70353789	82.657846
70369632	82.657846
70378841	82.657846
70397938	82.657846
70403116	82.657910
70409750	82.658043
70415180	82.658235
70431745	82.667642
70433519	82.670318
70436994	82.683262
70441639	82.683304
70442252	82.686584
70443753	82.737742
70444654	82.737750
70444663	82.737763
70447065	82.944706
70447965	82.999302
70448613	83.000574
70449379	83.000616
70451752	83.000680
70452971	83.000695
70453961	83.000700
70454052	83.000700
70459047	83.000700
70465951	83.000700
70470002	83.000700
70472108	83.000700
70475947	83.000700
70476196	83.000700
70491074	83.000700
70494495	83.007529
70504881	83.007529
70521663	83.013758
70532642	83.016091
70552150	83.017884
70552998	83.017897
70563583	83.017897
70592700	83.017897
70651742	83.018659
70718426	83.018659
70719914	83.018660
70728295	83.018685
70731544	83.019029
70774315	83.031782
70819919	83.032122
70819949	83.032140
70824108	83.049928
70824430	83.050127
70824730	83.050235
70832635	83.050235
70833619	83.050235
70851335	83.051452
70852477	83.064454
70855547	83.064665
70862275	83.064695
70873743	83.064763
70884757	83.066664
70884937	83.071681
70886475	83.071730
70909237	83.073272
70916147	83.089180
70922180	83.089589
70928740	83.089642
70929228	83.093200
70929338	83.105032
70929554	83.105635
70932128	83.120955
70938564	83.121463
70943742	83.126489
70944826	83.126805
70953481	83.127020
70953838	83.127021
70953893	83.138328
70959867	83.138343
70974127	83.138486
70980843	83.142004
71001133	83.142726
71021855	83.148182
71026721	83.149223
71028328	83.150517
71038886	83.151264
71074372	83.151809
71077066	83.164600
71079261	83.164717
71093814	83.169325
71094569	83.169326
71097435	83.169330
71099692	83.184941
71100249	83.184942
71104547	83.184949
71106804	83.185152
71110746	83.196011
71151724	83.206651
71152405	83.223896
71154354	83.224062
71156687	83.241858
71163594	83.242445
71165556	83.242643
71172341	83.299057
71172450	83.299235
71172639	83.309193
71176982	83.317078
71178675	83.317191
71180705	83.317227
71181702	83.317232
71181867	83.319653
71189451	83.323917
71190650	83.324189
71190709	83.324202
71209370	83.332509
71209374	83.332520
71209745	83.340411
71212113	83.343815
71212858	83.364152
71213952	83.370404
71214558	83.371060
71215786	83.371065
71218784	83.376147
71218809	83.377987
71218907	83.390755
71219045	83.427465
71221540	83.443096
71225557	83.449031
71225772	83.449031
71226954	83.449031
71228180	83.449031
71229952	83.449031
71230829	83.450311
71230833	83.450312
71230846	83.450312
71231039	83.450316
71232355	83.486622
71232794	83.521053
71234852	83.521530
71237233	83.523176
71237761	83.523246
71246969	83.523647
71247679	83.524938
71248904	83.530198
71250334	83.536817
71252027	83.578456
71255604	83.702351
71256109	83.714309
71260670	83.717085
71260674	83.717085
71264570	83.747055
71267045	83.748514
71267486	83.748642
71267855	83.748643
71271706	83.748643
71303426	83.748644
71311357	83.748645
71313017	83.748645
71322081	83.748645
71323505	83.748645
71327513	83.748645
71410293	83.748645
71463369	83.749824
71486629	83.754563
71502263	83.768469
71506984	83.770910
71508090	83.770916
71511691	83.771303
71512271	83.771627
71518193	83.791382
71520501	83.839653
71525473	83.857041
71535335	83.862473
71535667	83.863118
71541431	83.863597
71563706	83.863849
71565140	83.863853
71567076	83.864010
71600353	83.865813
71611057	83.869524
71621777	83.908163
71629984	83.911009
71632069	83.911081
71635181	83.911440
71635276	83.911463
71635668	83.911933
71636634	83.913341
71637378	83.916590
71638945	83.916626
71644456	83.917239
71645824	83.917801
71649370	83.926392
71650120	83.985323
71651147	84.061044
71651500	84.063027
71651995	84.078343
71653117	84.087004
71655881	84.111178
71656043	84.111685
71656834	84.143483
71657919	84.143492
71663590	84.143525
71666700	84.143551
71673336	84.164830
71675751	84.167682
71681143	84.167696
71804630	84.167696
71813786	84.167696
71831214	84.167696
71842256	84.167696
71859800	84.169860
71866986	84.177888
71879482	84.177894
71879752	84.178698
71884999	84.188241
71886605	84.188242
71890381	84.188242
71896995	84.188242
71903151	84.195367
71903650	84.196069
71905870	84.196069
71911844	84.196150
71918800	84.196203
71945126	84.196742
71957816	84.197131
71958171	84.213992
71958997	84.214018
71967888	84.215487
71970596	84.239765
71979716	84.241272
71981343	84.241769
71990049	84.244329
71993530	84.244330
72001668	84.244330
72002150	84.244330
72005302	84.244330
72013749	84.244438
72020007	84.245242
72030549	84.249733
72031289	84.249770
72034488	84.250125
72045194	84.266403
72053217	84.297854
72061842	84.300354
72065091	84.310680
72068051	84.312433
72071544	84.324214
72073462	84.324214
72080416	84.374300
72085464	84.389869
72087768	84.390918
72088212	84.391097
72089071	84.394549
72096643	84.484623
72105536	84.500638
72105975	84.501197
72111877	84.506225
72114518	84.506946
72124453	84.518475
72127053	84.518477
72129293	84.518497
72135578	84.520967
72142823	84.521999
72143054	84.536746
72145745	84.537129
72156717	84.538540
72174297	84.539220
72181377	84.539385
72219879	84.541939
72234879	84.543851
72236082	84.543851
72242945	84.543884
72258648	84.544149
72263855	84.556775
72267830	84.556842
72272396	84.560100
72273841	84.582789
72274169	84.583554
72275494	84.583692
72276019	84.583692
72279267	84.583698
72285727	84.583706
72293106	84.583708
72296470	84.583710
72298949	84.583710
72303800	84.583710
72310921	84.583717
72314915	84.583731
72319790	84.583844
72325831	84.585104
72331192	84.587154
72336579	84.595208
72338175	84.623820
72339543	84.677568
72341523	84.685754
72342668	84.685754
72344721	84.699979
72345325	84.703767
72354046	84.703876
72354146	84.703877
72354271	84.703943
72354301	84.704573
72354678	84.707901
72355585	84.725868
72358562	84.736468
72359020	84.736666
72359788	84.736988
72364744	84.737377
72365236	84.737806
72367238	84.739226
72368380	84.739451
72373161	84.743483
72381271	84.744532
72383953	84.748911
72387599	84.766649
72388358	84.876323
72388703	84.884805
72392296	84.894393
72401917	84.903967
72411074	84.909462
72411118	84.909480
72557135	84.910555
72600513	84.910693
72621579	84.910711
72647736	84.910740
72661133	84.910740
72681909	84.910740
72705756	84.910740
72737917	84.911201
72979105	84.929977
72980900	84.930085
73008071	84.930868
73036471	84.931007
73063962	84.931063
73066272	84.933747
73086951	84.934065
73102575	84.934290
73107966	84.934350
73120059	84.934472
73131217	84.934533
73149275	84.934585
73158870	84.935356
73159716	84.936778
73161689	84.964329
73163485	84.967349
73178676	84.968570
73222736	84.968695
73227724	84.968696
73239110	84.968696
73263533	84.968696
73289663	84.968696
73343253	84.968836
73369231	84.968992
73372825	84.971953
73373066	84.977366
73400807	84.979736
73427880	85.000922
73431819	85.001782
73436553	85.002068
73457236	85.005823
73468781	85.010291
73498709	85.011145
73514124	85.011303
73516884	85.011328
73585494	85.011726
73694083	85.011974
73782342	85.012029
73814419	85.018388
73830729	85.018528
73848738	85.019195
74048902	85.020528
74104967	85.027086
74107832	85.027114
74126933	85.027936
74166881	85.035219
74169953	85.035577
74170280	85.035587
74180535	85.040936
74182174	85.040979
74196534	85.041861
74197261	85.049831
74200742	85.052669
74232793	85.052766
74252791	85.052899
74315990	85.052899
74321661	85.053246
74326408	85.066294
74329492	85.066483
74332286	85.066673
74333474	85.079192
74344216	85.079921
74349044	85.080242
74349641	85.080242
74350270	85.080242
74351262	85.080242
74359631	85.080245
74412676	85.080271
74414802	85.080284
74415628	85.080297
74416032	85.080324
74423256	85.082912
74427784	85.089702
74430577	85.159794
74436580	85.185543
74439287	85.189472
74445413	85.190775
74448924	85.191011
74448994	85.191011
74455993	85.191059
74456451	85.191060
74459584	85.191747
74478309	85.194098
74493331	85.194502
74493864	85.196154
74495401	85.214946
74503706	85.219143
74513961	85.220051
74520525	85.220051
74520667	85.220117
74531188	85.220994
74547317	85.241957
74579968	85.244677
74618114	85.245018
74658266	85.245375
74669562	85.245388
74969033	85.259088
75038320	85.259151
75049322	85.259151
75079172	85.260741
75097048	85.260997
75298324	85.262159
75301148	85.262189
75341593	85.262408
75410555	85.262732
75414490	85.262732
75425977	85.267465
75708692	85.267465
75775535	85.267469
75867990	85.268522
75870815	85.272513
75871298	85.286324
75876731	85.290278
75880072	85.290694
75971720	85.290697
75973595	85.290697
75984099	85.298261
75984969	85.298262
75987643	85.298276
75990521	85.310516
76138369	85.311284
76174235	85.311381
76175352	85.311381
76181184	85.317743
76185904	85.317743
76186060	85.317743
76205285	85.334955
76217049	85.334955
76229576	85.334955
76451011	85.334955
76505201	85.334955
76520655	85.334955
76609758	85.334955
76687234	85.334955
76767505	85.334955
76806121	85.334955
76902762	85.334955
76906204	85.334955
76931325	85.334955
77065872	85.334955
77090709	85.335301
77153523	85.336095
77168031	85.356532
77339387	85.358696
77341003	85.379219
77388886	85.379823
77441802	85.380238
77442000	85.395604
77447427	85.410990
77792772	85.413693
78098562	85.415354
78105227	85.416898
78105718	85.439798
78107681	85.440253
78110782	85.465395
78116778	85.466784
78177302	85.466784
78209810	85.466784
78215874	85.466784
78258106	85.466784
78272820	85.466784
78296846	85.468753
78305577	85.481824
78313715	85.482491
78334825	85.483244
78392706	85.483244
78441374	85.484020
78508268	85.486119
78536522	85.493043
78545348	85.493043
78575643	85.493043
78587725	85.493682
78587778	85.493683
78592637	85.495153
78592685	85.495982
78593752	85.555540
78596070	85.559609
78598041	85.560098
78599126	85.560266
78601003	85.560286
78604288	85.560286
78695388	85.560286
78717302	85.560286
78735496	85.560520
78744375	85.561255
78746369	85.564096
78748513	85.588147
78748796	85.588550
78750791	85.588715
78753210	85.588727
78756240	85.591888
78759449	85.591888
78768589	85.591888
78772396	85.591968
78775626	85.600617
78789036	85.600900
78790832	85.603611
78801727	85.604090
78822658	85.604207
78835824	85.604208
78843098	85.604208
78852106	85.604208
78856081	85.604237
78859617	85.605778
78861548	85.615195
78863032	85.616247
78868143	85.616329
78868581	85.616379
78879473	85.616381
78889416	85.616444
78922470	85.616854
78935893	85.622047
78939020	85.623928
78948277	85.625540
78950721	85.625560
78954820	85.630963
78959530	85.636247
78960104	85.636251
78986283	85.636258
79023714	85.636258
79035140	85.636326
79044334	85.636546
79082833	85.642152
79087619	85.659812
79115891	85.660491
79128361	85.660575
79167948	85.660647
79170139	85.660647
79170991	85.660647
79171491	85.661138
79211951	85.661280
79238163	85.661510
79240621	85.666706
79241621	85.666715
79243804	85.666759
79264799	85.670885
79267138	85.671338
79299808	85.672139
79301835	85.673983
79303202	85.673983
79307023	85.673983
79308701	85.673983
79315581	85.680122
79315595	85.680122
79322090	85.680339
79324834	85.682730
79326395	85.696533
79328962	85.699058
79335206	85.699155
79337097	85.708600
79338055	85.718273
79338894	85.718286
79356645	85.718291
79364330	85.718291
79373681	85.736376
79393696	85.736377
79428766	85.736449
79438639	85.737250
79439615	85.738368
79439951	85.740219
79441703	85.780785
79444137	85.791411
79455388	85.792406
79460964	85.792486
79477881	85.792487
79505549	85.792488
79516329	85.803312
79543947	85.809890
79554702	85.814011
79559798	85.814118
79560131	85.814119
79577111	85.814486
79627388	85.814753
79631397	85.816273
79637474	85.824609
79703815	85.856149
79704756	85.856284
79762597	85.856284
79786431	85.856288
79814974	85.856288
79818554	85.856288
79819832	85.856288
79864152	85.857836
79864395	85.873851
79864915	85.880054
79864975	85.898145
79865000	85.899534
79865464	85.910727
79869036	85.915271
79885158	85.915425
79911653	85.918439
79912983	85.921508
79923451	85.933165
79942877	85.934416
79947782	85.934447
79965378	85.934448
79967146	85.934448
79975619	85.934448
79983713	85.934576
79988931	85.934830
79997466	85.935240
79998925	85.935445
80000000	85.935940
80021917	85.946038
80022721	85.972707
80023687	85.973152
80025898	85.973385
80041811	85.977728
80082421	85.979133
80084447	85.979139
80086033	85.979154
80094709	85.981707
80100337	86.002866
80107457	86.004961
80131820	86.007417
80133892	86.007513
80144096	86.007544
80171567	86.007544
80179899	86.007544
80187906	86.007546
80203221	86.007551
80213316	86.007590
80215096	86.007652
80221761	86.008330
80222124	86.008992
80222845	86.015088
80223068	86.040159
80223110	86.041376
80223558	86.041971
80226548	86.042052
80230232	86.043898
80240665	86.065676
80247108	86.067895
80253222	86.068349
80265777	86.069546
80266232	86.069547
80268043	86.069548
80279808	86.070324
80281627	86.070943
80283315	86.072458
80287299	86.073216
80289756	86.089762
80295797	86.090911
80296426	86.090952
80438579	86.090982
80548786	86.090989
80608822	86.091007
80647670	86.091060
80773987	86.092316
80780351	86.092492
80807766	86.099161
80810509	86.120589
80821846	86.125205
80828949	86.125747
80829206	86.125749
80838035	86.125757
80846083	86.126950
80878416	86.129026
80880112	86.142383
80882474	86.142535
80885780	86.142540
80903529	86.142613
80921604	86.142898
80929138	86.146206
80930918	86.152100
80931106	86.154121
80931394	86.204760
80932286	86.214345
80957579	86.214345
80971913	86.214345
80974460	86.218473
81016539	86.218473
81071914	86.218637
81080394	86.218639
81081236	86.224280
81109595	86.224282
81110027	86.229653
81130095	86.229654
81156810	86.229665
81158764	86.229808
81161604	86.230533
81182779	86.230535
81184836	86.230535
81186664	86.230535
81199454	86.230535
81215807	86.230535
81221425	86.230939
81235122	86.233044
81235178	86.241820
81235960	86.241820
81244280	86.241822
81251244	86.241828
81266899	86.241848
81268798	86.242043
81271382	86.242082
81273103	86.242219
81275865	86.245016
81275920	86.245277
81278971	86.289473
81280839	86.335871
81305579	86.336044
81330978	86.336067
81332917	86.336067
81349653	86.336068
81355206	86.338094
81409139	86.338689
81409780	86.351219
81422092	86.351354
81468520	86.358555
81539244	86.358566
81556166	86.358573
81573122	86.358573
81574622	86.362957
81578432	86.362957
81604450	86.362957
81632227	86.362957
81678750	86.366281
81761752	86.366956
81764889	86.366969
81767601	86.366969
81791171	86.366969
81837012	86.366969
81869573	86.366969
81869752	86.371404
81875173	86.371404
81897849	86.371404
81909443	86.371404
81980278	86.371404
82009369	86.371717
82030984	86.384884
82048344	86.385071
82061482	86.389452
82067490	86.408207
82075217	86.411639
82083600	86.411730
82145911	86.411787
82288881	86.411833
82290873	86.411833
82307066	86.411908
82309232	86.411981
82373465	86.426943
82385133	86.427335
82402028	86.427340
82413424	86.427340
82442477	86.427340
82461386	86.427340
82461733	86.427340
82478539	86.427503
82497801	86.428446
82501990	86.428542
82507622	86.429868
82510573	86.436142
82511119	86.464391
82511324	86.482053
82511352	86.482744
82516947	86.482759
82546903	86.482787
82547206	86.482787
82585532	86.482889
82644244	86.482979
82650859	86.483132
82652852	86.483132
82655875	86.483522
82656578	86.483816
82666231	86.503547
82684980	86.506358
82694105	86.506380
82711645	86.506847
82717677	86.508176
82718445	86.515789
82719451	86.563469
82719851	86.568975
82731692	86.569803
82732666	86.569833
82743548	86.569921
82747195	86.569925
82756230	86.569929
82760837	86.569929
82786973	86.569929
82790144	86.570700
82795452	86.575917
82796190	86.591954
82808396	86.595839
82809000	86.595874
82809201	86.597699
82814514	86.597884
82827125	86.597886
82828942	86.604191
82845903	86.604193
82848978	86.610441
82875035	86.610444
82893668	86.616709
82914629	86.616712
82931070	86.622969
83000999	86.622978
83050903	86.629116
83056180	86.629123
83094333	86.629123
83159699	86.634238
83160618	86.654085
83203909	86.657472
83257060	86.660819
83340910	86.661151
83441159	86.661152
83441622	86.661152
83469981	86.668996
83475912	86.669151
83476065	86.669182
83478889	86.671606
83480308	86.727564
83486307	86.744909
83487993	86.745891
83488291	86.781500
83492274	86.781500
83492771	86.781500
83496498	86.781500
83501165	86.781500
83510291	86.781500
83551773	86.781500
83566757	86.781500
83591854	86.785429
83598572	86.785651
83699482	86.785869
83753637	86.786068
83782036	86.787630
83794680	86.797154
83826507	86.797666
83828807	86.797666
83835596	86.798316
83847567	86.803724
83850275	86.803733
83920973	86.804148
83944479	86.804164
83999684	86.804828
84054089	86.806948
84099016	86.807677
84183684	86.812024
84197582	86.812861
84199731	86.812881
84210339	86.813259
84221010	86.813451
84233730	86.820630
84244181	86.821194
84245093	86.821882
84245242	86.823933
84245778	86.848208
84248098	86.854093
84269971	86.857425
84272886	86.857472
84273562	86.857631
84275298	86.866969
84275597	86.889013
84275968	86.893875
84277852	86.894588
84282432	86.894662
84293201	86.894797
84299950	86.894843
84307651	86.895856
84308336	86.905164
84308443	86.905178
84327088	86.907882
84345461	86.907904
84353343	86.908856
84364024	86.909387
84387588	86.917925
84401607	86.918340
84418611	86.918347
84428782	86.928017
84433968	86.928226
84442317	86.931527
84458710	86.942855
84468533	86.944156
84481284	86.944175
84505233	86.944245
84527906	86.944311
84553245	86.944725
84614101	86.944782
84629245	86.944782
84630563	86.948257
84640788	86.948257
84666126	86.948257
84667870	86.948293
84667971	86.948328
84669362	86.950470
84669637	86.963016
84670823	86.964842
84670924	86.964876
84680007	86.965062
84705741	86.969890
84736282	86.970049
84751853	86.970049
84769732	86.970049
84788598	86.980187
84795390	86.980187
84799188	86.986817
84799278	86.986817
84813231	86.986817
84824506	86.986853
84832625	86.986916
84844421	86.987079
84855841	86.987611
84857116	86.988311
84859152	87.014549
84862322	87.018701
84864276	87.019008
84865837	87.019011
84867730	87.019036
84871000	87.019061
84871280	87.020521
84871684	87.025894
84872134	87.047044
84877586	87.047361
84877889	87.047734
84879950	87.149729
84884579	87.150316
84885827	87.155159
84889406	87.174120
84892475	87.174556
84897725	87.207275
84903855	87.207400
84905318	87.207416
84910189	87.207447
84912460	87.207447
84943069	87.207558
84947152	87.211743
84979991	87.221441
85006822	87.221486
85022229	87.221504
85033720	87.224799
85057094	87.224804
85126103	87.224812
85138230	87.231239
85139026	87.231561
85140063	87.258198
85165732	87.268599
85189325	87.270723
85212039	87.270813
85226597	87.270824
85240682	87.270838
85248385	87.273808
85257996	87.292598
85333693	87.294845
85350698	87.317724
85355113	87.317855
85359385	87.317859
85383982	87.319177
85414853	87.340821
85416924	87.340900
85425241	87.367765
85433697	87.375330
85483387	87.377250
85503028	87.377718
85568557	87.381924
85600276	87.384442
85605475	87.413264
85609299	87.413567
85661651	87.413567
85674306	87.413567
85691827	87.413567
85695234	87.413567
85699292	87.413572
85703945	87.413589
85719792	87.413862
85723816	87.423326
85728422	87.423406
85762720	87.425729
85782421	87.425811
85790423	87.426865
85792363	87.427384
85805760	87.428035
85806937	87.429849
85810368	87.439634
85810919	87.439988
85812420	87.439989
85813490	87.439989
85820214	87.439989
85831307	87.440126
85839483	87.440298
85840734	87.440341
85843799	87.440762
85845425	87.441288
85847398	87.442966
85847900	87.444321
85848579	87.452213
85848816	87.453128
85849493	87.486675
85850295	87.498278
85851260	87.498307
85851800	87.499978
85852289	87.515915
85853244	87.625433
85853833	87.633619
85853988	87.634312
85855113	87.634526
85870114	87.657019
85893361	87.658945
85901906	87.658955
85914302	87.658955
85914983	87.658955
85932135	87.658955
85945124	87.658955
85945726	87.660753
85970469	87.660753
85992547	87.660753
85999341	87.661582
86005531	87.668137
86011942	87.668827
86033051	87.668827
86045973	87.668827
86070683	87.668868
86075225	87.674057
86077309	87.674060
86087704	87.674069
86091564	87.674077
86094609	87.674101
86098750	87.683620
86100729	87.684996
86101064	87.685384
86101556	87.690241
86101965	87.707218
86102488	87.719525
86127460	87.719601
86129784	87.719612
86138781	87.720391
86140394	87.720391
86142402	87.720394
86142630	87.720396
86147571	87.783850
86154540	87.783892
86177750	87.787411
86180932	87.812492
86195664	87.813048
86198832	87.813089
86214983	87.813095
86232841	87.814327
86234258	87.831264
86241065	87.831734
86243832	87.833638
86251187	87.833639
86266862	87.843158
86268012	87.843287
86272811	87.858445
86287025	87.858884
86302436	87.858909
86303342	87.858909
86303621	87.858913
86316790	87.864740
86344473	87.866429
86355630	87.866812
86364659	87.871375
86370198	87.871375
86375981	87.871375
86385843	87.872326
86386894	87.874409
86395322	87.914391
86396199	87.915714
86396567	87.915901
86397467	87.916032
86398605	87.916090
86402144	87.916162
86409218	87.916162
86415110	87.916868
86469037	87.916871
86494134	87.923547
86497099	87.925728
86499395	87.925736
86499661	87.929214
86500105	87.935324
86500608	87.935775
86513199	87.935898
86517477	87.939459
86521882	87.939459
86527817	87.941935
86551563	87.941966
86555144	87.941982
86555347	87.941983
86563784	87.942160
86584452	87.953469
86609014	87.955121
86612812	87.955121
86616359	87.955123
86624851	87.955256
86625904	87.958323
86626502	87.979756
86627347	87.982217
86631028	87.984100
86663829	87.986565
86669193	87.987618
86678036	87.990808
86684081	87.990841
86693700	87.991491
86709342	88.001863
86714909	88.002239
86721226	88.002246
86726491	88.002630
86731136	88.003539
86741511	88.003540
86754179	88.003541
86765887	88.003543
86770824	88.003556
86779696	88.003700
86790428	88.004014
86795311	88.004289
86826351	88.010227
86829853	88.010326
86833530	88.010328
86834296	88.010332
86837694	88.010398
86838593	88.017987
86844763	88.020339
86845413	88.026221
86847110	88.087547
86847360	88.090319
86847588	88.091043
86852574	88.092505
86853696	88.094736
86859948	88.095052
86863029	88.095083
86864743	88.095086
86872113	88.095086
86877058	88.095086
86877340	88.095086
86884545	88.095086
86888876	88.095086
86918470	88.095086
86920988	88.095094
86922725	88.095113
86925165	88.095226
86926136	88.095371
86927597	88.139785
86928630	88.227499
86928695	88.227507
86929158	88.227508
86937000	88.227508
86938985	88.227508
86942726	88.227613
86943201	88.227615
86943407	88.239651
86944191	88.260493
86950377	88.264094
86955913	88.265205
86957790	88.265235
86960993	88.265236
86963514	88.268963
86966484	88.269065
86969942	88.269097
86976159	88.269114
86981594	88.269118
86993930	88.269124
87020343	88.269128
87041530	88.269129
87042861	88.269129
87049255	88.269265
87049758	88.276855
87051941	88.278396
87088611	88.278756
87135687	88.291418
87161871	88.291418
87165637	88.291418
87168565	88.291418
87169230	88.291418
87173033	88.291418
87181248	88.291418
87222963	88.291435
87222984	88.291435
87223375	88.291789
87223797	88.293288
87224031	88.351336
87224504	88.372269
87224525	88.372388
87228056	88.372491
87231199	88.373081
87233935	88.373178
87234299	88.373184
87235508	88.373189
87248392	88.373193
87274951	88.373195
87280280	88.373195
87294969	88.373195
87295043	88.373195
87296076	88.373201
87297983	88.373201
87301472	88.373201
87306030	88.373321
87324314	88.373335
87331205	88.382348
87367087	88.382376
87379474	88.382417
87380568	88.382498
87381560	88.398306
87387599	88.401032
87388702	88.401628
87388814	88.401666
87389086	88.402253
87389367	88.404794
87389467	88.410723
87390021	88.410786
87390446	88.411345
87391420	88.415453
87393546	88.508782
87394021	88.508796
87397036	88.508796
87402493	88.513032
87403129	88.513066
87403690	88.513120
87408754	88.532547
87412490	88.532906
87425918	88.535368
87431919	88.535368
87460130	88.535368
87460530	88.535375
87461014	88.536149
87461824	88.574316
87477382	88.574825
87478591	88.574842
87481552	88.594362
87481716	88.594440
87483458	88.610356
87485952	88.613434
87486397	88.613440
87487629	88.614364
87488537	88.630446
87490770	88.632120
87498419	88.632120
87503438	88.632206
87506413	88.634331
87511197	88.655860
87511338	88.655998
87514074	88.656045
87515218	88.656087
87528039	88.656711
87534066	88.656739
87536474	88.662535
87536666	88.669165
87556734	88.670554
87558259	88.670566
87560212	88.670666
87567505	88.671534
87595513	88.671534
87597502	88.671669
87602569	88.672929
87602681	88.673403
87603381	88.683918
87604286	88.699908
87606798	88.705269
87607426	88.705452
87615416	88.708167
87617650	88.708176
87632244	88.715014
87634557	88.715025
87639453	88.715052
87644502	88.715208
87650227	88.715462
87650953	88.725642
87652721	88.746305
87655110	88.746412
87655623	88.746412
87656016	88.746481
87658672	88.746555
87662705	88.746662
87682669	88.749795
87684383	88.749816
87688803	88.749990
87692470	88.757575
87693993	88.774049
87697348	88.896638
87697734	88.899862
87699001	88.903625
87706563	88.923812
87707783	88.924725
87721051	88.927101
87723351	88.927155
87740349	88.927282
87765293	88.933892
87774399	88.942786
87774658	88.942887
87775498	88.943284
87777919	88.943750
87790426	88.943766
87795059	88.943766
87821992	88.951773
87835596	88.958898
87858348	88.958898
87858645	88.958898
87867862	88.958898
87870191	88.958898
87874209	88.958898
87892736	88.960669
87911061	88.962466
87922392	88.980889
87925833	88.982961
87938822	88.983053
87939419	88.983110
87952211	89.009877
87952640	89.013984
87952977	89.014352
87955281	89.014369
87985379	89.014459
88004791	89.024967
88010921	89.024986
88055056	89.025191
88055638	89.025647
88057494	89.031292
88074284	89.035536
88081112	89.037781
88083565	89.039278
88084777	89.039765
88096307	89.039936
88096833	89.039945
88112648	89.040991
88127196	89.040995
88128668	89.041018
88133097	89.041856
88133891	89.062227
88143037	89.063957
88144740	89.063960
88145149	89.075080
88145977	89.096031
88148099	89.098380
88148918	89.098381
88151339	89.098381
88153203	89.098381
88162433	89.098381
88168963	89.098391
88178389	89.098406
88202801	89.098559
88243630	89.098559
88258837	89.099610
88271303	89.122357
88272299	89.125591
88272424	89.126951
88301422	89.127401
88301777	89.127402
88307582	89.127604
88325625	89.128004
88330749	89.128222
88334349	89.128880
88365325	89.135749
88365376	89.135775
88367486	89.135775
88378679	89.135775
88381351	89.135775
88382498	89.135775
88384613	89.135775
88389985	89.135798
88390710	89.135823
88391142	89.136315
88391146	89.136340
88392616	89.166023
88392631	89.166026
88393240	89.193791
88394316	89.195169
88400856	89.195285
88427195	89.195395
88428629	89.195412
88430336	89.195657
88430810	89.197256
88431246	89.201963
88431746	89.256960
88432033	89.360660
88433368	89.410932
88435003	89.420104
88438258	89.425148
88442459	89.427897
88443138	89.452389
88443320	89.455161
88444548	89.464681
88445565	89.464916
88454529	89.468124
88459667	89.468286
88464002	89.469520
88465742	89.487270
88465946	89.536082
88466181	89.537111
88467087	89.537164
88469428	89.537177
88469719	89.537179
88471085	89.551218
88471273	89.551906
88475628	89.551910
88475931	89.551913
88479128	89.551951
88486694	89.551951
88491095	89.551951
88502281	89.551951
88502321	89.551951
88504028	89.551953
88507140	89.551954
88507341	89.551954
88509331	89.564225
88536732	89.564246
88538294	89.564249
88542297	89.564292
88548390	89.564918
88553822	89.565843
88555327	89.619657
88555628	89.620303
88557078	89.620350
88557535	89.620352
88560848	89.620354
88561776	89.620354
88565631	89.620354
88566145	89.620356
88567634	89.620361
88568338	89.633075
88568740	89.633607
88571210	89.638971
88575530	89.638971
88576092	89.638971
88576270	89.638971
88578108	89.638971
88578177	89.638972
88580924	89.638975
88582563	89.638986
88582649	89.638990
88582696	89.639018
88582700	89.639023
88584387	89.981459
88585414	90.070370
88586156	90.102898
88587320	90.117672
88588562	90.126720
88588593	90.126803
88590676	90.127195
88592121	90.127217
88592283	90.127218
88598830	90.127220
88599639	90.127220
88617703	90.127222
88637733	90.127223
88660547	90.127224
88667139	90.127224
88667216	90.127663
88673915	90.143340
88679261	90.143340
88698804	90.143340
88702005	90.143340
88711382	90.143340
88712818	90.143342
88712919	90.143422
88713185	90.143674
88715147	90.151808
88734774	90.163049
88735250	90.163254
88735753	90.170877
88737474	90.185200
88738492	90.191078
88739814	90.193189
88743811	90.206003
88746708	90.206023
88753422	90.206115
88753806	90.206115
88754699	90.206115
88756154	90.206115
88761933	90.206115
88762248	90.206115
88776259	90.206115
88789858	90.206115
88794134	90.210249
88797507	90.210249
88811494	90.210249
88820760	90.210286
88820989	90.210287
88822698	90.210293
88823003	90.220469
88823878	90.220472
88833145	90.223503
88836574	90.224226
88842328	90.224226
88843839	90.224637
88868978	90.233997
88872203	90.234080
88872729	90.234119
88873393	90.239677
88874009	90.283441
88874056	90.283444
88874877	90.323014
88893391	90.334386
88896016	90.335514
88896901	90.335665
88903358	90.337115
88905258	90.338460
88905974	90.338526
88925016	90.339696
88942025	90.339696
88942372	90.342196
88942752	90.346411
88949728	90.356508
88949843	90.356508
88961519	90.356508
88963697	90.363826
88963950	90.371873
88970875	90.371874
88975594	90.371875
88978961	90.371879
88981597	90.371939
88982842	90.372041
88984055	90.488528
88985208	90.529292
88985379	90.552570
88986023	90.557346
88987525	90.558415
88988590	90.558692
88989119	90.558693
88993909	90.558699
89010628	90.558699
89016985	90.558702
89017496	90.574298
89050555	90.574316
89068507	90.574320
89069631	90.589655
89083648	90.589658
89084302	90.589658
89090386	90.589658
89186176	90.589658
89187257	90.589658
89189020	90.589658
89189181	90.589658
89197215	90.590532
89204373	90.591341
89320823	90.602074
89377098	90.604342
89439185	90.607581
89539285	90.611677
89541466	90.639992
89554235	90.640515
89578920	90.648893
89591929	90.649812
89601453	90.650139
89603383	90.660762
89607722	90.689266
89690529	90.695697
89694706	90.719421
89697917	90.720159
89700826	90.741670
89702967	90.742161
89703622	90.742165
89710532	90.743911
89711683	90.768167
89715309	90.769084
89757715	90.769101
89778529	90.777857
89779785	90.790045
89861332	90.790461
89901240	90.797754
89910955	90.834493
89911017	90.834552
89911174	90.834553
89914129	90.856269
89932713	90.856364
89977215	90.856382
89988936	90.856397
90008035	90.870588
90011965	90.876953
90012764	90.877287
90015878	90.877295
90019543	90.877358
90020956	90.877358
90021777	90.877359
90035058	90.877370
90038761	90.877735
90040955	90.894413
90041312	90.896631
90041658	90.978791
90042136	90.992955
90043640	90.993570
90043970	90.993603
90046271	90.993625
90046824	90.993845
90048999	91.008666
90060250	91.013135
90065697	91.013135
90066571	91.013135
90080034	91.013135
90099876	91.013135
90105688	91.013154
90108648	91.084277
90120278	91.084343
90122480	91.084345
90146580	91.084577
90164313	91.084818
90171202	91.086096
90188355	91.086181
90210054	91.087475
90218161	91.088220
90219374	91.120944
90234603	91.122343
90235388	91.156140
90247653	91.157267
90274387	91.157481
90275417	91.157499
90374336	91.157512
90377950	91.157835
90378097	91.158325
90378879	91.168044
90380164	91.169643
90381026	91.210391
90381238	91.245660
90381594	91.264778
90382055	91.268771
90383528	91.270870
90385032	91.271293
90396134	91.271295
90398912	91.271329
90399656	91.273336
90400322	91.313512
90400869	91.396294
90400949	91.396408
90401415	91.397424
90413494	91.398233
90414560	91.403318
90415578	91.443829
90422686	91.444305
90450883	91.444306
90456761	91.471507
90477254	91.476032
90482460	91.476032
90505304	91.476032
90546168	91.476037
90608666	91.476045
90609809	91.476045
90632340	91.488753
90659070	91.488753
90696398	91.488753
90715206	91.488753
90716371	91.488753
90721836	91.488769
90730943	91.489330
90735713	91.490358
90750242	91.596808
90752503	91.601927
90753159	91.612067
90753696	91.614159
90755665	91.614833
90765367	91.642875
90769345	91.645032
90769814	91.645032
90769993	91.645150
90773052	91.673466
90776280	91.675606
90776360	91.680039
90776596	91.680042
90777452	91.680074
90777570	91.680103
90788354	91.689412
90796683	91.740263
90801140	91.746367
90805329	91.747054
90813798	91.747193
90816332	91.747206
90820799	91.747221
90824258	91.747228
90829847	91.747390
90831588	91.770046
90853989	91.770694
90865709	91.776348
90869164	91.798213
90870262	91.822699
90870660	91.825058
90878945	91.825058
90884236	91.825059
90921703	91.825082
90933457	91.828894
90933835	91.846549
90933971	91.846549
90934130	91.856717
90974968	91.856737
90990639	91.857053
90998606	91.870907
91005839	91.871052
91007371	91.885359
91015536	91.885523
91033181	91.885832
91069229	91.890920
91074400	91.891198
91075084	91.891233
91077120	91.891233
91079487	91.891233
91087189	91.891233
91088442	91.891248
91096944	91.900360
91100701	91.906369
91104247	91.908209
91129445	91.921421
91133339	91.921451
91136259	91.925899
91139690	91.928090
91143586	91.939539
91149581	91.939540
91164869	91.939617
91169942	91.943050
91170460	91.949362
91171008	91.981901
91171014	91.981909
91192084	92.059546
91206027	92.072075
91236358	92.077465
91237687	92.077492
91268247	92.077596
91277631	92.078338
91280125	92.078410
91293388	92.078419
91302538	92.078678
91304192	92.078695
91304439	92.078695
91306716	92.078696
91307616	92.081170
91307914	92.087807
91308207	92.129031
91308861	92.130829
91329160	92.130829
91330631	92.130829
91335060	92.130829
91341160	92.130829
91363361	92.132374
91371573	92.135105
91373802	92.164629
91394343	92.172808
91403633	92.173586
91404834	92.173588
91416806	92.173588
91440487	92.173588
91448542	92.173588
91450910	92.173588
91464482	92.173588
91476856	92.173589
91495850	92.173589
91519085	92.176810
91525022	92.189172
91527125	92.189246
91531440	92.205046
91536222	92.205214
91539997	92.206145
91604496	92.206145
91621078	92.206174
91630136	92.206201
91636261	92.206864
91639991	92.254367
91640427	92.254414
91641528	92.276716
91641732	92.277925
91648887	92.277946
91661499	92.277947
91662368	92.281114
91663211	92.300895
91668595	92.301204
91701536	92.316827
91701878	92.316834
91702496	92.336324
91712223	92.336512
91714344	92.336512
91716492	92.336512
91737316	92.336698
91741770	92.336754
91748937	92.337540
91749294	92.347993
91749535	92.394988
91749943	92.406491
91751080	92.409304
91751510	92.409357
91759073	92.409359
91761188	92.409897
91777498	92.430081
91782350	92.430495
91795823	92.430898
91808808	92.431209
91826007	92.434694
91846722	92.434694
91900190	92.435229
91927438	92.435760
91978430	92.439987
91980518	92.467729
91996360	92.469042
92016690	92.469054
92019185	92.504325
92071085	92.504355
92072444	92.521914
92154713	92.521962
92155923	92.521965
92156208	92.539886
92157275	92.539889
92162598	92.539889
92165507	92.555124
92167084	92.555124
92169250	92.570661
92176386	92.570661
92184068	92.570661
92232076	92.571828
92234548	92.585625
92235178	92.585641
92241588	92.588256
92244830	92.588256
92253280	92.588264
92262120	92.588653
92262203	92.589003
92265163	92.631354
92268597	92.631505
92272167	92.635977
92278065	92.636774
92279011	92.636774
92282649	92.636795
92286838	92.636882
92288232	92.636976
92301780	92.638163
92306544	92.638168
92309759	92.638181
92312546	92.658746
92316437	92.658762
92317381	92.672670
92317610	92.718001
92318125	92.720272
92361173	92.720443
92365662	92.721977
92387532	92.722494
92391427	92.722506
92406738	92.722578
92406794	92.722712
92407997	92.775431
92410742	92.777772
92410876	92.777800
92411539	92.777800
92425141	92.790956
92430096	92.790956
92432417	92.790956
92432769	92.802849
92468314	92.802849
92468630	92.802849
92471125	92.802851
92473030	92.802875
92474789	92.802905
92474993	92.802992
92475022	92.803020
92476535	92.878295
92476827	92.882240
92477654	92.884750
92477813	92.884885
92481107	92.885206
92495724	92.885288
92496171	92.885290
92499578	92.885290
92509662	92.885290
92519316	92.885290
92520337	92.907236
92520506	92.907276
92528953	92.914142
92547729	92.914203
92551573	92.914204
92561565	92.914212
92561885	92.929582
92580589	92.929597
92580860	92.929598
92581168	92.929603
92582267	92.982083
92582823	92.983890
92583218	92.983893
92584179	92.983904
92586054	92.999204
92589971	92.999247
92634882	92.999247
92640746	93.002894
92644067	93.014316
92644553	93.029241
92645123	93.043768
92645769	93.043768
92658572	93.043774
92671101	93.043780
92690314	93.043787
92690715	93.057686
92692413	93.057687
92696617	93.058965
92701121	93.059100
92704312	93.079754
92733897	93.080642
92736855	93.086535
92748801	93.086869
92749234	93.086888
92751407	93.086894
92770264	93.086993
92781996	93.103681
92783409	93.103698
92788146	93.103783
92788485	93.116559
92788951	93.121094
92800666	93.121094
92809563	93.121094
92820398	93.121095
92825204	93.121096
92834151	93.121099
92834274	93.124390
92834520	93.144720
92835277	93.263646
92835302	93.263670
92837114	93.263905
92843664	93.263933
92844709	93.263933
92844888	93.264231
92846607	93.264407
92848218	93.265463
92849852	93.316549
92850275	93.319260
92850772	93.319586
92853123	93.319726
92867926	93.319931
92877536	93.319931
92878262	93.319931
92878308	93.319932
92878455	93.324642
92878982	93.371297
92879266	93.443124
92879592	93.464008
92881229	93.481937
92882131	93.481939
92897602	93.481939
92906220	93.496139
92913874	93.496139
92923728	93.496139
92926908	93.496139
92941239	93.496139
92969088	93.496139
92971037	93.509418
92976118	93.509418
92976920	93.522164
92987156	93.522164
92999776	93.522164
93013378	93.522164
93014582	93.522187
93015927	93.564260
93016991	93.600464
93017305	93.603403
93017409	93.603669
93019375	93.604496
93045742	93.604620
93070197	93.604638
93113945	93.604638
93121317	93.616611
93126064	93.616611
93141533	93.620930
93153022	93.623977
93153648	93.644448
93157059	93.644448
93166114	93.644590
93186129	93.650518
93191610	93.651586
93195458	93.651966
93211626	93.653135
93212138	93.653137
93213673	93.654216
93213943	93.658684
93225915	93.659502
93226559	93.659568
93231804	93.660530
93235631	93.666179
93242897	93.668600
93245173	93.711714
93255132	93.711758
93261940	93.711778
93263331	93.711779
93264208	93.711779
93266109	93.711779
93266800	93.711785
93267146	93.711792
93268728	93.711884
93269056	93.721599
93272753	93.721813
93273506	93.731636
93286078	93.732364
93286364	93.733974
93287094	93.742865
93287184	93.742865
93294845	93.742865
93300181	93.744904
93308933	93.745098
93309041	93.745108
93310693	93.745173
93314657	93.746180
93328721	93.748447
93342109	93.748758
93342767	93.748835
93348571	93.751738
93362429	93.751902
93366781	93.753886
93370378	93.767017
93375331	93.767519
93384728	93.767995
93391021	93.769147
93395285	93.772360
93404219	93.773377
93404304	93.773418
93405983	93.775464
93406393	93.777636
93408072	93.803389
93409505	93.891128
93412288	93.902108
93416749	93.903886
93419287	93.926684
93421725	93.926697
93424029	93.926697
93425166	93.926697
93431656	93.926697
93441397	93.926697
93442907	93.926697
93446095	93.927551
93453717	93.927976
93457120	93.929510
93459746	93.929510
93460733	93.930525
93462129	93.936035
93462502	93.966991
93463626	93.971427
93465675	93.974198
93468199	93.974198
93490669	93.974198
93493189	93.974198
93505010	93.974198
93530890	93.974212
93531315	93.974213
93551532	93.974464
93551695	93.974472
93559600	93.978528
93568413	93.998796
93571047	94.018424
93578005	94.026012
93588967	94.027340
93598049	94.027565
93601381	94.028831
93605665	94.030440
93613470	94.030440
93614361	94.030440
93617380	94.030440
93619775	94.030440
93626825	94.030440
93655623	94.030440
93658167	94.030685
93664542	94.030866
93664981	94.030948
93668425	94.033571
93670169	94.037660
93671026	94.074551
93672635	94.109435
93676897	94.112549
93678202	94.113335
93682712	94.113617
93691719	94.113794
93692673	94.113794
93693997	94.113794
93699300	94.113794
93718398	94.118113
93718540	94.118116
93758490	94.120726
93759720	94.121108
93767929	94.148316
93769938	94.161954
93777340	94.161963
93778124	94.161964
93779043	94.162810
93783906	94.173411
93785119	94.197200
93785447	94.228766
93798876	94.229095
93804417	94.229095
93808140	94.229095
93812624	94.231718
93814866	94.243099
93816919	94.262621
93819095	94.265497
93820102	94.272911
93820775	94.275061
93823562	94.275735
93832134	94.281809
93838996	94.282880
93840869	94.282923
93848269	94.286429
93850362	94.292549
93852025	94.322008
93852322	94.322102
93868843	94.322164
93869567	94.322168
93869702	94.322192
93869786	94.322218
93871132	94.322863
93873672	94.404182
93879957	94.404202
93883670	94.404205
93891060	94.404217
93910731	94.410180
93911425	94.429031
93921725	94.434553
93923453	94.434554
93926126	94.434565
93929647	94.434565
93936922	94.434565
93939948	94.434565
93942233	94.434565
93944093	94.434565
93947399	94.434565
93948711	94.434682
93952871	94.441523
93953626	94.456642
93954289	94.546808
93968613	94.546884
93968965	94.547507
93969798	94.570161
93969901	94.610608
93970435	94.711940
93970726	94.712043
93973231	94.712865
93977029	94.715293
93981244	94.716354
93981625	94.716398
93984807	94.731447
93988215	94.731500
93989577	94.731511
93995050	94.732306
94003511	94.737284
94003872	94.737744
94007690	94.767832
94012727	94.769606
94012899	94.769873
94021378	94.788873
94021565	94.789030
94027000	94.789718
94030006	94.807372
94043138	94.811089
94044397	94.811162
94046400	94.835601
94051748	94.857949
94055100	94.862666
94055566	94.862792
94056356	94.862800
94058913	94.864404
94059436	94.886266
94060975	94.887231
94062871	94.887642
94063262	94.887703
94063690	94.887715
94068026	94.889765
94068063	94.889765
94073402	94.889772
94075951	94.889774
94082065	94.892242
94086554	94.893320
94091637	94.903969
94092946	94.905700
94094468	94.910361
94095307	94.925798
94095617	94.926699
94096802	94.926699
94106180	94.931216
94107375	94.931388
94113818	94.931394
94121972	94.931394
94122872	94.936713
94125471	94.936713
94128237	94.936713
94129684	94.945977
94132394	94.945988
94143073	94.946353
94162795	94.948569
94170611	94.948673
94174579	94.948687
94175735	94.948689
94193522	94.948721
94203726	94.948748
94204534	94.948853
94205790	94.953924
94205988	94.956890
94207861	95.028692
94208752	95.033762
94211837	95.033868
94216492	95.034979
94216859	95.035015
94217053	95.035015
94221622	95.035211
94227059	95.035228
94228144	95.035516
94236935	95.035616
94238058	95.036005
94238507	95.059218
94239401	95.084467
94239736	95.085339
94239926	95.085433
94242503	95.085463
94249121	95.085504
94251142	95.085504
94253165	95.085598
94255640	95.095193
94257106	95.096983
94259134	95.104527
94287065	95.108128
94293722	95.108429
94299554	95.131097
94309352	95.131540
94309581	95.131544
94309992	95.131559
94319072	95.131961
94321544	95.133531
94338511	95.134631
94344796	95.141995
94345166	95.142079
94349831	95.142079
94356178	95.142079
94373593	95.142079
94380676	95.145401
94389949	95.157593
94404658	95.157638
94412129	95.157659
94420531	95.157708
94422728	95.157761
94425001	95.157933
94426915	95.158437
94431648	95.348405
94432292	95.348413
94433818	95.355959
94459382	95.369388
94461386	95.369634
94462642	95.431405
94463755	95.437498
94472184	95.448081
94473808	95.448920
94476724	95.449319
94491981	95.449330
94499042	95.449334
94502637	95.449334
94503677	95.449334
94513609	95.449334
94548369	95.449334
94569913	95.449334
94614333	95.449335
94689346	95.466993
94695227	95.466993
94695984	95.466993
94711079	95.467200
94712344	95.467334
94733062	95.473841
94735660	95.489460
94744497	95.490527
94746672	95.494863
94748824	95.520625
94750858	95.523534
94752662	95.525000
94764681	95.526507
94767973	95.526545
94793493	95.526739
94801871	95.527465
94802043	95.539878
94817742	95.553614
94834082	95.556647
94851207	95.556650
94859427	95.556653
94874083	95.556654
94874138	95.556654
94888365	95.556788
94891434	95.557085
94896137	95.559159
94906246	95.568141
94917482	95.569501
94923018	95.569640
94930518	95.569716
94932058	95.602096
94936027	95.607673
94937423	95.607687
94938914	95.607718
94956011	95.608929
94958620	95.610631
94964128	95.610928
94964793	95.611035
94966945	95.660450
94968084	95.660916
94971568	95.660916
94972760	95.660919
94973474	95.660928
94980659	95.661162
94982579	95.662385
94983298	95.670597
94984002	95.733354
94984822	95.873069
94984979	95.873098
94985118	95.873109
94985800	95.873132
94986458	95.874584
94986461	95.874587
94988752	95.874747
94997587	95.874820
95003630	95.874841
95003801	95.874841
95010245	95.882456
95017864	95.885537
95041658	95.885553
95048795	95.885553
95053490	95.885553
95059392	95.885828
95075467	95.885894
95083740	95.888093
95084022	95.888184
95084568	95.906903
95097358	95.911029
95101659	95.911139
95101973	95.919069
95115257	95.922914
95117017	95.922916
95120990	95.923005
95133460	95.926550
95138389	95.949100
95142681	95.950320
95157937	95.950441
95170823	95.950462
95184254	95.950591
95195606	95.951084
95204265	95.953246
95222595	95.953254
95249626	95.953286
95249690	95.953290
95262545	95.957507
95278136	95.981863
95281893	95.982128
95299006	95.994768
95299412	96.013508
95316113	96.026356
95319864	96.027086
95323600	96.027144
95343022	96.048719
95363424	96.049033
95369993	96.049039
95379204	96.049043
95395096	96.049046
95422886	96.049050
95485632	96.049054
95500193	96.049201
95502343	96.049201
95515093	96.049202
95576730	96.049525
95579133	96.049772
95580469	96.050295
95590814	96.110031
95592291	96.112431
95592738	96.116052
95594211	96.116447
95597236	96.117565
95597496	96.117582
95603162	96.117614
95633897	96.126544
95643009	96.137398
95647954	96.137490
95665164	96.137722
95708108	96.141823
95711774	96.150122
95712771	96.153726
95713293	96.153727
95720263	96.170718
95730857	96.171291
95734599	96.172963
95736610	96.177391
95736653	96.178643
95738103	96.298396
95740218	96.298458
95742830	96.298470
95749473	96.298471
95760463	96.298472
95760823	96.298472
95761698	96.298472
95781505	96.298473
95783191	96.298473
95784811	96.298473
95789009	96.298474
95789065	96.298474
95789411	96.298475
95791321	96.298957
95793069	96.298986
95795341	96.389486
95795636	96.427422
95796441	96.445158
95797286	96.445469
95798706	96.446393
95800677	96.447146
95803038	96.447455
95803988	96.447516
95805597	96.447546
95808427	96.447548
95814272	96.447553
95818930	96.462179
95819042	96.462304
95819294	96.462304
95821191	96.462304
95824073	96.462304
95824792	96.462304
95825515	96.462316
95826044	96.462897
95826308	96.510508
95826597	96.679086
95826815	96.697902
95828407	96.698528
95831706	96.698679
95834123	96.698728
95835609	96.698740
95835916	96.698850
95837162	96.699086
95837668	96.699106
95839980	96.699120
95842483	96.707594
95848231	96.707628
95852000	96.707629
95855665	96.707630
95855893	96.708261
95856722	96.722724
95859612	96.722725
95861321	96.722798
95876626	96.722958
95879024	96.722958
95881192	96.722959
95887003	96.722960
95889485	96.723580
95900799	96.726208
95906543	96.740632
95907440	96.740633
95910405	96.740633
95916654	96.740633
95932180	96.740633
95935137	96.740636
95949620	96.740665
95950111	96.740703
95950388	96.762872
95950643	96.812597
95952357	96.826760
95963379	96.831180
95965699	96.838416
95966419	96.839956
95966647	96.840361
95967256	96.850889
95973277	96.858333
95974284	96.878513
95974593	96.957713
95975720	96.958137
95975890	96.958137
95976285	96.958137
95976406	96.958137
95982883	96.958137
95983943	96.958137
95988123	96.958591
95991084	96.959179
95995852	96.959860
95998515	96.959867
95999090	96.959867
96000071	96.959868
96003258	96.963154
96013500	96.963154
96015069	96.963154
96017713	96.963155
96027648	96.963157
96028311	96.963398
96032721	96.969001
96033909	96.978636
96035768	96.984222
96036888	96.989510
96037077	96.989692
96046583	97.015223
96048306	97.016550
96048466	97.016566
96049129	97.016615
96052219	97.016691
96052943	97.016753
96066397	97.016812
96081230	97.016945
96083553	97.016976
96094213	97.017303
96094583	97.017595
96095159	97.029650
96098410	97.032215
96098644	97.032222
96111963	97.047174
96128663	97.047316
96130823	97.047612
96132367	97.048921
96142131	97.083281
96143838	97.087285
96148801	97.090406
96149439	97.090506
96155612	97.090607
96168331	97.090675
96179478	97.102833
96181028	97.104154
96201454	97.105047
96247813	97.105057
96357438	97.105057
96368118	97.105057
96378007	97.105058
96383286	97.105250
96384445	97.150925
96389795	97.164607
96391319	97.165254
96392334	97.167120
96397864	97.188613
96401701	97.189702
96408985	97.189807
96427063	97.190066
96431855	97.190395
96433521	97.190484
96435634	97.192525
96452076	97.192713
96453899	97.195489
96454951	97.197761
96458396	97.198212
96472331	97.203864
96481454	97.204562
96481717	97.204562
96486075	97.204562
96487989	97.204656
96488034	97.204669
96515661	97.216613
96519804	97.216614
96532834	97.216614
96535317	97.216642
96535820	97.216658
96537702	97.216658
96540033	97.218362
96541117	97.223844
96541518	97.246116
96541835	97.280929
96545672	97.287097
96547978	97.292535
96549107	97.367220
96551405	97.377862
96551873	97.378172
96552323	97.378380
96553964	97.380193
96558568	97.382253
96559460	97.382414
96560612	97.382414
96560919	97.382414
96563218	97.382433
96564081	97.382563
96567504	97.383602
96567924	97.385527
96569593	97.400244
96569850	97.408902
96570039	97.409230
96571805	97.416182
96572267	97.416384
96578068	97.420996
96579270	97.429035
96579379	97.434243
96579493	97.438603
96580235	97.652373
96581172	97.706975
96582951	97.707255
96586795	97.707572
96588735	97.707663
96589382	97.707683
96591839	97.707721
96595862	97.707721
96599136	97.707721
96607272	97.707721
96607828	97.707721
96608273	97.707721
96610197	97.710558
96617002	97.711774
96617756	97.711774
96618901	97.711774
96619527	97.711774
96620676	97.711774
96621054	97.711775
96622069	97.711795
96622380	97.712205
96637803	97.737741
96640331	97.737743
96646051	97.737743
96647667	97.737743
96648867	97.737743
96650294	97.737744
96652269	97.737839
96671873	97.755066
96672481	97.775838
96673151	97.790873
96683583	97.790873
96730449	97.790873
96737856	97.790873
96755478	97.796674
96774507	97.796674
96782619	97.798737
96799142	97.799057
96833134	97.799181
96845368	97.800931
96846310	97.801080
96861102	97.805894
96863180	97.805926
96889755	97.806253
96892147	97.809633
96907703	97.809993
96941881	97.813162
96978048	97.813178
96979080	97.813178
96980303	97.813662
96986583	97.814598
96989752	97.823609
96995022	97.824394
97009487	97.824402
97011122	97.835577
97017139	97.838602
97022319	97.838603
97052182	97.842971
97052385	97.844617
97053658	97.890709
97062069	97.891556
97091369	97.896501
97092847	97.905788
97093045	97.905986
97093880	97.956439
97097186	97.959742
97099864	97.960243
97110800	97.960308
97117416	97.961048
97119359	97.961250
97121039	97.995533
97123924	98.001668
97125714	98.003111
97127449	98.003118
97137259	98.003627
97138548	98.023106
97147057	98.023548
97148876	98.023581
97155192	98.023601
97155920	98.023601
97156669	98.023601
97157557	98.023638
97159368	98.023930
97159971	98.025943
97160839	98.121067
97161259	98.133151
97162681	98.133669
97194568	98.134292
97210993	98.134348
97240483	98.134349
97259603	98.134350
97265543	98.135400
97266873	98.135510
97325244	98.145095
97327720	98.145109
97338567	98.148531
97359164	98.150538
97366705	98.150549
97369444	98.150889
97375435	98.150991
97382662	98.158547
97383333	98.158767
97392328	98.158800
97414523	98.160796
97454196	98.160961
97486406	98.160961
97498135	98.160961
97502322	98.161100
97511903	98.161775
97519801	98.162841
97526162	98.175142
97533641	98.176153
97551923	98.177081
97554499	98.180265
97556309	98.180266
97566303	98.180273
97575706	98.180286
97583247	98.180291
97584658	98.180294
97596252	98.180627
97599031	98.246398
97599427	98.250811
97602569	98.250827
97607986	98.252175
97611436	98.254462
97617233	98.264395
97617485	98.266914
97618054	98.269852
97618433	98.269933
97627473	98.275262
97630235	98.275468
97641142	98.277167
97652567	98.277916
97656946	98.277933
97665954	98.277943
97668113	98.291611
97668145	98.294188
97671201	98.295485
97671552	98.313537
97671968	98.391421
97672408	98.401200
97673747	98.403311
97674484	98.403379
97677820	98.403402
97688167	98.403420
97693295	98.405624
97693617	98.406307
97698552	98.456939
97698699	98.457251
97698878	98.457566
97702897	98.458579
97708206	98.465649
97713259	98.467125
97719571	98.472584
97719802	98.472667
97725631	98.473072
97725790	98.473083
97726374	98.473315
97726772	98.490011
97730402	98.493293
97734230	98.493428
97735568	98.493451
97741413	98.493487
97741654	98.493493
97743561	98.506884
97746266	98.510941
97747059	98.513456
97747484	98.539612
97747724	98.599997
97748135	98.616074
97753578	98.618426
97761067	98.622352
97761911	98.622685
97763223	98.623044
97764328	98.623044
97767309	98.623044
97770442	98.623044
97783575	98.623044
97790847	98.623062
97791128	98.624073
97791469	98.627212
97793525	98.728316
97795292	98.728572
97795661	98.728579
97795743	98.730812
97798092	98.737907
97798395	98.737907
97799758	98.737907
97801124	98.737918
97801127	98.737918
97805023	98.737929
97806714	98.737930
97811498	98.737940
97817512	98.743629
97820756	98.743886
97825346	98.744422
97826213	98.744422
97828738	98.744442
97833845	98.744922
97835140	98.776368
97836330	98.780558
97837228	98.781744
97837585	98.795472
97838654	98.851106
97838868	98.851289
97839702	98.861140
97840991	98.861278
97842573	98.861817
97844726	98.861979
97845108	98.862158
97845256	98.872127
97845295	98.882151
97845851	98.882473
97847352	98.882473
97847967	98.882473
97848464	98.882625
97850376	98.883465
97851725	98.885882
97852576	98.959044
97852752	98.959910
97853439	98.960040
97853883	98.978559
97854683	99.189450
97855459	99.191237
97855908	99.191238
97857872	99.191371
97869805	99.191598
97873586	99.191616
97875062	99.191676
97880807	99.191800
97882862	99.191807
97886579	99.191817
97890575	99.194010
97895591	99.204951
97897543	99.212926
97901365	99.213994
97901483	99.223701
97901649	99.228029
97904025	99.384001
97910456	99.413733
97922636	99.415079
97923100	99.415109
97927824	99.415136
97945463	99.415155
97960770	99.416675
97962310	99.416723
97962598	99.416778
97970628	99.425366
97984351	99.478023
97991262	99.484024
97996402	99.484442
98002924	99.484455
98028346	99.503215
98037232	99.506439
98046466	99.509920
98068589	99.515366
98083952	99.517875
98094197	99.527724
98094830	99.527728
98103398	99.527728
98104816	99.528527
98107461	99.539042
98110569	99.541846
98114980	99.545272
98117491	99.552426
98134698	99.570986
98153264	99.575211
98165402	99.577966
98171592	99.601451
98178377	99.601451
98182445	99.602406
98215435	99.628276
98225717	99.630842
98226403	99.634134
98271996	99.635787
98299763	99.636176
98301348	99.636183
98301869	99.636197
98306505	99.636284
98309950	99.656366
98315185	99.656465
98327546	99.657225
98362326	99.664543
98362965	99.667710
98363239	99.667938
98380699	99.676257
98381664	99.676541
98382858	99.676683
98383258	99.676693
98396091	99.676948
98400953	99.677011
98401838	99.677219
98403777	99.677219
98404946	99.677219
98406825	99.677225
98409623	99.678451
98410912	99.725622
98413735	99.726859
98420083	99.726925
98421718	99.726990
98428782	99.731256
98435234	99.763151
98437306	99.764018
98439794	99.764182
98446834	99.764208
98446867	99.764208
98447834	99.764208
98448482	99.764208
98451903	99.783207
98453104	99.783442
98480653	99.783901
98491235	99.783935
98495347	99.784016
98501628	99.784240
98505767	99.784251
98508037	99.784309
98508209	99.784319
98512955	99.795533
98521702	99.796071
98551462	99.808223
98555648	99.808584
98570822	99.809558
98581998	99.809558
98599759	99.810933
98606786	99.824758
98609356	99.869432
98609688	99.869445
98641188	99.869502
98648081	99.869683
98655486	99.869758
98658713	99.876531
98673534	99.876680
98702073	99.884044
98702443	99.884044
98735045	99.884049
98744579	99.884134
98762200	99.884149
98788718	99.884182
98794390	99.887790
98794819	99.888480
98795669	99.890469
98801994	99.890841
98807553	99.891403
98831489	99.892125
98832385	99.912295
98832723	99.917896
98833381	99.962034
98833979	99.969760
98841415	99.969984
98852844	99.970012
98855228	99.970014
98857052	99.970015
98862540	99.970021
98866171	99.970234
98869427	99.986042
98871822	100.001237
98877940	100.006031
98879556	100.006087
98880204	100.006087
98883739	100.006257
98884214	100.006408
98886649	100.009722
98886782	100.032626
98887995	100.044512
98889020	100.045996
98892710	100.047158
98914825	100.056282
98923241	100.071715
98923383	100.074765
98944627	100.074765
98945521	100.074765
98952811	100.074765
98959309	100.074765
98959714	100.074772
98960935	100.074836
98963861	100.213867
98967121	100.223979
98968165	100.225310
98968362	100.225347
98969407	100.226052
98970115	100.226141
98973513	100.228487
98974960	100.268449
98975581	100.268699
98982029	100.268744
98998711	100.268744
99009551	100.268744
99035974	100.268744
99043195	100.268744
99103139	100.268744
99105980	100.268744
99130975	100.268744
99131361	100.268744
99144939	100.268744
99152552	100.268744
99153681	100.268744
99154633	100.268744
99158008	100.268744
99159127	100.268744
99173412	100.268744
99182087	100.268745
99190958	100.295583
99191582	100.327346
99195594	100.327970
99199398	100.328777
99200068	100.329669
99200721	100.330939
99211875	100.395122
99216417	100.400104
99220338	100.401360
99244162	100.402422
99261420	100.402515
99300727	100.402864
99330901	100.402905
99379015	100.402952
99416251	100.402976
99422191	100.403118
99430815	100.403954
99488086	100.404809
99508541	100.405285
99564369	100.408963
99592884	100.420273
99592885	100.420273
99595529	100.421839
99669853	100.436768
99696542	100.497613
99723400	100.501441
99723511	100.501446
99778558	100.501594
99791720	100.501642
99803066	100.501642
99809363	100.501643
99819326	100.501655
99824380	100.501793
99832628	100.501799
99838500	100.527798
99852669	100.534634
99856300	100.537662
99860537	100.539821
99861319	100.540900
99864509	100.553937
99887362	100.562796
99898396	100.562796
99900815	100.562823
99908133	100.565261
99914702	100.583236
99917910	100.583927
99932514	100.584241
99934663	100.584419
99950452	100.584421
99955066	100.584422
99956506	100.584422
99959585	100.584424
99960274	100.584425
99960624	100.584488
99969740	100.587814
99971008	100.587815
99972331	100.587840
99988041	100.604769
99988264	100.605846
99990282	100.628929
99990833	100.639477
99991830	100.683778
99991881	100.696809
99992066	100.915680
99992523	100.925550
99994803	100.945308
99999857	100.951740
100000000	100.951749
100000572	100.951786
100003793	100.951805
100011007	100.951830
100014722	100.951840
100017655	100.951840
100030803	100.951840
100037975	100.951840
100040164	100.951840
100047562	100.951840
100120189	100.951845
100167031	100.952556
100175861	100.952736
100192520	100.953905
100197890	100.955728
100201197	100.956601
100216314	100.959320
100216919	100.966501
100220849	100.970948
100224159	101.004443
100224970	101.006765
100228699	101.007387
100231042	101.029638
100231287	101.029678
100240214	101.029678
100250090	101.029678
100260499	101.029678
100262002	101.029678
100290032	101.029678
100290386	101.029678
100290987	101.030339
100297282	101.033327
100305492	101.033462
100318294	101.033914
100319112	101.042327
100329986	101.042655
100345692	101.043519
100352581	101.055094
100353784	101.055160
100353911	101.055164
100371380	101.055453
100379985	101.055725
100400126	101.055731
100404152	101.058563
100409020	101.060234
100411762	101.060234
100412612	101.060234
100416375	101.062189
100423850	101.070688
100431240	101.079573
100436602	101.080816
100437822	101.091410
100438687	101.138849
100439318	101.138959
100452623	101.139252
100460714	101.142753
100470199	101.142753
100488917	101.146141
100492497	101.146141
100493601	101.146141
100506500	101.146143
100509511	101.146148
100510088	101.146157
100512686	101.270386
100513048	101.276873
100513334	101.313753
100514664	101.323741
100516366	101.323847
100518993	101.323847
100521153	101.323847
100521227	101.323847
100522122	101.324361
100523438	101.341344
100525199	101.342356
100531321	101.343337
100539716	101.343851
100547378	101.343851
100555457	101.343851
100556663	101.343851
100564214	101.343851
100573255	101.343852
100578978	101.343852
100584573	101.344116
100587233	101.347138
100590611	101.353817
100590687	101.355350
100591930	101.433526
100592557	101.590203
100592702	101.648001
100592861	101.650183
100594422	101.650586
100597896	101.650668
100602389	101.650742
100607800	101.650824
100613252	101.650857
100613575	101.650857
100616340	101.660695
100627202	101.665303
100631833	101.665303
100635207	101.688948
100640914	101.705822
100643862	101.710403
100644247	101.713807
100649875	101.715526
100650427	101.715559
100651357	101.716036
100651878	101.716113
100653526	101.723628
100653842	101.741559
100655621	101.743043
100658727	101.765400
100659298	101.766058
100661173	101.773331
100661311	101.773416
100664479	101.782315
100668725	101.787115
100669404	101.791602
100671393	101.799019
100674535	101.800810
100676634	101.819344
100677523	101.821779
100681150	101.822324
100684662	101.827283
100693503	101.829570
100693591	101.829570
100705227	101.829570
100711063	101.831041
100715228	101.862216
100715506	101.862805
100717956	101.881437
100719608	101.883584
100727948	101.883895
100736516	101.883895
100751054	101.883895
100754465	101.888095
100775057	101.888283
100800193	101.888880
100803946	101.912413
100815808	101.912695
100850206	101.921795
100850429	101.921915
100854385	101.921917
100867715	101.922138
100871162	101.922562
100872112	101.960110
100873950	102.048547
100874684	102.051840
100875448	102.059976
100877302	102.060080
100877855	102.060149
100878157	102.060399
100879810	102.061807
100883979	102.088636
100884881	102.130403
100885827	102.222183
100886111	102.223718
100887690	102.238531
100889164	102.241180
100907987	102.248049
100926613	102.248049
100927738	102.248049
100933546	102.252275
100939727	102.252275
100940619	102.252326
100945934	102.252910
100952068	102.476151
100953593	102.476372
100957536	102.476461
100958243	102.476466
100958304	102.477086
100960130	102.479289
100964914	102.482601
100967299	102.482668
100970468	102.484677
100977435	102.499988
100979527	102.502027
100982360	102.502676
100982949	102.502713
100987316	102.502714
100988470	102.502714
100992486	102.503564
100997043	102.512453
100998017	102.512660
100999936	102.512852
101006516	102.513550
101010563	102.515050
101016281	102.516491
101016558	102.516522
101018655	102.516642
101023120	102.525075
101039596	102.525233
101042685	102.535967
101046702	102.538133
101050826	102.538396
101052416	102.547835
101058301	102.547933
101067190	102.551875
101070269	102.553176
101075310	102.557168
101078539	102.568489
101080917	102.568635
101087276	102.569859
101087322	102.570024
101090098	102.599235
101097881	102.610956
101098121	102.656811
101098728	102.659709
101099289	102.659709
101102575	102.659709
101104613	102.659709
101118507	102.659709
101154153	102.661337
101163246	102.662267
101163458	102.662267
101165882	102.662380
101189734	102.669350
101190854	102.669403
101190975	102.669405
101207126	102.669509
101225625	102.669825
101230906	102.670265
101234835	102.675833
101237784	102.693331
101240417	102.696106
101247630	102.696400
101248984	102.708702
101249077	102.708706
101249561	102.708706
101249613	102.708706
101250628	102.709428
101250892	102.723691
101256073	102.727377
101256109	102.728010
101256524	102.728284
101258977	102.732724
101270980	102.737534
101277936	102.737534
101278285	102.737534
101285837	102.741419
101286138	102.742408
101289002	102.845180
101289364	102.845902
101289838	102.846176
101290829	102.846304
101296110	102.849378
101296918	102.874855
101299284	102.876232
101304439	102.877189
101305993	102.877299
101308693	102.877328
101309766	102.877357
101312684	102.901545
101315754	102.901696
101320108	102.901706
101320993	102.901829
101321442	102.916673
101322912	103.050421
101322971	103.052337
101326717	103.058552
101326944	103.058580
101334410	103.058810
101349769	103.058978
101354559	103.058983
101355159	103.059046
101368084	103.060901
101372073	103.070997
101376150	103.071582
101377649	103.071582
101398121	103.071582
101401442	103.071584
101415292	103.071632
101418064	103.078092
101430328	103.078135
101431471	103.078337
101432732	103.079096
101432850	103.095059
101438238	103.098303
101481774	103.099696
101487564	103.105996
101488050	103.105997
101498423	103.105997
101499162	103.105997
101530931	103.109202
101537712	103.109225
101546203	103.109318
101546267	103.109333
101547234	103.110025
101553239	103.124096
101554962	103.124440
101558175	103.140817
101572529	103.147177
101574052	103.147182
101591690	103.147195
101596330	103.147196
101604790	103.147196
101606699	103.147199
101610888	103.148720
101618842	103.186191
101620283	103.186194
101620289	103.186205
101625867	103.188193
101637114	103.188470
101643645	103.188470
101660608	103.190482
101661345	103.190482
101662925	103.190482
101676974	103.190669
101683924	103.198352
101708401	103.198950
101719027	103.206854
101721378	103.206854
101743390	103.225675
101754268	103.227844
101761932	103.228319
101790662	103.228350
101836191	103.228352
101892455	103.228352
101907570	103.228352
101934634	103.228352
101935246	103.228352
102017519	103.228370
102094336	103.230104
102103587	103.230213
102109555	103.237903
102132996	103.238179
102139669	103.238179
102155226	103.238179
102163913	103.238179
102166319	103.238179
102183284	103.238179
102493895	103.238179
102496520	103.238179
102509999	103.241979
102532409	103.243570
102534069	103.266894
102540848	103.267375
102543220	103.267406
102565278	103.267467
102568113	103.267469
102582805	103.267536
102598357	103.267864
102633591	103.276071
102659597	103.276619
102661959	103.276739
102692173	103.280154
102705905	103.280202
102839580	103.280211
102865414	103.280657
102867283	103.282933
102894460	103.282938
102895408	103.283000
102910050	103.286070
102934382	103.308811
102936399	103.309234
102968547	103.309234
102978631	103.309234
102981873	103.309235
102982527	103.311916
102988445	103.311999
102992305	103.320557
103008586	103.321188
103051391	103.322357
103057388	103.328880
103069189	103.329346
103095747	103.329356
103100504	103.338060
103149395	103.341211
103213553	103.342964
103218565	103.346046
103230929	103.346729
103239664	103.346800
103245064	103.346909
103249347	103.347026
103252215	103.348981
103255949	103.363998
103260649	103.376119
103324188	103.376393
103328477	103.387807
103330974	103.387817
103346357	103.390445
103359355	103.408355
103363930	103.409055
103371523	103.411184
103372966	103.411196
103399194	103.411196
103408994	103.411196
103423139	103.411196
103424078	103.411207
103426259	103.411295
103430047	103.435819
103430229	103.436135
103437366	103.436421
103441337	103.441869
103442546	103.442041
103458344	103.442393
103487814	103.443742
103514934	103.465566
103516679	103.465645
103538405	103.480477
103542363	103.481854
103543967	103.485192
103550868	103.490925
103554156	103.491014
103587113	103.495381
103593635	103.495537
103600287	103.495537
103611010	103.495537
103626526	103.495537
103646279	103.506878
103654424	103.507607
103659410	103.507608
103664271	103.507658
103667396	103.508191
103681578	103.517621
103691496	103.517621
103691793	103.517621
103693082	103.522258
103695892	103.543095
103696483	103.544377
103696724	103.550120
103698416	103.550121
103700304	103.550121
103703646	103.554978
103710248	103.554979
103714847	103.554979
103722788	103.554979
103723501	103.554979
103724558	103.554979
103728941	103.554979
103732994	103.554979
103733248	103.554979
103734516	103.554979
103734907	103.554980
103736086	103.555408
103738315	103.647033
103738422	103.647049
103740092	103.647790
103740252	103.647793
103745882	103.647970
103746613	103.648144
103747128	103.648920
103748084	103.699299
103748835	103.699460
103754719	103.699868
103771117	103.699963
103773764	103.699966
103781484	103.700024
103785471	103.700028
103788805	103.700028
103814975	103.700725
103817524	103.701035
103817657	103.701173
103819366	103.706418
103822213	103.737767
103822451	103.750821
103823293	103.815542
103830460	103.815542
103834115	103.815542
103834974	103.815542
103850133	103.815542
103860620	103.815542
103868222	103.815542
103877815	103.815544
103879728	103.815544
103887364	103.815544
103887915	103.815544
103894876	103.815552
103900367	103.815561
103906858	103.815563
103919050	103.817363
103919525	103.819341
103920203	103.836763
103920421	103.837100
103923887	103.837248
103924589	103.837254
103930728	103.837309
103945722	103.837399
103955544	103.838356
103988453	103.851450
104004609	103.851485
104130345	103.851494
104136529	103.851978
104158390	103.851978
104211994	103.852054
104243794	103.860987
104244688	103.860988
104288035	103.861570
104290683	103.878913
104293566	103.881161
104295311	103.881185
104302069	103.881237
104313005	103.881244
104320640	103.881244
104323478	103.881244
104324910	103.885983
104325992	103.885983
104331871	103.890805
104335585	103.890805
104338050	103.890821
104431672	103.892339
104444000	103.895475
104448307	103.904673
104472786	103.909236
104480322	103.909380
104481267	103.909380
104496472	103.916880
104498570	103.916880
104544529	103.917414
104544886	103.917420
104548241	103.928414
104557884	103.930474
104569437	103.930649
104576966	103.930698
104580354	103.930704
104587201	103.930704
104682972	103.933789
104689700	103.933789
104690355	103.933789
104786040	103.933793
104805058	103.937139
104926180	103.937426
104969711	103.937426
104985855	103.937426
104987912	103.937428
104996013	103.937451
104996511	103.937458
105001933	103.989482
105002554	103.991345
105014479	103.992796
105044061	103.993026
105082421	103.996919
105083984	103.996926
105089770	103.996999
105099203	103.999288
105104510	104.002257
105106926	104.024783
105113080	104.024804
105119800	104.024804
105130570	104.024804
105154562	104.024812
105169297	104.024920
105171755	104.025829
105173127	104.027119
105181145	104.059714
105209368	104.067590
105218561	104.067649
105223572	104.070461
105227601	104.075074
105230905	104.104102
105236578	104.113498
105237894	104.114079
105242472	104.127008
105321360	104.133939
105411942	104.135836
105420715	104.151269
105447235	104.151695
105526116	104.154723
105530104	104.154723
105541906	104.154746
105552956	104.155590
105559578	104.182571
105597091	104.189381
105626269	104.189676
105637519	104.189679
105667415	104.189686
105691573	104.189935
105705127	104.220607
105715066	104.220709
105752161	104.220709
105848286	104.220709
105888232	104.220709
105908290	104.225503
105935140	104.225506
105958608	104.225506
105969358	104.225633
105996691	104.229022
106011166	104.229022
106019920	104.233053
106025089	104.249855
106025700	104.250185
106027343	104.279804
106032618	104.282646
106037294	104.282646
106039077	104.282646
106043783	104.290431
106056358	104.290537
106067216	104.290574
106067226	104.290574
106075869	104.291058
106097510	104.335424
106107453	104.335981
106110164	104.336013
106160145	104.336923
106167413	104.337390
106172275	104.349056
106187828	104.350055
106212784	104.350071
106214760	104.350074
106232552	104.350078
106239102	104.350080
106254643	104.355813
106260567	104.355815
106278278	104.360705
106287828	104.361735
106288083	104.361735
106316029	104.361738
106325172	104.361738
106333220	104.361738
106347471	104.361738
106356816	104.362082
106426325	104.362799
106514016	104.370615
106596759	104.373402
106668757	104.373411
106692362	104.373708
106693176	104.373907
106730962	104.386420
106732269	104.386443
106753219	104.398983
106773321	104.399301
106891708	104.399579
106897095	104.399601
106901299	104.406165
106917472	104.412928
106919404	104.422835
106956972	104.423619
106958264	104.423619
106980044	104.423641
107011960	104.426820
107020929	104.427164
107034963	104.438084
107043226	104.441375
107050259	104.441435
107080843	104.441469
107153172	104.443738
107153225	104.443741
107197320	104.443741
107222137	104.457231
107225478	104.457233
107326145	104.457356
107340080	104.457374
107345393	104.473404
107358915	104.473421
107374989	104.474466
107407286	104.478057
107422635	104.478220
107424420	104.478607
107451256	104.490192
107466530	104.533474
107466573	104.533488
107467453	104.533903
107468749	104.536243
107472567	104.536381
107487611	104.551560
107493590	104.552356
107497968	104.554531
107510350	104.570539
107531008	104.601341
107599038	104.605034
107599728	104.612704
107603802	104.613368
107606410	104.618136
107608347	104.637184
107609825	104.639086
107616598	104.639838
107635593	104.658657
107645103	104.680619
107647222	104.681095
107654322	104.695797
107654759	104.695901
107659075	104.707057
107660067	104.710885
107678163	104.719352
107684729	104.719615
107684828	104.719616
107688546	104.719781
107696775	104.721249
107698929	104.739383
107705280	104.744455
107707590	104.744455
107707966	104.744465
107710455	104.752523
107711542	104.753274
107745527	104.762584
107750557	104.769583
107769057	104.777858
107777739	104.778005
107781784	104.778006
107782251	104.778036
107807167	104.778036
107847004	104.778036
107849033	104.778040
107861889	104.778059
107878747	104.778059
107898327	104.778059
107917225	104.778059
107918269	104.778059
107942496	104.801073
107943262	104.819562
107949717	104.832732
107952196	104.833000
107966246	104.833951
107973247	104.846559
107974084	104.892925
107987185	104.893438
107990426	104.893485
107991943	104.893485
108009382	104.893485
108012004	104.897863
108030261	104.900708
108037874	104.900710
108063310	104.900710
108072703	104.901420
108075799	104.905037
108082797	104.905071
108088664	104.905109
108120926	104.908692
108149917	104.909797
108151335	104.910309
108153135	104.910309
108153728	104.910491
108158004	104.917828
108161245	104.919151
108163418	104.958314
108173180	104.962300
108198167	104.968146
108198221	104.968146
108212537	104.968167
108215719	104.979651
108216605	104.980070
108234510	104.981312
108249482	104.981332
108285009	104.982275
108317101	104.983132
108353730	104.986567
108360252	104.986567
108458718	104.986583
108472254	104.986587
108691954	104.987382
108699220	104.988482
108727639	105.003769
108733710	105.052366
108740147	105.055829
108743015	105.055838
108744542	105.055838
108745257	105.055838
108774023	105.055838
108780303	105.055838
108903307	105.072031
108990142	105.079636
109026131	105.080174
109038634	105.081085
109078198	105.081136
109080626	105.081273
109081928	105.092920
109129098	105.095589
109152479	105.095620
109235639	105.095624
109246064	105.095678
109249323	105.095686
109258841	105.095779
109270176	105.096099
109277774	105.100320
109284200	105.107571
109287252	105.116876
109288233	105.118989
109296933	105.119544
109300191	105.119544
109319971	105.119710
109324726	105.119750
109329012	105.119841
109337445	105.120481
109352110	105.124606
109352462	105.126106
109363850	105.126494
109374191	105.133488
109375416	105.203250
109380481	105.209084
109383974	105.210202
109400188	105.223221
109410109	105.270492
109413654	105.271219
109414128	105.273722
109426624	105.280450
109433188	105.281266
109433568	105.281280
109439072	105.281595
109441679	105.281597
109445827	105.281597
109447549	105.281598
109456457	105.295130
109465323	105.295134
109469671	105.295135
109497928	105.324958
109499242	105.325651
109499498	105.325697
109543085	105.325795
109543785	105.325795
109579479	105.325795
109594081	105.325812
109596335	105.326051
109602676	105.326187
109610700	105.326682
109618877	105.328258
109623948	105.331970
109624924	105.360109
109625225	105.361409
109627376	105.463037
109628085	105.464043
109629162	105.475742
109650469	105.479566
109651398	105.479586
109652018	105.479592
109679285	105.479690
109690107	105.483124
109693682	105.483198
109702878	105.483198
109730587	105.483198
109739271	105.483198
109740240	105.486157
109740329	105.486157
109741173	105.486507
109743645	105.486722
109744075	105.488483
109745257	105.506968
109746209	105.509769
109757735	105.527764
109763228	105.529914
109772857	105.530078
109774891	105.530207
109778378	105.530413
109780324	105.531105
109782672	105.560038
109783668	105.567683
109784574	105.577625
109784866	105.662936
109785329	105.753833
109785789	105.802977
109785913	105.804397
109785926	105.804436
109786068	105.805519
109787727	105.806400
109791218	105.808120
109792065	105.808175
109792251	105.808180
109798222	105.808477
109800618	105.808477
109802509	105.808477
109803602	105.808478
109806789	105.926359
109807139	105.926359
109811358	105.926359
109814053	105.926431
109818424	105.926533
109822461	105.926534
109823613	105.926562
109826618	105.926595
109829351	105.944351
109833573	105.944398
109836760	105.944649
109842389	105.946000
109845658	105.946109
109851689	105.946120
109854408	105.946121
109874887	105.946177
109882415	105.946180
109886561	105.946180
109908303	105.946439
109914118	105.948321
109916536	105.948684
109922009	105.949273
109925410	105.950558
109925510	105.950731
109932777	105.991856
109935321	105.995554
109935726	105.995811
109943030	106.009760
109945697	106.084677
109951308	106.087398
109960066	106.088121
109962358	106.088192
109962971	106.088387
109963313	106.088390
109976888	106.089608
109994824	106.093708
109997546	106.094462
110005307	106.102515
110007344	106.102515
110010153	106.102522
110015501	106.102559
110016070	106.102831
110018441	106.107889
110019515	106.126681
110020207	106.140620
110021645	106.256496
110022306	106.274859
110024395	106.274898
110029628	106.274930
110032165	106.274930
110034662	106.274930
110035756	106.274930
110041254	106.274930
110052604	106.274958
110056867	106.274958
110078861	106.274958
110082258	106.274958
110101311	106.276906
110108359	106.277321
110111709	106.277678
110115579	106.282511
110119741	106.284363
110122346	106.284363
110132994	106.284363
110144700	106.284366
110145786	106.284454
110146005	106.284567
110156100	106.350013
110158191	106.382881
110168676	106.383749
110175937	106.383816
110180801	106.431289
110183721	106.432434
110197992	106.432442
110215372	106.432447
110225479	106.432447
110227626	106.432447
110229941	106.432447
110242437	106.436757
110265570	106.448725
110266853	106.448725
110302601	106.448739
110309439	106.448752
110309882	106.448754
110317554	106.454847
110324132	106.465415
110326156	106.480374
110330884	106.480462
110331472	106.480485
110337794	106.480984
110343232	106.481865
110343631	106.482009
110359004	106.595927
110362677	106.596107
110369211	106.596164
110375060	106.596170
110375080	106.596171
110387479	106.622215
110387852	106.623289
110388163	106.624351
110389982	106.626795
110393992	106.626852
110396589	106.626923
110396967	106.626961
110401553	106.628092
110403693	106.629545
110406384	106.636366
110409172	106.660078
110409323	106.660368
110427668	106.785633
110429730	106.787904
110436885	106.787925
110438829	106.789245
110441226	106.790455
110445924	106.791853
110446240	106.792341
110450046	106.837315
110455531	106.845790
110478385	106.845790
110486709	106.845790
110500006	106.845790
110513340	106.845790
110538015	106.845790
110546388	106.845790
110576840	106.845874
110584394	106.845874
110590677	106.845875
110591858	106.851164
110644620	106.851175
110647400	106.851709
110659078	106.852694
110662875	106.856830
110682184	106.856887
110683482	106.862489
110688628	106.863113
110692755	106.864992
110695977	106.866774
110697068	106.867383
110697349	106.888407
110697767	106.895433
110697921	106.895799
110705419	106.947294
110705556	106.947515
110709424	106.954634
110722449	106.958525
110725159	106.958572
110728904	106.958644
110760734	106.959397
110785470	106.979365
110854930	106.987628
110863002	106.988174
110950997	106.990326
110962114	106.990326
110970742	106.990326
110980713	106.990326
110985612	106.990326
110999446	106.990326
111001623	106.990451
111003487	106.998188
111008875	107.024820
111021021	107.026121
111024796	107.026582
111025347	107.026729
111047867	107.034810
111062612	107.035099
111078126	107.035917
111083076	107.036579
111084292	107.036580
111086202	107.036593
111087096	107.036606
111098730	107.038608
111125108	107.061360
111128224	107.092128
111133107	107.100804
111133600	107.105281
111138248	107.106012
111138591	107.106095
111148283	107.135928
111149943	107.162664
111151331	107.164167
111156896	107.165439
111160344	107.170162
111161874	107.170381
111169429	107.185548
111170222	107.197138
111178980	107.284336
111186366	107.311931
111196961	107.319867
111197907	107.320222
111199793	107.320482
111204322	107.320817
111205032	107.320842
111216704	107.321032
111226427	107.321133
111246292	107.321202
111254195	107.321224
111257355	107.321225
111272453	107.321225
111274530	107.321243
111279008	107.321393
111281159	107.321414
111281733	107.321425
111282816	107.321562
111283907	107.322260
111289659	107.350162
111303223	107.364622
111311607	107.365548
111317637	107.368046
111327817	107.372478
111338500	107.373179
111340962	107.373179
111343100	107.373191
111372741	107.374038
111376807	107.374187
111388869	107.376166
111398213	107.380579
111404143	107.404155
111404711	107.404336
111413580	107.415306
111418654	107.418324
111419868	107.419464
111431252	107.438616
111441603	107.441814
111462047	107.443305
111474124	107.446770
111505814	107.446914
111513934	107.463778
111518731	107.480167
111525304	107.480215
111532257	107.480464
111534580	107.480762
111544060	107.486394
111547137	107.493733
111561335	107.595572
111572816	107.624462
111574194	107.625830
111578912	107.627228
111580377	107.627517
111589728	107.630157
111594269	107.630510
111594361	107.630515
111645127	107.630813
111645164	107.631101
111653727	107.633555
111667951	107.647195
111670533	107.649240
111682233	107.652017
111696916	107.657549
111744158	107.662575
111783141	107.662600
111792599	107.662605
111793875	107.662605
111814494	107.662611
111822103	107.667476
111822282	107.667532
111848364	107.687957
111872688	107.687995
111876698	107.688006
111884667	107.688047
111889286	107.688163
111891130	107.688224
111892450	107.688446
111894324	107.689241
111905775	107.692773
111905848	107.693069
111907082	107.858827
111907282	107.868069
111908562	107.869596
111909136	107.869686
111909352	107.869712
111909740	107.869739
111911479	107.870218
111911721	107.870236
111912005	107.870238
111913139	107.870683
111913858	107.885566
111914379	107.975499
111914433	107.976617
111914762	108.029303
111915387	108.045260
111916179	108.046721
111916332	108.046788
111917973	108.047367
111919471	108.059603
111924095	108.074659
111932463	108.088968
111935514	108.089429
111936460	108.089619
111944361	108.090206
111950320	108.134607
111953221	108.142031
111958325	108.152423
111970446	108.157829
111971372	108.161447
111978008	108.173125
111991013	108.182753
111992107	108.183693
111992127	108.183707
112017930	108.216912
112025020	108.224302
112026657	108.224302
112027718	108.224302
112030800	108.224302
112031053	108.224302
112038452	108.224302
112042431	108.224302
112056821	108.263451
112064464	108.263615
112065662	108.263615
112086489	108.263670
112095351	108.263736
112111281	108.263823
112116831	108.263827
112132759	108.263887
112137942	108.263947
112144064	108.265131
112150597	108.266101
112153303	108.273216
112156786	108.330494
112157462	108.439350
112157526	108.439502
112160900	108.439502
112169542	108.439502
112170470	108.439730
112173207	108.458785
112176765	108.477679
112178056	108.477996
112179156	108.493747
112186843	108.493985
112187107	108.493986
112191985	108.493997
112194971	108.494001
112204135	108.494001
112207959	108.498278
112209974	108.499025
112217608	108.500045
112218284	108.500045
112224129	108.500045
112224806	108.500045
112229981	108.500045
112236999	108.500045
112237611	108.500054
112250844	108.500303
112261087	108.513072
112269919	108.517672
112273456	108.517989
112275725	108.520784
112281544	108.559315
112284568	108.563040
112288346	108.564161
112294729	108.564161
112296237	108.564161
112297044	108.564161
112300773	108.564161
112304788	108.564162
112304873	108.564162
112307395	108.564164
112311980	108.564581
112315548	108.588268
112316620	108.588604
112331902	108.596510
112348778	108.597940
112356994	108.601189
112359652	108.601189
112359879	108.601189
112366504	108.601190
112368381	108.601367
112373641	108.601600
112378056	108.601922
112391850	108.603554
112393243	108.604079
112394709	108.611578
112397338	108.653745
112397732	108.677591
112398862	108.680548
112400647	108.687254
112401147	108.691352
112401274	108.691612
112401657	108.730001
112403236	109.046325
112406520	109.046466
112407508	109.046477
112408847	109.046487
112410091	109.046488
112410388	109.046652
112415252	109.047143
112417530	109.047183
112421733	109.047227
112421779	109.047227
112422310	109.048381
112423113	109.048423
112424969	109.050815
112425057	109.050879
112425074	109.051036
112425820	109.095044
112426328	109.099740
112427156	109.100928
112427249	109.101017
112432759	109.101092
112433292	109.101095
112437462	109.101101
112441300	109.101103
112441499	109.101103
112447527	109.101103
112453978	109.101103
112454808	109.101103
112455212	109.101103
112459675	109.101103
112461623	109.101103
112463246	109.101103
112464630	109.101238
112496524	109.103877
112507524	109.103877
112507993	109.103877
112510771	109.103877
112525752	109.103879
112525847	109.103881
112545452	109.105074
112549477	109.105335
112552109	109.105419
112559398	109.106763
112561511	109.121239
112563012	109.121526
112571001	109.121529
112572590	109.121529
112576347	109.121541
112576961	109.121544
112594377	109.121971
112600829	109.122362
112604268	109.123147
112605073	109.123264
112608119	109.124316
112611071	109.126334
112611705	109.129009
112612657	109.136882
112612926	109.136897
112613030	109.136907
112613761	109.137027
112614738	109.137365
112614752	109.138794
112615091	109.354944
112615094	109.355215
112615485	109.357414
112615554	109.357419
112616968	109.411408
112619130	109.419817
112621822	109.420007
112627143	109.421195
112628093	109.421280
112628860	109.421331
112630937	109.421403
112633158	109.421420
112635926	109.421433
112640900	109.421445
112641038	109.421445
112641596	109.421445
112645299	109.421445
112645496	109.421445
112646743	109.470044
112653956	109.479446
112672609	109.491890
112672761	109.491890
112678497	109.492093
112710521	109.492165
112718724	109.492198
112734977	109.492600
112752053	109.492780
112760961	109.492830
112764622	109.505365
112766611	109.505377
112779849	109.505675
112781674	109.505837
112786374	109.511382
112792195	109.517976
112794039	109.537285
112797541	109.537287
112805584	109.537327
112812059	109.537327
112812435	109.537458
112820220	109.552376
112820662	109.562192
112822171	109.575007
112824542	109.575578
112829937	109.575611
112831899	109.576614
112831988	109.578914
112833699	109.695251
112835167	109.720167
112836754	109.720591
112837074	109.722145
112838536	109.748425
112839861	109.751666
112841206	109.771245
112841415	109.771263
112844240	109.771272
112845267	109.771272
112847049	109.771272
112860585	109.771272
112861781	109.778221
112868825	109.778221
112876270	109.778221
112878577	109.778228
112887752	109.778415
112901831	109.779003
112930043	109.797602
112934796	109.800180
112946161	109.803142
112975473	109.803452
113026409	109.809068
113046250	109.810297
113056501	109.812975
113063571	109.813039
113072024	109.814459
113104999	109.826790
113117141	109.827370
113139135	109.827642
113144648	109.827699
113145538	109.829153
113190248	109.832077
113220682	109.833664
113223869	109.833666
113242243	109.834087
113245729	109.834107
113245793	109.834108
113260765	109.835147
113263562	109.835576
113265152	109.842400
113267562	109.889931
113275657	109.891140
113276546	109.891184
113336719	109.891229
113337932	109.891635
113352963	109.891741
113354498	109.900897
113354721	109.900898
113375507	109.910361
113383683	109.910372
113385455	109.919240
113410446	109.919272
113418704	109.920026
113458236	109.923626
113465241	109.923848
113471670	109.930233
113492155	109.930880
113513843	109.935383
113558639	109.940755
113560358	109.941096
113574441	109.948248
113580654	109.948286
113584516	109.957357
113585512	109.985420
113585668	109.985530
113587491	109.985618
113629540	109.985620
113646002	109.986222
113651748	109.987221
113664510	109.997035
113666914	109.997632
113672510	110.009081
113674423	110.009556
113676038	110.009659
113684716	110.013371
113687060	110.013383
113698901	110.014090
113699358	110.014135
113700039	110.015448
113702776	110.047986
113704306	110.050937
113738615	110.054293
113749519	110.065771
113750192	110.065771
113766290	110.065771
113770549	110.065771
113793122	110.072377
113799175	110.072377
113807374	110.072377
113807509	110.072377
113808629	110.084356
113813798	110.084356
113815242	110.084357
113822848	110.084472
113829425	110.085086
113832871	110.099324
113842318	110.115759
113850132	110.117906
113885500	110.125665
113890156	110.137309
113903477	110.138206
113907006	110.138206
113908556	110.138206
113908725	110.139206
113909578	110.165312
113910554	110.178728
113913458	110.178907
113916506	110.179309
113916545	110.181319
113917209	110.181324
113918631	110.191959
113922422	110.202289
113927462	110.202326
113930186	110.205319
113931293	110.217672
113931344	110.217977
113932758	110.218010
113936696	110.221462
113937776	110.221555
113942463	110.236768
113948243	110.237263
113952809	110.237416
113954140	110.237416
113957423	110.237417
113958604	110.237420
113967564	110.238303
113968742	110.238324
113975997	110.238799
113976563	110.238844
113977062	110.239606
113980144	110.254053
113981331	110.292321
113981955	110.296489
113985318	110.300736
113985413	110.301643
113986527	110.315943
113987809	110.317614
113989982	110.318103
113993319	110.318601
114002149	110.318642
114005087	110.318699
114012778	110.318700
114014309	110.318702
114014945	110.318707
114024494	110.318707
114034321	110.318711
114038980	110.324078
114042235	110.337190
114045667	110.337194
114052621	110.337333
114053006	110.337419
114053252	110.337933
114053509	110.353140
114054129	110.459660
114057570	110.501784
114059359	110.502814
114066788	110.504272
114067379	110.532374
114067566	110.535957
114067803	110.535957
114068635	110.535957
114072584	110.535957
114073000	110.535957
114074293	110.535957
114074396	110.535957
114075009	110.537538
114075694	110.616568
114075787	110.621938
114075803	110.622031
114076183	110.647151
114076343	110.648165
114076520	110.648441
114079164	110.648603
114081350	110.648603
114085477	110.648604
114085627	110.648604
114090385	110.648639
114100180	110.648832
114102638	110.649568
114103793	110.686665
114103804	110.686709
114104791	110.805857
114107648	110.819215
114112063	110.819252
114115433	110.819262
114122295	110.819269
114127548	110.819269
114128707	110.819269
114138133	110.819269
114143286	110.819271
114143499	110.819501
114143802	110.819508
114146944	110.819785
114147096	110.843023
114147403	110.872083
114149164	110.905132
114150653	110.906097
114155333	110.906211
114168239	110.906269
114170965	110.906273
114178906	110.906312
114185189	110.908196
114211225	110.909047
114212464	110.919076
114222462	110.919403
114228156	110.920350
114246245	110.931698
114251108	110.933552
114253400	110.936269
114254137	110.953419
114257100	110.957863
114259094	110.957901
114262741	110.958059
114279105	110.958103
114281039	110.958113
114331391	110.958358
114331948	110.958436
114333900	110.958465
114335137	110.958605
114336501	110.959456
114338553	110.959842
114339393	110.960254
114341313	111.066932
114342049	111.086791
114342719	111.087104
114346437	111.087111
114347598	111.087112
114349586	111.087112
114349771	111.091500
114350069	111.101832
114356686	111.101832
114363359	111.101833
114365254	111.101834
114365269	111.102062
114366394	111.140411
114366703	111.146365
114368467	111.285837
114372626	111.288279
114373856	111.288460
114374770	111.288479
114378166	111.288521
114387081	111.288523
114388083	111.288523
114389308	111.288523
114390362	111.288523
114393977	111.288523
114400730	111.308015
114401233	111.308015
114401431	111.308015
114413188	111.308015
114413751	111.308015
114422713	111.308015
114455270	111.308015
114471084	111.308403
114492244	111.308600
114496053	111.312499
114499752	111.322416
114505883	111.322603
114508468	111.322747
114511947	111.325081
114526812	111.325425
114526821	111.325429
114530829	111.333874
114532460	111.367780
114538872	111.367928
114539177	111.368096
114539469	111.380044
114540782	111.446516
114540799	111.446535
114541707	111.446559
114544798	111.446615
114551190	111.447114
114557647	111.447117
114561715	111.457242
114563192	111.457242
114565458	111.464056
114583441	111.464056
114583649	111.464056
114586513	111.464056
114590222	111.464056
114676374	111.464056
114693939	111.464056
114709644	111.464100
114736018	111.472712
114806367	111.475808
114807226	111.476084
114812722	111.479223
114813304	111.479336
114913935	111.479341
114929120	111.479393
114937595	111.479531
114947229	111.480033
114950798	111.480819
114960677	111.503546
114963993	111.559565
114968422	111.561065
114971055	111.566072
114982445	111.591804
114986318	111.592774
114993307	111.593039
115018468	111.593254
115025525	111.593293
115026383	111.593294
115046174	111.600040
115047408	111.606505
115048882	111.606505
115051733	111.606529
115056188	111.614824
115062487	111.614879
115068897	111.623450
115113814	111.623842
115125448	111.623924
115143931	111.624217
115190034	111.626209
115237353	111.630211
115253973	111.630211
115257338	111.630211
115261434	111.630399
115282962	111.632490
115289748	111.639407
115294682	111.649582
115296854	111.649844
115306611	111.651818
115306686	111.651821
115311495	111.652297
115316869	111.652724
115318424	111.653069
115321189	111.661279
115323660	111.661279
115327103	111.667622
115327274	111.667622
115329578	111.667629
115329987	111.721501
115330303	111.738026
115330667	111.778186
115332327	111.778873
115332427	111.779176
115332817	111.784616
115332919	111.789745
115334763	112.030448
115335185	112.031392
115335613	112.031742
115339086	112.033184
115340056	112.033374
115342749	112.033375
115344667	112.033375
115347663	112.033577
115350411	112.033675
115350687	112.034208
115352656	112.035054
115355690	112.035258
115361917	112.044285
115366647	112.045977
115367136	112.045999
115367300	112.047381
115371122	112.054038
115381973	112.054082
115397478	112.054115
115403604	112.054122
115408963	112.057793
115412778	112.072822
115420747	112.075458
115421516	112.075458
115425907	112.075458
115427891	112.080008
115429584	112.080008
115433142	112.080009
115438491	112.080200
115439105	112.080249
115454192	112.084730
115463742	112.088435
115470780	112.088574
115476351	112.088574
115478611	112.088575
115485805	112.088578
115491457	112.088584
115492732	112.088588
115495226	112.088621
115496851	112.088893
115497606	112.089340
115498269	112.097523
115499047	112.122324
115499731	112.278761
115500339	112.334997
115500352	112.334997
115502236	112.335011
115503941	112.335015
115507714	112.335019
115517544	112.335020
115524984	112.335020
115526991	112.335020
115527302	112.335245
115527970	112.337755
115528497	112.355338
115528542	112.360114
115528729	112.360534
115529407	112.425473
115530336	112.425610
115531400	112.426234
115533270	112.501685
115534208	112.511474
115534810	112.511485
115540584	112.511537
115552625	112.511568
115554210	112.511569
115554704	112.511570
115584532	112.511576
115588425	112.511576
115611539	112.511582
115626785	112.527191
115644083	112.527196
115645556	112.528696
115646784	112.528723
115658783	112.529510
115660954	112.529877
115666674	112.536571
115668777	112.549011
115669293	112.549015
115670857	112.549060
115675161	112.549470
115679788	112.551083
115682738	112.553927
115684769	112.561908
115686142	112.588415
115686981	112.687260
115687110	112.689448
115687581	112.692027
115687950	112.692758
115688155	112.692769
115688310	112.692769
115690491	112.711055
115690894	112.712758
115694929	112.712758
115705687	112.712758
115708058	112.712758
115714426	112.712758
115723591	112.712779
115841564	112.713699
115891389	112.715996
115892986	112.716024
115895863	112.734162
115896358	112.734171
115901375	112.741228
115903065	112.744919
115904314	112.768556
115904607	112.769967
115905612	112.776262
115905699	112.776262
115907204	112.776263
115908387	112.776263
115909460	112.777712
115924444	112.777804
115932356	112.778250
115934462	112.780540
115934530	112.782674
115934693	112.813981
115940502	112.826674
115941620	112.826878
115942978	112.827477
115944033	112.827810
115948846	112.827810
115950491	112.827810
115951069	112.828931
115951483	112.836871
115952112	112.838982
115958985	112.839796
115970614	112.839796
115970664	112.839796
115983445	112.839796
115990895	112.839796
115993420	112.839796
115993816	112.839796
115997015	112.839796
116000897	112.839796
116005633	112.839796
116005971	112.839796
116008464	112.839977
116010332	112.871456
116010854	112.911560
116011063	112.914687
116011333	112.950198
116012161	113.206856
116013109	113.211934
116013381	113.211952
116013619	113.211954
116016266	113.211959
116016736	113.211959
116020481	113.211962
116021245	113.211962
116027209	113.211962
116028096	113.211962
116030307	113.211962
116032092	113.211962
116037809	113.212961
116044495	113.212962
116075125	113.226532
116088098	113.226532
116093258	113.226532
116100750	113.226917
116102764	113.227160
116116182	113.231192
116116496	113.231201
116117146	113.231489
116139550	113.236088
116140502	113.236870
116141850	113.249564
116142068	113.249675
116142749	113.250678
116143367	113.254008
116148059	113.254008
116150971	113.254032
116151828	113.254049
116154158	113.254153
116155657	113.381981
116156025	113.404113
116157995	113.404145
116158885	113.405046
116159519	113.405845
116161065	113.405940
116161156	113.405942
116162982	113.406409
116164433	113.407873
116165379	113.408777
116169001	113.469105
116170207	113.474029
116170599	113.474403
116170939	113.474567
116171082	113.474567
116172153	113.474567
116173571	113.474567
116173873	113.474567
116174991	113.484161
116175201	113.484161
116176178	113.484161
116176496	113.484161
116196883	113.484161
116197080	113.484161
116200033	113.484161
116212622	113.484161
116220953	113.484161
116227170	113.484161
116230553	113.484161
116238401	113.484364
116239283	113.494892
116240021	113.498278
116268921	113.500967
116271400	113.501912
116273314	113.514503
116273555	113.514595
116280774	113.515436
116294276	113.518036
116313975	113.525566
116314653	113.526039
116314913	113.526499
116318725	113.526499
116326596	113.526500
116335644	113.526523
116339049	113.526541
116341919	113.528098
116342446	113.538247
116343004	113.538550
116343457	113.538551
116344178	113.538553
116344899	113.538555
116345053	113.538556
116345108	113.558293
116345986	113.861106
116346064	113.867850
116346239	113.874808
116346909	113.885908
116349108	113.885932
116349643	113.885934
116350352	113.885934
116357019	113.885934
116357744	113.885939
116358107	113.885942
116358380	113.885943
116359903	113.887184
116360151	113.889856
116360885	113.932972
116360988	113.934082
116361074	113.934288
116362784	113.949971
116362989	113.949973
116364605	113.951739
116365319	113.954310
116366208	113.955967
116372005	113.955986
116372164	113.958496
116374405	113.959546
116375895	113.959697
116385331	113.959698
116385411	113.959698
116390211	113.959736
116396723	113.960105
116398550	113.960384
116399567	113.963372
116400685	113.973715
116406537	113.975083
116407973	113.975192
116412822	113.975193
116417974	113.975194
116418068	113.975194
116422662	113.975224
116424999	113.975232
116425893	114.015109
116426142	114.017609
116427550	114.076702
116427556	114.143042
116427671	114.155480
116427675	114.155482
116427721	114.155833
116427789	114.155919
116427919	114.156028
116430311	114.156589
116433741	114.156824
116434382	114.156857
116434713	114.156857
116435671	114.156857
116440022	114.157817
116448500	114.158986
116451114	114.159102
116453854	114.160229
116455651	114.160717
116458613	114.161043
116459663	114.161060
116461069	114.161478
116465447	114.226632
116465902	114.226844
116466768	114.244809
116468004	114.249172
116468529	114.249346
116471094	114.249482
116478245	114.249648
116489197	114.249698
116491109	114.259698
116491958	114.260744
116499760	114.268539
116508732	114.272808
116523078	114.272842
116524209	114.275365
116524936	114.297852
116526128	114.300512
116526239	114.300623
116531351	114.300633
116556743	114.300720
116607017	114.300887
116619653	114.300888
116660619	114.302128
116681365	114.303484
116686930	114.313117
116689686	114.313297
116697605	114.318502
116717293	114.318899
116727523	114.319255
116727780	114.319489
116727846	114.319751
116728241	114.324238
116729599	114.378607
116732644	114.396374
116733286	114.396809
116738467	114.396922
116740213	114.396934
116745244	114.396935
116748166	114.396935
116758991	114.396935
116776928	114.396937
116780729	114.396937
116781587	114.396937
116807112	114.396937
116808832	114.396938
116814792	114.396945
116816581	114.396950
116816968	114.396953
116822100	114.397116
116829775	114.397300
116833544	114.402304
116833829	114.409368
116834076	114.439653
116834077	114.460986
116834360	114.474716
116834430	114.474739
116835994	114.528271
116837465	114.528271
116837606	114.528271
116838541	114.528271
116839606	114.528271
116847275	114.528271
116852548	114.528271
116871335	114.528271
116871420	114.528271
116875777	114.528271
116902004	114.528271
116922374	114.528271
116923569	114.528271
116951603	114.528271
116985765	114.532224
116990070	114.539053
117007832	114.539054
117008295	114.539067
117030497	114.540654
117031714	114.559566
117033952	114.559725
117056015	114.560644
117077067	114.560665
117098216	114.560923
117119438	114.567598
117120447	114.594107
117120949	114.610642
117130241	114.610755
117132669	114.610764
117133319	114.624511
117137515	114.624527
117137874	114.624527
117150951	114.624527
117204063	114.624527
117226510	114.624527
117227070	114.624527
117227617	114.624527
117243413	114.624527
117262430	114.624530
117265010	114.624532
117266020	114.624534
117266711	114.624541
117271703	114.624730
117276054	114.625665
117276782	114.656951
117277657	114.663133
117277973	114.663654
117279638	114.664220
117281409	114.664359
117285760	114.664367
117286581	114.664431
117287364	114.664818
117288052	114.665167
117291011	114.677617
117291290	114.677953
117292260	114.678016
117295681	114.679786
117296396	114.679919
117310399	114.680056
117311606	114.680058
117319213	114.680077
117325116	114.680163
117325637	114.707652
117325661	114.707652
117325742	114.707687
117325921	114.727120
117329324	114.728601
117330637	114.728619
117331124	114.728729
117335089	114.780893
117335878	114.788711
117350603	114.789051
117352313	114.789074
117356375	114.789074
117369560	114.789074
117373447	114.789074
117374356	114.789074
117400894	114.789074
117405434	114.789074
117426885	114.789074
117428515	114.789074
117428638	114.789074
117439703	114.789075
117458736	114.789138
117463673	114.789146
117471363	114.789207
117471766	114.804382
117473158	114.808092
117480319	114.809286
117483530	114.819124
117484059	114.848620
117484349	114.848919
117485628	114.850984
117485863	114.852569
117486730	114.884449
117488133	114.894597
117489188	114.895854
117489425	114.895978
117489491	114.906205
117490916	114.917366
117492440	114.917374
117526274	114.917381
117527773	114.917388
117528416	114.917388
117540100	114.923059
117542790	114.928524
117570927	114.928536
117587754	114.928554
117599854	114.928560
117621197	114.928561
117625552	114.928561
117635553	114.930874
117644782	114.931396
117660724	114.931396
117682497	114.931396
117706349	114.931734
117706427	114.931735
117709022	114.931870
117714379	114.938135
117717732	114.938309
117725631	114.938397
117732492	114.938397
117735951	114.938397
117736109	114.938397
117736633	114.938403
117739459	114.938456
117747117	114.938634
117748851	114.938986
117750571	114.961385
117751760	114.961626
117752199	114.966283
117753011	114.997669
117753191	115.014111
117753505	115.059680
117753625	115.134802
117754027	115.210391
117755078	115.258852
117755500	115.265443
117756136	115.266500
117756334	115.266981
117758472	115.272966
117763763	115.273092
117764417	115.273101
117769553	115.273133
117771931	115.273139
117772879	115.273140
117774027	115.273140
117776459	115.273140
117780992	115.273140
117787569	115.273140
117808997	115.274074
117810816	115.274091
117829848	115.274499
117836189	115.277580
117840296	115.280671
117843632	115.282491
117844856	115.282491
117850101	115.282491
117852568	115.282491
117855777	115.282491
117855842	115.282491
117856807	115.297773
117859791	115.297774
117860418	115.297788
117863537	115.297894
117867188	115.298057
117872538	115.298569
117876277	115.299013
117879032	115.299754
117884251	115.302989
117886113	115.304910
117886382	115.323869
117886958	115.323869
117890202	115.323879
117890750	115.348749
117890809	115.348866
117890917	115.349318
117891044	115.352088
117892985	115.559851
117893591	115.581577
117894526	115.597108
117895080	115.599465
117905035	115.599881
117909159	115.599952
117919536	115.599952
117921903	115.600228
117923161	115.600289
117957938	115.600819
117984242	115.601063
118044246	115.601593
118110474	115.602581
118115331	115.602849
118121061	115.604857
118146380	115.624143
118153229	115.637262
118153862	115.638068
118154435	115.638069
118155566	115.638078
118173344	115.638255
118173888	115.639144
118175939	115.650208
118177615	115.744414
118178268	115.752348
118179210	115.787537
118180213	115.789686
118182160	115.830258
118183309	115.836993
118184418	115.839074
118188388	115.841077
118188836	115.841439
118195811	115.843167
118196888	115.843287
118197317	115.848306
118198613	115.956922
118201789	115.972680
118206117	115.974681
118211919	115.978162
118212889	115.998561
118213621	115.998561
118213988	115.998561
118214308	115.998561
118215722	115.999494
118218405	116.033456
118218511	116.033641
118220663	116.074913
118222545	116.079008
118227066	116.079845
118233071	116.080085
118233672	116.080400
118233744	116.080426
118236363	116.080506
118240146	116.080561
118249892	116.086151
118251245	116.086203
118251667	116.086283
118256666	116.089097
118257527	116.107424
118258624	116.156448
118259105	116.161778
118259577	116.162868
118261011	116.165637
118261945	116.165638
118264163	116.165638
118268786	116.165638
118270309	116.165638
118281375	116.165638
118282236	116.165638
118282508	116.165653
118283073	116.165837
118287413	116.177989
118287934	116.177994
118288256	116.182590
118290171	116.182940
118294145	116.183044
118297716	116.183368
118298379	116.186974
118308961	116.187675
118311421	116.188233
118312183	116.188276
118312445	116.188276
118322461	116.190566
118323519	116.206978
118325945	116.207532
118332297	116.208011
118333239	116.208045
118333851	116.208168
118336072	116.208213
118345852	116.208239
118347856	116.216475
118350356	116.216482
118385225	116.216482
118388145	116.216482
118403524	116.216482
118411933	116.216482
118426989	116.216482
118432004	116.216482
118432404	116.216482
118444209	116.216482
118459082	116.217587
118463016	116.218492
118464108	116.222373
118468990	116.275764
118469466	116.281584
118469691	116.395085
118469788	116.396271
118469873	116.397003
118470028	116.397075
118472214	116.402085
118475707	116.426851
118476564	116.428831
118478962	116.430765
118487109	116.433151
118488251	116.433302
118490977	116.434969
118491744	116.436032
118491954	116.454234
118494536	116.455084
118498172	116.473681
118498501	116.474815
118498813	116.474881
118499291	116.474938
118499578	116.474938
118499697	116.474938
118502516	116.476635
118503693	116.479942
118510174	116.482294
118512249	116.496787
118521147	116.501134
118526509	116.502649
118532703	116.503395
118534120	116.504994
118534997	116.505048
118539944	116.514849
118541206	116.518049
118554786	116.544888
118556954	116.565038
118566178	116.583190
118587253	116.583632
118588213	116.583633
118599413	116.586030
118600507	116.589219
118608684	116.589224
118611370	116.596081
118630652	116.598837
118656965	116.619065
118660146	116.633357
118662990	116.633357
118663319	116.633357
118691263	116.638946
118693142	116.638946
118693152	116.638989
118695594	116.677526
118695731	116.678123
118696001	116.678379
118698404	116.678437
118699990	116.681359
118715433	116.681600
118719029	116.684086
118721541	116.685566
118724955	116.687565
118726116	116.695977
118727358	116.696038
118740935	116.708381
118756493	116.709141
118759603	116.709151
118789468	116.712692
118802697	116.724113
118804965	116.724966
118807153	116.724966
118813940	116.724966
118816218	116.731878
118835086	116.733230
118835969	116.733318
118836189	116.733545
118842714	116.765180
118846744	116.769731
118848429	116.769811
118855663	116.769861
118857707	116.769987
118862589	116.771178
118865060	116.774900
118867835	116.798350
118873786	116.798350
118882180	116.798360
118883488	116.798362
118902928	116.798369
118903332	116.798369
118903868	116.803108
118904834	116.803108
118908507	116.805641
118925103	116.806237
118925773	116.806237
118931976	116.806237
118937685	116.806237
118942762	116.806255
118946381	116.838904
118950903	116.845933
118953571	116.845943
118969317	116.846226
118969998	116.846261
118974350	116.852942
118974822	116.874114
118975041	116.874450
118980222	116.875543
118983100	116.875603
118988331	116.876626
118996217	116.876714
118997865	116.882023
119000566	116.882054
119003500	116.882064
119016053	116.882651
119016704	116.882669
119024969	116.883558
119029730	116.884277
119040540	116.907259
119045200	116.907964
119053639	116.914954
119055458	116.915354
119055626	116.916836
119070140	116.916883
119071316	116.917557
119076760	116.926978
119078480	116.936045
119080027	116.948603
119080118	116.948664
119086757	116.949435
119090260	116.951126
119092891	116.953000
119093174	116.986140
119095132	116.987535
119096546	116.988380
119111849	116.990631
119112915	116.991716
119115522	117.019569
119117310	117.019814
119119399	117.019814
119123895	117.019814
119127815	117.023875
119134704	117.023875
119142040	117.023875
119144636	117.024080
119147157	117.024633
119149150	117.026251
119151971	117.030104
119161019	117.120093
119164794	117.130809
119168632	117.133901
119169650	117.134196
119173662	117.134281
119179796	117.134307
119198407	117.150076
119212875	117.151831
119222302	117.156701
119226608	117.188063
119239343	117.188839
119239654	117.188944
119245850	117.204733
119258666	117.221349
119269006	117.246150
119269989	117.246181
119277328	117.267792
119281517	117.271359
119292263	117.271431
119301701	117.271448
119302620	117.271449
119305938	117.271449
119318362	117.271449
119321773	117.271449
119339193	117.271450
119349160	117.271454
119351256	117.272096
119353311	117.291499
119360796	117.480893
119361417	117.483901
119361427	117.483922
119365304	117.484245
119366794	117.484273
119367835	117.484279
119373013	117.484299
119376519	117.484305
119377844	117.487218
119377880	117.487218
119384380	117.488645
119385665	117.489691
119389076	117.499249
119393637	117.503739
119394300	117.504029
119398722	117.504861
119399403	117.505339
119400156	117.507475
119401278	117.630635
119401546	117.631445
119401628	117.631446
119403167	117.631447
119407116	117.631447
119414944	117.632305
119430207	117.633533
119433739	117.633542
119444501	117.633542
119445321	117.633542
119446667	117.633542
119450557	117.633542
119453040	117.648822
119453358	117.648823
119464219	117.649262
119469587	117.649761
119471200	117.649944
119471704	117.650030
119486243	117.659394
119494790	117.675451
119507710	117.698526
119529008	117.704394
119533565	117.705284
119533891	117.705329
119537026	117.705386
119537839	117.711831
119539133	117.711831
119552015	117.711831
119554576	117.711831
119563666	117.715320
119564267	117.717892
119566705	117.731758
119567350	117.732924
119568940	117.733159
119569112	117.733162
119577369	117.733855
119579513	117.734855
119586292	117.746621
119587456	117.774683
119588061	117.778292
119591815	117.778335
119593632	117.778849
119595116	117.779418
119599125	117.779433
119603085	117.779452
119604043	117.779469
119604957	117.781855
119606548	117.795657
119606871	117.795700
119610204	117.795700
119610469	117.795700
119616293	117.795724
119618349	117.795983
119620389	117.819340
119622521	117.819839
119624413	117.824268
119626902	117.855697
119636694	117.858495
119640220	117.858618
119641668	117.858645
119643598	117.858967
119643727	117.874236
119645822	117.874465
119645823	117.874465
119646584	117.879376
119647258	117.905322
119651088	117.905443
119651625	117.905490
119651677	117.905527
119653059	117.918371
119654092	117.977449
119654183	117.977554
119654864	117.977754
119656533	117.979323
119656946	117.979398
119657863	117.980660
119658902	117.984241
119660532	117.991257
119665627	118.023548
119666009	118.059396
119666765	118.076016
119668539	118.138638
119670471	118.142565
119673831	118.142737
119674322	118.142744
119674966	118.142748
119675224	118.142749
119676185	118.144678
119676222	118.144694
119677859	118.146110
119678370	118.174338
119683741	118.178983
119685348	118.180008
119690583	118.180606
119691625	118.197992
119691783	118.198010
119693176	118.201793
119693354	118.202772
119694965	118.223776
119695493	118.224190
119699115	118.229246
119705772	118.229263
119707435	118.238504
119708527	118.239755
119709076	118.239755
119711076	118.239762
119720516	118.239944
119723141	118.253648
119726438	118.253711
119727019	118.254578
119728750	118.254581
119730209	118.254700
119730470	118.254922
119730808	118.255444
119731159	118.309958
119731248	118.324905
119731255	118.327314
119731373	118.420320
119731598	118.526767
119731941	118.607903
119732084	118.621578
119732260	118.627986
119733146	118.643190
119733471	118.643988
119733703	118.655923
119733714	118.655952
119733844	118.656111
119734105	118.686503
119734190	118.686528
119734351	118.686550
119736199	118.686690
119739387	118.686825
119742583	118.686899
119742910	118.690895
119745247	118.702604
119747818	118.709287
119750054	118.709306
119750165	118.709473
119751530	118.709501
119752830	118.709514
119754545	118.709514
119767441	118.709514
119769071	118.709514
119769729	118.709704
119781413	118.713019
119784604	118.724759
119785465	118.726684
119785968	118.727029
119786846	118.727073
119788935	118.727218
119789213	118.731380
119791218	118.734733
119793322	118.734745
119796893	118.734771
119833151	118.743970
119835112	118.743973
119835383	118.743973
119853088	118.743973
119854870	118.743973
119855873	118.743973
119856420	118.743973
119857574	118.744171
119870608	118.745154
119872635	118.746022
119881141	118.765088
119893227	118.773449
119898318	118.802277
119898977	118.802623
119899986	118.803086
119905574	118.803362
119907784	118.820388
119908856	118.822184
119914823	118.834736
119915269	118.839704
119916185	118.857169
119916538	118.859243
119923328	118.861772
119926659	118.861772
119930289	118.861772
119931930	118.861772
119936948	118.861777
119939435	118.862200
119942712	118.867253
119943050	118.879953
119948118	118.899990
119956108	118.900056
119964087	118.900056
119978940	118.900056
120000000	118.900087
120004459	118.900093
120011684	118.900126
120015056	118.917091
120027553	118.917148
120091146	118.920536
120104826	118.920708
120107816	118.920791
120115980	118.927423
120121850	118.949340
120129197	118.953406
120140727	118.954066
120140930	118.954072
120179054	118.957753
120179428	118.959690
120179501	118.959693
120198043	118.963192
120199377	118.994127
120199407	119.017295
120200610	119.044518
120201634	119.050230
120204425	119.050258
120207507	119.050262
120208715	119.050270
120209120	119.050271
120209261	119.050271
120214774	119.050278
120231279	119.051586
120231745	119.051592
120246055	119.052539
120256111	119.060125
120258941	119.060125
120261822	119.060193
120265242	119.129872
120267907	119.156544
120268756	119.156544
120269875	119.158696
120270277	119.247592
120271306	119.415258
120271772	119.415378
120273372	119.415528
120277240	119.415612
120280650	119.415652
120281025	119.415652
120282241	119.415652
120296901	119.415955
120298746	119.416020
120305947	119.416045
120306554	119.416073
120308240	119.422157
120312193	119.423662
120314394	119.423887
120314538	119.437302
120316098	119.441937
120316560	119.442138
120316651	119.442219
120319608	119.447562
120320897	119.468421
120321542	119.468424
120329885	119.468499
120333560	119.468790
120337660	119.468790
120339154	119.468790
120339651	119.468790
120346888	119.468790
120350689	119.468790
120353888	119.468873
120354153	119.468901
120355763	119.469467
120356674	119.471232
120357332	119.473459
120358502	119.560405
120359477	119.579245
120359819	119.579319
120360233	119.579556
120360296	119.579557
120360499	119.579593
120363717	119.707245
120364958	119.722607
120365844	119.725943
120368267	119.725947
120369596	119.725970
120370584	119.726042
120374251	119.726708
120374803	119.727372
120375686	119.787698
120375777	119.791176
120376021	119.806869
120376259	119.873445
120376289	119.878255
120376601	119.883985
120380837	119.895695
120381823	119.895940
120383048	119.895986
120384114	119.895986
120388862	119.895986
120389539	119.895989
120389717	119.895989
120390355	119.895990
120392113	119.895990
120392171	119.895990
120394710	119.895990
120395420	119.895990
120398418	119.895990
120398461	119.895990
120402236	119.895990
120402736	119.895991
120407430	119.896411
120408797	119.900665
120408982	119.901016
120409827	119.945431
120410194	119.948870
120411703	119.948992
120426285	119.950848
120433163	119.952766
120436498	119.953260
120442600	119.953511
120446985	119.953565
120457951	119.955951
120458255	119.957907
120469781	119.962079
120471759	119.973478
120476209	119.979617
120478272	119.986953
120479327	119.987020
120480279	119.987021
120482744	120.011836
120484021	120.060383
120485956	120.060384
120486278	120.078620
120509321	120.078636
120530690	120.079071
120558779	120.079347
120563169	120.102096
120581754	120.102279
120586107	120.103028
120617080	120.153028
120623505	120.156555
120647652	120.157652
120653628	120.157730
120655318	120.186429
120674513	120.196707
120680409	120.197025
120689431	120.197029
120690880	120.197037
120696890	120.197187
120705018	120.198083
120705506	120.200108
120707864	120.233933
120710351	120.240829
120710568	120.245684
120713315	120.245701
120719708	120.245720
120722861	120.246052
120726038	120.258434
120731166	120.270660
120732788	120.270831
120733507	120.270831
120736367	120.270831
120736529	120.270831
120738095	120.270832
120738231	120.270832
120739892	120.270855
120742746	120.283755
120744788	120.283755
120747125	120.283757
120750215	120.285973
120751586	120.322266
120752134	120.357205
120752888	120.426036
120753290	120.430361
120756857	120.431302
120757214	120.431338
120757409	120.438003
120759563	120.438057
120761643	120.438067
120776493	120.440727
120777638	120.444448
120777831	120.444870
120782007	120.447024
120782473	120.450479
120783598	120.453583
120784538	120.462483
120785272	120.462491
120785394	120.462532
120795524	120.472312
120797633	120.542619
120797964	120.545797
120799079	120.546017
120799227	120.546157
120799484	120.621180
120802856	120.647938
120805991	120.659744
120806886	120.661506
120807873	120.661791
120808308	120.661832
120809521	120.661860
120816820	120.661881
120822504	120.661885
120824235	120.661885
120835176	120.661885
120836638	120.661885
120836665	120.661885
120836899	120.662440
120840008	120.684906
120840120	120.685181
120841237	120.698183
120843239	120.709797
120845775	120.712685
120847613	120.713182
120851491	120.713628
120856501	120.727359
120870262	120.729280
120991117	120.729492
121005747	120.730730
121008482	120.737469
121009918	120.737590
121010869	120.737590
121013016	120.738150
121015707	120.756244
121016722	120.756341
121019264	120.757092
121027002	120.765561
121029383	120.765966
121030070	120.765973
121034084	120.766839
121035833	120.769344
121037481	120.780331
121040704	120.817401
121061442	120.817780
121066790	120.834677
121067707	120.835137
121074875	120.835137
121080143	120.841647
121083957	120.841647
121084785	120.841649
121085618	120.841739
121086214	120.847260
121087229	120.881904
121087391	120.901118
121087865	120.908350
121093648	120.908488
121118038	120.909602
121125463	120.911712
121129037	120.922661
121131138	120.922661
121134617	120.933859
121134850	120.937630
121136578	120.939559
121136761	120.977800
121144254	120.986165
121145384	120.986165
121146665	120.986466
121149233	121.000404
121152095	121.004207
121158794	121.004207
121161271	121.004207
121162443	121.006751
121164411	121.007065
121167474	121.018658
121179512	121.018658
121183116	121.018658
121186844	121.018658
121191050	121.018658
121194689	121.018658
121194949	121.019001
121196577	121.106776
121217318	121.110577
121221380	121.110822
121225299	121.110929
121241918	121.112895
121242446	121.112936
121242650	121.126014
121243278	121.127005
121250111	121.131394
121260521	121.132326
121263942	121.132439
121271353	121.132596
121278940	121.135020
121284939	121.135663
121298904	121.135888
121303048	121.136747
121303895	121.136911
121304401	121.153024
121321099	121.156252
121326818	121.156339
121346560	121.167997
121347762	121.168158
121376065	121.168833
121377405	121.168833
121390291	121.168833
121390334	121.168847
121390443	121.178799
121391408	121.182526
121394242	121.182546
121396072	121.182724
121400575	121.184912
121408071	121.202557
121413434	121.204854
121414033	121.204903
121418453	121.204920
121429392	121.215120
121430595	121.215362
121436843	121.215740
121469853	121.216373
121488719	121.216561
121508293	121.216591
121513306	121.216736
121513577	121.217162
121515770	121.235719
121516895	121.235752
121518380	121.245482
121541701	121.246156
121547267	121.246163
121566265	121.246163
121567008	121.246205
121569957	121.246605
121582012	121.252448
121582040	121.252448
121583547	121.252448
121591228	121.252639
121622928	121.252764
121625468	121.266666
121631459	121.266689
121636554	121.280539
121649363	121.280590
121659439	121.280619
121698123	121.281167
121727717	121.283236
121826446	121.283949
121829805	121.286788
121846667	121.295929
121846801	121.295938
121850374	121.295938
121868367	121.296904
121870806	121.303014
121889872	121.304175
121890973	121.332062
121891140	121.332957
121891564	121.332983
121912628	121.333264
121917073	121.339374
121922951	121.341007
121935893	121.341034
121938091	121.341367
121954738	121.352827
121958014	121.353222
121959532	121.365516
121960875	121.368204
121966778	121.368246
121968289	121.368246
121984013	121.368246
121993429	121.371355
122012415	121.371355
122024167	121.374474
122025579	121.374474
122027840	121.374474
122036584	121.374474
122068223	121.374474
122069607	121.374605
122088395	121.374709
122090948	121.374795
122122944	121.390685
122146499	121.392782
122153021	121.392793
122156534	121.392801
122164668	121.403813
122178738	121.403845
122191030	121.403861
122202856	121.403894
122210186	121.403987
122218113	121.410075
122221182	121.410077
122223090	121.410083
122226693	121.410828
122227713	121.411201
122234838	121.424166
122239387	121.443206
122239655	121.443210
122241407	121.460205
122265158	121.460547
122266091	121.472646
122267944	121.476630
122310504	121.476711
122312810	121.476713
122316945	121.489216
122317128	121.489216
122321131	121.489248
122321506	121.489249
122322155	121.489836
122326514	121.489836
122333209	121.489839
122349242	121.489879
122351137	121.491365
122358475	121.491927
122361852	121.498836
122363822	121.516677
122365473	121.516783
122369129	121.516821
122369947	121.527784
122374950	121.528272
122382127	121.531696
122382601	121.537859
122383687	121.607806
122384376	121.616718
122386154	121.621623
122387533	121.622057
122388679	121.622076
122393524	121.622077
122401122	121.622078
122411550	121.622078
122417770	121.622078
122429085	121.622078
122429701	121.622078
122432914	121.622911
122433529	121.648528
122435234	121.659182
122438605	121.659367
122456286	121.663396
122457718	121.671901
122471322	121.671902
122473764	121.671902
122474954	121.732001
122481541	121.738189
122487286	121.739304
122499655	121.739948
122503704	121.739958
122504947	121.739960
122518871	121.739965
122534499	121.739992
122536467	121.741320
122542419	121.757417
122549500	121.757516
122581503	121.761014
122586145	121.761517
122623627	121.781440
122629760	121.781982
122633182	121.782011
122636628	121.782017
122637892	121.782017
122640389	121.782017
122641292	121.782017
122642692	121.782017
122659741	121.782017
122661284	121.787837
122663647	121.824633
122668901	121.837085
122672365	121.839071
122676444	121.839071
122691386	121.839071
122717318	121.839073
122760494	121.839085
122767025	121.840658
122776009	121.858497
122784607	121.860567
122798633	121.862328
122798711	121.862329
122798762	121.862336
122798973	121.862393
122801054	121.864650
122801635	121.887003
122807823	121.893712
122808468	121.893744
122809507	121.893795
122809670	121.894788
122809732	121.916585
122813560	121.922778
122815737	121.931806
122820786	121.931847
122824737	121.933090
122825814	121.937300
122826048	121.939520
122831916	122.148919
122832350	122.149524
122833506	122.157629
122834505	122.158611
122836273	122.161605
122837758	122.196431
122842793	122.237259
122842817	122.237361
122844313	122.240514
122845931	122.240514
122849133	122.240514
122856372	122.243378
122856711	122.243385
122858803	122.247649
122859060	122.248056
122859174	122.248121
122860902	122.248121
122861864	122.248121
122861968	122.248121
122862122	122.248121
122866101	122.248121
122866198	122.248121
122866631	122.248121
122866722	122.248121
122868548	122.252814
122871945	122.342684
122874308	122.345631
122874987	122.347762
122875423	122.348032
122879229	122.348060
122880307	122.348065
122890444	122.351647
122892040	122.351839
122896993	122.361067
122898725	122.376210
122926717	122.382869
122931256	122.405813
122932355	122.406075
122936534	122.406685
122942167	122.406942
122943018	122.406954
122948732	122.407022
122955110	122.412252
122959876	122.412259
122967437	122.412263
122976498	122.412327
122976731	122.412600
122990562	122.412600
122991845	122.412600
122995974	122.416595
122999212	122.418297
123000864	122.419524
123002186	122.438683
123002409	122.438849
123008072	122.438860
123009267	122.438860
123015354	122.438860
123035441	122.438860
123049492	122.438860
123050847	122.438934
123052122	122.439024
123074675	122.439184
123080950	122.442743
123095138	122.450159
123109164	122.450164
123115316	122.450166
123117143	122.450168
123121060	122.450618
123132747	122.453768
123136708	122.454070
123139371	122.454102
123142306	122.454740
123143585	122.455125
123155946	122.460969
123156341	122.461355
123157626	122.461355
123167208	122.461355
123169347	122.461355
123169774	122.461355
123170197	122.461355
123172699	122.470618
123172842	122.470619
123175176	122.470656
123176027	122.470673
123177494	122.470718
123177887	122.470758
123178381	122.471102
123178549	122.471255
123181130	122.577599
123181456	122.604280
123181616	122.678700
123181717	122.679182
123182158	122.998865
123182584	123.281187
123182594	123.281466
123182981	123.341652
123183248	123.361845
123183391	123.379246
123185881	123.427943
123186065	123.430692
123186161	123.430793
123187267	123.431633
123191059	123.431909
123191991	123.431909
123192466	123.431909
123197971	123.431909
123198841	123.431909
123199742	123.431924
123203833	123.432131
123204354	123.432144
123204564	123.434377
123205142	123.450344
123209303	123.525155
123209774	123.536012
123214158	123.540683
123220495	123.543410
123222186	123.544125
123225018	123.546671
123225582	123.557763
123227601	123.717598
123228316	123.718506
123228714	123.718707
123231247	123.719084
123234050	123.719107
123235307	123.719107
123239256	123.719107
123243887	123.719107
123253983	123.719111
123254939	123.719321
123259256	123.738681
123259299	123.738785
123262183	123.740608
123262262	123.740608
123263410	123.740618
123265155	123.740742
123265364	123.740880
123269921	123.779864
123273397	123.781406
123280604	123.781917
123281332	123.781928
123291671	123.781995
123299017	123.783217
123307628	123.783772
123328962	123.788173
123338303	123.789035
123339481	123.789039
123344936	123.791628
123355313	123.807137
123362513	123.808786
123367705	123.809230
123367743	123.809258
123368728	123.819785
123369324	123.830041
123369630	123.831230
123369878	123.831230
123371114	123.833505
123373436	123.833613
123375442	123.834107
123377208	123.834148
123377432	123.835512
123377628	123.847970
123377766	123.848010
123381125	123.849933
123381845	123.868063
123383311	123.900461
123384428	123.906385
123384817	123.907043
123391025	123.907043
123392087	123.907043
123394952	123.907043
123398021	123.907043
123401126	123.907043
123409775	123.907046
123413118	123.907949
123419765	123.914791
123424577	123.914905
123425130	123.914954
123426945	123.968036
123427343	123.988276
123430767	123.998717
123433385	124.000449
123436157	124.001314
123436446	124.001334
123437079	124.003052
123442062	124.003168
123442506	124.003168
123443719	124.004069
123444102	124.004121
123444322	124.004164
123445253	124.009117
123447351	124.018995
123448180	124.019310
123449072	124.019381
123454522	124.024876
123456195	124.041185
123457473	124.053880
123457805	124.069710
123460372	124.077599
123461462	124.077832
123462142	124.080047
123464394	124.110207
123468748	124.116417
123472135	124.117768
123473590	124.117822
123481804	124.121305
123486572	124.129075
123495813	124.132025
123500001	124.136421
123500098	124.136436
123501399	124.143738
123501658	124.153128
123501988	124.162062
123502989	124.172547
123503379	124.174271
123510928	124.174322
123513238	124.174332
123522552	124.174377
123522783	124.174377
123523515	124.174380
123537351	124.175463
123539331	124.175467
123541308	124.175535
123542870	124.189198
123545334	124.233149
123546705	124.235552
123555109	124.235706
123558550	124.239476
123558773	124.239533
123562712	124.239660
123564472	124.267371
123564865	124.268015
123565734	124.268123
123572559	124.268281
123580890	124.268282
123587534	124.268297
123588605	124.268329
123590149	124.276201
123591329	124.309080
123591554	124.310484
123595490	124.312735
123595763	124.312813
123601370	124.331222
123605228	124.332322
123658896	124.332541
123676461	124.334011
123692482	124.334040
123709329	124.334118
123723904	124.334307
123727220	124.334337
123730188	124.334398
123731189	124.334438
123732391	124.359693
123735470	124.365572
123737020	124.365698
123742769	124.367589
123743582	124.367619
123744648	124.367733
123745524	124.368064
123745636	124.369971
123746325	124.401562
123747450	124.513031
123748309	124.634399
123748659	124.637135
123748829	124.637692
123749266	124.637697
123751007	124.637706
123759566	124.637720
123765959	124.658774
123770430	124.658781
123772756	124.660570
123774224	124.665760
123791959	124.688096
123793123	124.688881
123793143	124.688890
123798842	124.696932
123800210	124.697925
123802102	124.697977
123806400	124.700517
123813142	124.702182
123815452	124.702468
123822081	124.703489
123823942	124.703518
123824275	124.703547
123825838	124.725419
123826059	124.725438
123827640	124.726157
123828926	124.726495
123830713	124.726525
123832142	124.727518
123833478	124.730451
123838805	124.733233
123846166	124.784360
123846939	124.785708
123856072	124.789278
123860872	124.789773
123861867	124.792557
123911791	124.794765
123914076	124.795841
123922550	124.803823
123925266	124.807198
123928215	124.818649
123928563	124.818657
123929025	124.831951
123937395	124.832125
123960952	124.832295
123967493	124.844549
123990933	124.844718
123997389	124.845434
124020004	124.851312
124070636	124.853600
124084669	124.853931
124086055	124.854480
124108893	124.855356
124120256	124.856107
124134879	124.875252
124142673	124.878980
124150130	124.879156
124151923	124.908527
124157437	124.909193
124169097	124.935528
124170864	124.939813
124172087	124.939972
124173844	124.952752
124174180	124.952755
124174890	124.967902
124181529	124.967956
124182746	124.968060
124184094	124.968889
124186482	124.978701
124187607	124.980766
124188719	124.984781
124190570	124.985821
124195467	124.985821
124195837	124.985821
124196059	124.985821
124196942	124.985821
124199055	124.985821
124199658	124.986170
124200176	125.022153
124201590	125.024957
124208984	125.033652
124209024	125.033662
124217776	125.046987
124218038	125.047013
124221764	125.048220
124228346	125.056251
124229098	125.073942
124229350	125.091086
124231897	125.114836
124232192	125.114839
124233227	125.114840
124235045	125.118873
124235264	125.120104
124235503	125.137353
124237437	125.139777
124237690	125.140995
124238167	125.140995
124240077	125.140995
124240765	125.145720
124241568	125.148892
124242199	125.265014
124242229	125.267001
124242248	125.267771
124242740	125.342854
124242772	125.342946
124244207	125.359842
124245078	125.362661
124245309	125.362663
124245637	125.371455
124256872	125.373259
124259079	125.381208
124261919	125.381216
124263254	125.381218
124263398	125.393190
124263978	125.395751
124268275	125.398106
124273911	125.398133
124274915	125.399075
124278447	125.399346
124279991	125.402470
124280173	125.410175
124282925	125.410262
124283254	125.422413
124291705	125.422662
124292874	125.439735
124294026	125.442181
124298342	125.445985
124299404	125.445988
124306690	125.446129
124306949	125.446138
124307317	125.446143
124307463	125.446272
124307967	125.500564
124309490	125.561526
124309860	125.562382
124310146	125.562391
124317240	125.562458
124318509	125.562460
124322219	125.563986
124329842	125.565110
124341363	125.567885
124341440	125.574430
124346012	125.574475
124346149	125.574476
124346297	125.574476
124348427	125.601525
124351572	125.601824
124352330	125.601940
124356743	125.603009
124356807	125.603037
124361973	125.606795
124362379	125.607702
124363457	125.607702
124364098	125.607704
124364256	125.607706
124364505	125.607720
124364529	125.607722
124366141	125.909085
124366216	125.910452
124366424	126.011685
124368632	126.055511
124368867	126.058144
124369724	126.063545
124370093	126.064385
124370658	126.064457
124374164	126.064549
124375948	126.067436
124378003	126.069294
124378026	126.069435
124380156	126.071894
124385378	126.099396
124386748	126.103891
124386978	126.104204
124388750	126.104396
124389298	126.113185
124390327	126.114151
124391067	126.114532
124392483	126.116464
124392638	126.116952
124393411	126.117371
124398825	126.117996
124401801	126.118224
124403977	126.120921
124404097	126.121011
124410032	126.121441
124410763	126.121472
124414828	126.134280
124415203	126.135143
124415217	126.135276
124415764	126.146055
124416694	126.147318
124420135	126.147693
124420255	126.148470
124420796	126.179190
124420876	126.179770
124421107	126.227931
124421150	126.300644
124421771	126.363513
124422772	126.363764
124422941	126.363780
124423636	126.363817
124424974	126.363817
124426544	126.363821
124428069	126.363821
124428602	126.363821
124428703	126.363821
124430089	126.363821
124435724	126.363821
124439248	126.363821
124448459	126.363821
124450936	126.363821
124453260	126.363821
124454847	126.363821
124456156	126.364128
124456997	126.367738
124457804	126.372160
124458465	126.379506
124459716	126.379564
124461410	126.381860
124461655	126.405380
124461678	126.405481
124461796	126.431114
124462086	126.455616
124462173	126.456008
124462399	126.456456
124463687	126.457059
124464256	126.458587
124467033	126.466345
124468683	126.466345
124474442	126.466345
124475844	126.466363
124480282	126.466499
124483346	126.479539
124487661	126.481996
124496940	126.481996
124496962	126.482008
124499467	126.488179
124500592	126.488835
124502923	126.507486
124505906	126.509223
124507731	126.510985
124508773	126.511247
124509180	126.511247
124509818	126.511247
124509869	126.511248
124512726	126.511397
124514053	126.511490
124518916	126.512844
124519842	126.513277
124530175	126.513294
124533371	126.513307
124534901	126.513312
124535130	126.513318
124538285	126.513442
124538919	126.570093
124539074	126.570651
124540838	126.578928
124541332	126.581951
124541645	126.610798
124543022	126.765260
124546232	126.776826
124550513	126.780144
124554350	126.786096
124560253	126.786781
124564506	126.786979
124565612	126.787000
124567894	126.787010
124575456	126.789494
124576776	126.792684
124577602	126.793385
124577974	126.794461
124580011	126.802394
124580918	126.804503
124581447	126.804604
124582683	126.804915
124588598	126.806044
124590452	126.806892
124596369	126.812153
124603989	126.828118
124604947	126.831243
124605711	126.960460
124606016	127.024582
124606381	127.085282
124606558	127.086513
124607190	127.087883
124614893	127.088344
124618037	127.089492
124626150	127.100624
124630046	127.106919
124631214	127.121715
124632160	127.122111
124650851	127.126555
124654549	127.126967
124659164	127.127515
124673279	127.138618
124675745	127.177854
124678140	127.182484
124678992	127.182551
124698188	127.182586
124701643	127.187842
124702025	127.212335
124702837	127.215871
124714242	127.216565
124715822	127.216581
124724466	127.216784
124726475	127.216784
124733111	127.216785
124738524	127.216785
124742350	127.216787
124752145	127.216787
124754273	127.216804
124756000	127.216823
124756563	127.216862
124760615	127.218104
124763486	127.222307
124765870	127.279153
124770744	127.296481
124773312	127.296499
124781701	127.297039
124782040	127.297065
124787899	127.297067
124788674	127.297068
124803459	127.297083
124819709	127.297131
124823498	127.297167
124829314	127.297636
124833047	127.299906
124835518	127.304304
124838822	127.319449
124841104	127.323309
124843530	127.337724
124852063	127.488462
124853151	127.494672
124859258	127.506104
124862905	127.506435
124867687	127.509420
124870487	127.509433
124872845	127.509434
124881655	127.509434
124882203	127.509434
124886546	127.509434
124891010	127.509435
124905136	127.509435
124915041	127.509437
124919093	127.509437
124920240	127.509437
124920982	127.509521
124937423	127.543092
124937459	127.544993
124940021	127.545083
124941198	127.545095
124944118	127.545612
124944367	127.546318
124953004	127.625396
124954118	127.628374
124958966	127.631471
124965396	127.632668
124967238	127.632761
124968434	127.632762
124983565	127.637076
124987070	127.649859
124996722	127.652465
124999772	127.652964
125003599	127.653274
125004267	127.653304
125015318	127.654252
125015867	127.654252
125016594	127.654252
125021662	127.654343
125022719	127.654350
125026340	127.654443
125031145	127.664334
125041417	127.664599
125047109	127.664614
125052293	127.664753
125055290	127.664801
125060083	127.664888
125069183	127.665919
125074859	127.666388
125077779	127.667639
125079244	127.667640
125083569	127.675896
125095328	127.675901
125097225	127.676067
125101975	127.681796
125103305	127.686333
125109168	127.696825
125112726	127.697503
125118556	127.703105
125128763	127.704418
125132694	127.704526
125136322	127.704657
125138009	127.709838
125138628	127.709998
125138634	127.710003
125140660	127.817701
125141424	127.821842
125142796	127.822559
125142849	127.822559
125142852	127.822559
125142940	127.822559
125144210	127.829725
125144420	127.831110
125145004	127.835941
125146860	127.855383
125154541	127.856405
125154754	127.856479
125154897	127.856568
125156828	127.886818
125158171	127.911107
125159110	128.194414
125159839	128.293546
125160514	128.298117
125160849	128.298400
125161751	128.299873
125161817	128.300394
125162846	128.408948
125162855	128.409054
125163292	128.554076
125163324	128.561695
125164148	128.638073
125164230	128.638073
125164260	128.638073
125165691	128.638073
125166822	128.638073
125168130	128.638073
125175998	128.638073
125211292	128.638112
125231588	128.638156
125245810	128.659655
125247520	128.660259
125251661	128.660260
125253750	128.660260
125256570	128.664872
125257028	128.672945
125260392	128.838320
125260514	128.838722
125260912	128.839005
125273828	128.839133
125274533	128.839339
125275376	128.839389
125275564	128.839470
125279024	128.839606
125279631	128.864931
125279762	128.869798
125289105	128.870127
125291457	128.870190
125292051	128.870197
125294004	128.897373
125297052	128.897410
125299527	128.941533
125310781	128.945569
125312866	128.946571
125318167	128.947118
125329354	128.963345
125337189	128.967702
125338191	128.971064
125344075	129.024564
125344189	129.025451
125356908	129.026025
125357718	129.026054
125361421	129.026128
125365808	129.026149
125371119	129.026152
125378812	129.026810
125388181	129.027554
125405393	129.028626
125409998	129.029497
125414300	129.030043
125417313	129.032520
125422863	129.046657
125426604	129.054187
125430035	129.055833
125431407	129.061371
125434998	129.061442
125438405	129.075635
125438508	129.085187
125439565	129.088305
125440018	129.088656
125440434	129.088657
125443250	129.088681
125443741	129.088706
125443891	129.088729
125444052	129.088774
125444428	129.112003
125444543	129.112105
125444554	129.112143
125444872	129.125601
125445200	129.194287
125447186	129.203620
125462391	129.207453
125462691	129.207453
125467532	129.207453
125470882	129.207453
125471926	129.207460
125474426	129.207460
125476700	129.207464
125485157	129.207570
125486400	129.207800
125487591	129.207830
125488914	129.209254
125490707	129.221487
125490877	129.223953
125492432	129.313252
125492679	129.314043
125493768	129.314262
125503810	129.314268
125529208	129.314301
125529234	129.314301
125530521	129.342411
125532654	129.519385
125535181	129.519729
125535339	129.519736
125539923	129.519763
125544062	129.519775
125544645	129.542392
125547879	129.542401
125548297	129.542401
125551098	129.545994
125552148	129.581622
125553609	129.583496
125553730	129.586308
125561598	129.586943
125562186	129.594976
125566719	129.599773
125567955	129.600028
125583980	129.600950
125594706	129.601259
125602257	129.603197
125604113	129.614583
125604298	129.614631
125607097	129.614671
125631290	129.618099
125656957	129.618819
125673062	129.622530
125674764	129.622534
125679395	129.622561
125759979	129.623200
125760379	129.623553
125832256	129.624115
125860196	129.625109
125862086	129.625359
125887544	129.663443
125912663	129.666770
125919107	129.679893
125926283	129.680825
125928766	129.680826
125932194	129.680829
125932247	129.680829
125941555	129.684353
125944124	129.685946
125947289	129.738910
125949355	129.740191
125949800	129.740214
125950064	129.740215
125950367	129.740311
125955046	129.745265
125965377	129.745485
125976955	129.747685
125977638	129.759337
125978465	129.778720
125988703	129.785914
125991759	129.786479
125994450	129.786500
125997674	129.786795
125998273	129.786892
126000021	129.812005
126000430	129.817931
126000590	129.825805
126001206	129.851026
126001256	129.851781
126001515	129.852674
126004074	129.852937
126006439	129.852979
126029510	129.852980
126031237	129.861866
126031303	129.862160
126041005	129.862161
126044730	129.862161
126049503	129.862161
126097075	129.862161
126123630	129.862161
126133182	129.862161
126140383	129.862161
126141782	129.862161
126151254	129.862161
126153026	129.862161
126158858	129.862161
126172390	129.862161
126180742	129.862161
126215829	129.862161
126219978	129.862161
126234601	129.862162
126244213	129.862162
126244746	129.862162
126245754	129.862263
126248345	129.923364
126248598	129.924850
126253407	129.926268
126259616	129.930709
126260596	129.930788
126272185	129.931703
126275744	129.931710
126290565	129.931749
126296146	129.931784
126296966	129.931796
126303651	129.931994
126315110	129.932667
126316838	129.933962
126316847	129.934228
126317369	129.968173
126318543	130.178664
126318940	130.178924
126322882	130.179708
126323342	130.179741
126327927	130.179869
126333163	130.179873
126344071	130.179876
126359718	130.179879
126361321	130.179879
126364420	130.179879
126368853	130.179929
126369116	130.179931
126371314	130.181000
126385991	130.182531
126396836	130.188688
126403240	130.190194
126405762	130.190216
126407591	130.191121
126430644	130.215171
126447899	130.220946
126449333	130.246252
126449646	130.246803
126460200	130.252739
126463221	130.253243
126468010	130.253478
126484170	130.257119
126520367	130.257846
126521481	130.258111
126537292	130.268768
126539926	130.268770
126541596	130.268985
126542637	130.285762
126557155	130.291597
126566385	130.291732
126573586	130.324932
126573782	130.325028
126581738	130.350380
126586892	130.354386
126588167	130.392153
126588947	130.409581
126595051	130.409612
126601251	130.409636
126617158	130.409639
126617725	130.409639
126620083	130.410553
126630492	130.410558
126632886	130.411144
126643858	130.411853
126649683	130.415229
126650193	130.415339
126651906	130.415339
126654892	130.418222
126659865	130.423196
126662439	130.424228
126668092	130.460662
126668235	130.460966
126669144	130.461460
126673272	130.461763
126681804	130.462163
126683751	130.462165
126684259	130.462165
126686316	130.462166
126689262	130.462204
126689919	130.468220
126709774	130.468476
126714567	130.479404
126722069	130.480813
126752721	130.480813
126759578	130.480813
126791754	130.481132
126796206	130.482114
126799266	130.490473
126807688	130.491764
126808488	130.506929
126812220	130.510547
126815903	130.510612
126821445	130.523132
126821789	130.523666
126822052	130.523668
126823166	130.541624
126827179	130.541662
126828158	130.541819
126838774	130.541830
126843866	130.550458
126854147	130.550576
126858379	130.550612
126865996	130.551136
126866187	130.563043
126873243	130.563529
126916078	130.575763
126920962	130.602157
126965822	130.605369
126970063	130.605483
126983500	130.605560
127024390	130.607168
127026699	130.620092
127037191	130.620406
127037906	130.632307
127043755	130.632307
127057863	130.632307
127113996	130.632307
127123588	130.632307
127148580	130.633613
127153609	130.635697
127154324	130.635697
127184143	130.635806
127206210	130.636263
127227255	130.638489
127239437	130.649132
127241153	130.655104
127256249	130.655113
127256872	130.655119
127269400	130.661546
127286139	130.703589
127295626	130.709194
127320177	130.711418
127384951	130.711418
127451753	130.711418
127506550	130.714983
127551101	130.714983
127564723	130.714983
127608818	130.714983
127625238	130.714983
127640194	130.714983
127661608	130.714983
127675923	130.714983
127763340	130.716042
127763628	130.726180
127772171	130.726283
127781511	130.733732
127847535	130.736143
127850671	130.736145
127907888	130.736386
127934735	130.736417
127940540	130.736417
127949997	130.736417
127976473	130.736417
127993282	130.736417
127998223	130.736434
128089077	130.737301
128123480	130.737304
128165380	130.737312
128169101	130.737320
128207193	130.737751
128238712	130.737945
128249573	130.738519
128256194	130.755224
128263319	130.755601
128268556	130.756425
128269753	130.758362
128273674	130.758383
128312529	130.759573
128313889	130.790852
128318371	130.792611
128318821	130.796016
128321335	130.796181
128330693	130.799803
128332422	130.807827
128351340	130.809876
128353465	130.817653
128361552	130.818751
128365512	130.822186
128384618	130.878309
128385804	130.879627
128392787	130.880125
128453248	130.880985
128455403	130.881306
128459308	130.883622
128472574	130.884131
128535513	130.892034
128558947	130.892034
128571982	130.892034
128581244	130.892034
128588177	130.892036
128588958	130.892036
128597520	130.892038
128605676	130.892044
128607738	130.892050
128608728	130.892070
128609323	130.892300
128610088	130.893061
128611245	130.986983
128612520	131.006998
128613702	131.015581
128614333	131.015670
128614892	131.015675
128617829	131.015677
128620491	131.015678
128621049	131.015678
128630403	131.015678
128633417	131.015678
128634446	131.015678
128643243	131.015687
128651445	131.016120
128653305	131.016489
128653315	131.016511
128654842	131.062636
128662653	131.080094
128663015	131.080261
128674308	131.080262
128680560	131.080262
128681517	131.080262
128683498	131.080262
128694742	131.081433
128700175	131.130996
128738595	131.135000
128762321	131.135681
128767468	131.135761
128779597	131.135761
128799692	131.135782
128800133	131.135904
128800438	131.136935
128802120	131.146390
128807273	131.148760
128817923	131.148760
128821417	131.148760
128830233	131.149243
128881608	131.159210
128884662	131.159246
128899784	131.159955
128911112	131.161289
128913439	131.161289
128914256	131.161302
128922805	131.162946
128924730	131.171260
128928389	131.171268
128935199	131.171268
128938473	131.171268
128940057	131.171268
128946130	131.172670
128949878	131.174654
128957676	131.175885
128958846	131.175954
128960311	131.177262
128962875	131.191925
128963174	131.192294
128970199	131.192705
128974691	131.192705
128974884	131.192710
128979435	131.211427
128980323	131.212196
128981914	131.212402
128998551	131.212653
129009095	131.226365
129012303	131.227104
129015374	131.236122
129035169	131.240350
129037436	131.244598
129039110	131.264349
129042341	131.323778
129043640	131.326336
129052779	131.329422
129056288	131.329422
129056403	131.331425
129058744	131.333461
129065712	131.333461
129074490	131.333461
129090743	131.338416
129111100	131.367693
129117780	131.367695
129117868	131.367695
129118859	131.367695
129125276	131.367695
129125504	131.367695
129134974	131.369653
129136609	131.375999
129138417	131.494984
129138974	131.497146
129150802	131.500064
129157816	131.500064
129160489	131.500064
129175340	131.500336
129186789	131.500888
129187983	131.501055
129191375	131.501348
129192989	131.501400
129194335	131.531134
129194949	131.541127
129195923	131.541127
129200633	131.541128
129202319	131.541128
129203364	131.541128
129212382	131.545303
129213120	131.546536
129215555	131.564525
129215596	131.564525
129227395	131.564525
129231068	131.564525
129236440	131.564529
129240421	131.564700
129255005	131.565518
129255117	131.565590
129255659	131.612648
129258694	131.632772
129263064	131.633182
129264237	131.633184
129269226	131.633291
129301605	131.634228
129302778	131.634228
129307741	131.634230
129307897	131.634230
129310558	131.646802
129314262	131.696421
129315794	131.696421
129316741	131.696421
129321213	131.696735
129323606	131.697450
129325956	131.697467
129328350	131.697516
129328670	131.697517
129329552	131.698081
129330561	131.700073
129332513	131.733121
129355753	131.736419
129360675	131.736709
129361020	131.749063
129361525	131.822682
129361714	131.830073
129363256	131.830164
129363780	131.830169
129364561	131.830170
129366651	131.830170
129370137	131.830170
129387132	131.830170
129400345	131.830170
129409920	131.830170
129409965	131.830170
129412666	131.830175
129413262	131.830243
129422869	131.831039
129439248	131.843557
129441495	131.843752
129443598	131.850919
129450883	131.850924
129470349	131.851187
129471647	131.863158
129471986	131.863162
129473755	131.874988
129478787	131.875056
129480306	131.875056
129484440	131.875056
129490790	131.875056
129491983	131.875068
129497075	131.875169
129502227	131.881664
129505301	131.886267
129506715	131.887393
129518175	131.887397
129520836	131.887427
129521057	131.887442
129521722	131.887614
129522621	131.888271
129523569	131.901302
129524365	131.962475
129525525	131.983545
129526004	131.994996
129527489	131.998592
129531431	131.999629
129540745	132.000854
129542256	132.002576
129544106	132.004965
129547816	132.048198
129549042	132.049781
129557953	132.053163
129564506	132.053841
129569989	132.053851
129574933	132.053867
129583590	132.087560
129587332	132.093155
129590548	132.094317
129599165	132.111138
129604095	132.113744
129613764	132.114043
129619538	132.114316
129635612	132.115655
129635682	132.116077
129641924	132.126481
129642545	132.126953
129644078	132.127021
129647887	132.138460
129650855	132.141610
129657571	132.154362
129675801	132.157085
129676756	132.157085
129679799	132.157085
129681129	132.157085
129685925	132.157086
129691840	132.157089
129693685	132.157090
129696213	132.157093
129698796	132.157101
129700010	132.157476
129701464	132.181787
129702241	132.206563
129705883	132.208124
129716896	132.208638
129719562	132.213678
129723072	132.213763
129731084	132.213767
129736005	132.213767
129736814	132.213767
129737601	132.225244
129737944	132.231569
129739491	132.240587
129740438	132.241966
129740523	132.241967
129741240	132.244533
129742002	132.249742
129743347	132.292574
129745680	132.296940
129752968	132.314263
129753368	132.314857
129754076	132.315012
129755410	132.315912
129755488	132.321691
129765783	132.325012
129768051	132.327070
129779590	132.353919
129780292	132.353960
129782622	132.354523
129784370	132.355535
129791180	132.356941
129793914	132.369096
129794256	132.370268
129796732	132.449329
129797818	132.510356
129799681	132.535539
129802225	132.535692
129805719	132.535710
129814535	132.535725
129826254	132.535726
129839483	132.535910
129846609	132.536661
129846804	132.536764
129849423	132.539902
129849718	132.540154
129849793	132.540627
129862205	132.550615
129871059	132.556956
129886395	132.606518
129888282	132.609033
129890430	132.609146
129892957	132.611177
129894613	132.611226
129895236	132.611367
129895832	132.612098
129900276	132.624594
129904270	132.647740
129910415	132.671505
129911524	132.673066
129911680	132.673075
129921870	132.673163
129929317	132.674330
129931668	132.675191
129937752	132.675337
129937787	132.675337
129938807	132.698102
129939095	132.698105
129941606	132.698108
129947228	132.698109
129950482	132.698109
129953997	132.698112
129970758	132.700223
129974607	132.721307
129976364	132.793132
129977275	132.803947
129977846	132.803990
129984007	132.804024
129986187	132.811027
129987555	132.820700
129990981	132.882437
129999377	132.937337
130007897	132.949586
130011572	132.951139
130065837	132.952045
130068435	132.952166
130069380	132.953716
130074490	132.994898
130074991	132.995704
130079244	132.995902
130083832	133.000172
130084892	133.017797
130088001	133.017843
130088628	133.017844
130090808	133.031762
130093478	133.031764
130096340	133.050488
130108748	133.050662
130117549	133.050721
130119563	133.064514
130145673	133.064691
130160328	133.064734
130161128	133.064735
130162733	133.064737
130167012	133.068192
130167128	133.068195
130174122	133.072941
130189588	133.075975
130224531	133.076918
130246306	133.081400
130270073	133.081456
130273158	133.081873
130275219	133.084132
130295738	133.086089
130296186	133.108564
130303230	133.129131
130304870	133.157523
130308543	133.157854
130308959	133.157854
130316754	133.157854
130320140	133.167980
130322405	133.169520
130327162	133.169574
130328379	133.169664
130367513	133.171751
130378349	133.174611
130392249	133.174611
130398019	133.175246
130404526	133.177914
130412108	133.180408
130418030	133.181872
130419811	133.181872
130426683	133.182971
130429852	133.193627
130446920	133.223205
130452358	133.224317
130471294	133.231638
130473675	133.231643
130484493	133.231997
130488703	133.231998
130489669	133.232014
130490314	133.235468
130491811	133.267701
130493249	133.267973
130505836	133.274409
130511371	133.274836
130529407	133.280212
130535345	133.287930
130540303	133.293242
130541593	133.293859
130546248	133.294399
130547013	133.296749
130562362	133.296766
130567455	133.297427
130578768	133.297666
130589818	133.302508
130594591	133.316511
130595330	133.317158
130596400	133.317158
130614977	133.321136
130615475	133.321136
130618488	133.321505
130626101	133.323187
130645012	133.332253
130654836	133.332266
130694751	133.332317
130709575	133.333683
130713576	133.333784
130714194	133.349197
130738740	133.363467
130750556	133.364999
130753535	133.364999
130775371	133.364999
130798490	133.364999
130829180	133.364999
130849702	133.364999
130883018	133.365000
130886526	133.365000
130890301	133.365195
130894792	133.367260
130952932	133.388522
130979432	133.388753
130984442	133.388809
130984972	133.389552
130992388	133.428569
131000155	133.433998
131016538	133.434181
131017142	133.434186
131037654	133.435550
131039499	133.436558
131044421	133.436808
131052176	133.438550
131059830	133.444312
131063994	133.447728
131070700	133.466235
131080163	133.466762
131080451	133.471370
131082214	133.552312
131083014	133.561813
131083046	133.561920
131084477	133.588637
131085749	133.588991
131086202	133.588991
131087223	133.588991
131089163	133.588991
131089319	133.588991
131089786	133.588991
131091424	133.588992
131093200	133.588992
131093924	133.588992
131107087	133.596672
131109275	133.611182
131135705	133.623558
131137828	133.625334
131139779	133.625554
131144809	133.626035
131177984	133.627283
131195528	133.627290
131197840	133.627533
131206649	133.640422
131232143	133.643110
131236070	133.643185
131241911	133.643248
131249442	133.648272
131273326	133.654899
131274457	133.655076
131274771	133.655076
131276991	133.655084
131278204	133.655431
131279468	133.672212
131280005	133.724003
131281844	133.724161
131287133	133.732076
131289385	133.807780
131297759	133.807877
131322577	133.807878
131327342	133.807878
131342350	133.807878
131344571	133.808120
131344926	133.808120
131348289	133.808153
131350575	133.808153
131354970	133.808153
131359851	133.818213
131395373	133.819548
131397177	133.819680
131398137	133.820334
131399459	133.820335
131400286	133.820596
131405751	133.832519
131409822	133.833806
131413457	133.833986
131425498	133.834109
131431316	133.835084
131439495	133.840012
131441045	133.840026
131459333	133.840314
131476195	133.840376
131497644	133.840384
131506472	133.840385
131524024	133.840435
131533690	133.840436
131535465	133.840436
131537778	133.844626
131544870	133.844627
131548793	133.844848
131551429	133.845349
131584485	133.845349
131591721	133.845349
131600189	133.845349
131601320	133.845349
131603457	133.845349
131606743	133.845349
131609918	133.845637
131610934	133.858700
131612836	133.912482
131613445	133.939864
131614806	133.939864
131618423	133.939864
131627994	133.939864
131628027	133.939864
131630059	133.940325
131635983	133.943057
131643474	133.946480
131644555	134.019250
131645347	134.146393
131645627	134.148209
131645687	134.148371
131648074	134.148727
131648426	134.148746
131649610	134.148777
131664331	134.148835
131670798	134.155796
131673786	134.156796
131676029	134.157092
131678991	134.181292
131680241	134.181394
131681964	134.181460
131700631	134.181468
131726467	134.181471
131759929	134.181471
131775601	134.181471
131780399	134.181471
131784605	134.181471
131814000	134.181471
131828813	134.181471
131840932	134.181471
131843214	134.181471
131844763	134.181471
131845588	134.181471
131846163	134.181471
131858793	134.181471
131863083	134.181471
131864968	134.182277
131877327	134.199951
131881029	134.200443
131881511	134.208437
131881572	134.209121
131882190	134.217421
131890074	134.218059
131890479	134.218059
131891345	134.218059
131894244	134.218059
131894551	134.218059
131898314	134.222473
131898544	134.222556
131902710	134.227995
131911391	134.227995
131970246	134.228012
131988083	134.228267
131996175	134.228716
132028087	134.234401
132028236	134.236080
132029185	134.288357
132034346	134.302660
132069755	134.305365
132071203	134.305365
132078916	134.305745
132087853	134.305748
132102613	134.305781
132108529	134.305848
132110656	134.305935
132125397	134.342762
132125987	134.343202
132126248	134.343256
132126844	134.343256
132128131	134.343256
132134272	134.343256
132139334	134.343256
132171738	134.343256
132187543	134.343377
132189824	134.343469
132192732	134.348546
132194809	134.349349
132250402	134.349416
132310665	134.354376
132312355	134.354647
132320746	134.354648
132335454	134.354659
132384709	134.354676
132442686	134.355140
132471495	134.356768
132481841	134.357174
132506260	134.359603
132514936	134.359832
132517660	134.374021
132517733	134.374023
132525947	134.374231
132551368	134.374342
132602117	134.374342
132604404	134.374342
132605666	134.374342
132605768	134.374422
132612794	134.385568
132613573	134.386096
132615176	134.386575
132618998	134.386575
132626751	134.386575
132627841	134.386575
132631438	134.386575
132641676	134.386575
132655582	134.386575
132663258	134.391225
132663831	134.398313
132665490	134.398340
132668260	134.398414
132668311	134.398428
132670792	134.460682
132674072	134.474127
132678303	134.477287
132679807	134.478175
132685542	134.479116
132686119	134.479116
132715463	134.479116
132716259	134.479116
132718463	134.479116
132746097	134.479116
132754468	134.479116
132756124	134.479116
132759019	134.479116
132766347	134.479135
132769327	134.479273
132782389	134.479327
132802860	134.486785
132808225	134.503365
132808565	134.503365
132846426	134.504462
132846453	134.504477
132853464	134.504485
132859244	134.507917
132863823	134.508458
132873085	134.508491
132879963	134.508492
132884588	134.508535
132912960	134.509827
132966699	134.509827
133029675	134.513894
133044706	134.514023
133073273	134.514611
133075158	134.514868
133079674	134.514870
133082163	134.514872
133095604	134.514872
133097241	134.514872
133108263	134.514873
133129118	134.514884
133133747	134.514889
133137069	134.520518
133143469	134.520524
133145039	134.526006
133168419	134.526030
133169540	134.531665
133171353	134.531667
133171943	134.531690
133172749	134.636434
133173014	134.713448
133173025	134.716148
133175698	134.738551
133177453	134.738557
133178197	134.738557
133183259	134.738557
133196927	134.739162
133206041	134.740384
133229022	134.741723
133240853	134.742007
133251231	134.742059
133251864	134.744580
133272772	134.756040
133280605	134.756075
133290524	134.756075
133293067	134.756075
133295735	134.756075
133304844	134.757330
133309676	134.759925
133310541	134.764753
133312753	134.764753
133319581	134.764753
133334260	134.764753
133339617	134.764753
133354568	134.764753
133356105	134.764753
133358873	134.764753
133368992	134.764753
133371746	134.764753
133395700	134.768357
133416709	134.768357
133420951	134.768357
133422298	134.768404
133422981	134.768532
133425818	134.773324
133429980	134.830131
133430067	134.830253
133430112	134.830256
133430626	134.860038
133432428	134.885900
133461319	134.897124
133506176	134.897126
133512070	134.897126
133520093	134.897126
133520881	134.897126
133522042	134.897126
133526341	134.897126
133527827	134.897126
133629485	134.897259
133636350	134.899350
133640428	134.907106
133667872	134.907307
133695831	134.912905
133705971	134.912993
133730117	134.918575
133737902	134.918671
133764329	134.920905
133771384	134.922671
133796106	134.956472
133801712	134.957875
133811311	134.961226
133812379	134.962259
133847028	134.964834
133847703	134.964844
133853310	134.965365
133853724	134.967854
133854629	134.990889
133860637	135.012596
133869930	135.013708
133900250	135.016728
133903568	135.024203
133908397	135.031235
133911309	135.032423
133931739	135.048900
133943716	135.066348
134037542	135.074260
134086718	135.075215
134090633	135.075254
134102480	135.075261
134114459	135.075263
134146881	135.075650
134156519	135.075948
134157563	135.075954
134168569	135.076029
134190559	135.083668
134211258	135.083809
134217117	135.083968
134235535	135.084078
134251303	135.088545
134295930	135.091838
134322085	135.092005
134339540	135.092812
134348184	135.095267
134364270	135.100323
134365932	135.100323
134366670	135.100323
134387452	135.100542
134402213	135.103782
134418471	135.103782
134459991	135.103984
134464686	135.116384
134475768	135.116438
134485515	135.116556
134505578	135.117460
134506557	135.117978
134516574	135.117978
134522120	135.117978
134523319	135.117978
134523485	135.117979
134527141	135.117985
134527990	135.118002
134529888	135.118103
134529926	135.118148
134530482	135.119381
134532639	135.140888
134534814	135.181444
134535362	135.278857
134535446	135.284734
134535463	135.284735
134536374	135.285692
134545641	135.286266
134555147	135.290325
134556850	135.290463
134562039	135.291036
134565930	135.296616
134567815	135.296627
134568241	135.296629
134570156	135.296648
134573702	135.304602
134575450	135.308117
134576380	135.309960
134578789	135.309967
134579068	135.321041
134579073	135.321109
134579742	135.354920
134580033	135.355473
134586498	135.355493
134589675	135.355493
134589922	135.364111
134590150	135.372719
134590386	135.372719
134590989	135.381091
134593217	135.381091
134594013	135.381091
134594037	135.381091
134595874	135.381097
134597473	135.381099
134599594	135.381099
134602209	135.381099
134604314	135.381099
134609488	135.381099
134609715	135.381106
134612008	135.381201
134612088	135.381893
134614382	135.446077
134629528	135.446939
134631689	135.446991
134634530	135.446991
134641126	135.447224
134666500	135.447232
134680545	135.447249
134683325	135.447263
134689580	135.447765
134697666	135.447771
134699872	135.447778
134701319	135.447794
134705476	135.447977
134718921	135.461323
134721393	135.461323
134731156	135.461323
134734072	135.461323
134735319	135.535645
134737629	135.535701
134747146	135.535783
134747855	135.535783
134750814	135.536974
134754926	135.537004
134764969	135.537099
134789109	135.537697
134793284	135.538053
134800484	135.539409
134802169	135.547474
134807736	135.577972
134820618	135.585501
134829238	135.585680
134833679	135.586191
134837032	135.586202
134840546	135.586344
134842603	135.586584
134846630	135.588161
134850795	135.588366
134855250	135.590883
134860959	135.591005
134862661	135.591501
134865964	135.615811
134870333	135.714392
134872117	135.804987
134872872	135.804987
134875077	135.804987
134875456	135.804987
134878721	135.804987
134882467	135.804987
134891714	135.804987
134895957	135.804987
134901095	135.818205
134905007	135.818322
134905091	135.818326
134905557	135.818440
134910663	135.818514
134912237	135.818644
134912355	135.818662
134914894	135.824817
134915324	135.835866
134915525	135.838211
134916532	135.838212
134917866	135.838212
134918924	135.838215
134919009	135.838216
134920609	135.838234
134924104	135.838245
134925342	135.838262
134926635	135.839005
134926639	135.839016
134929299	136.040614
134929589	136.041018
134933603	136.054937
134936958	136.059242
134937997	136.059855
134938999	136.060124
134944313	136.060430
134944456	136.060433
134944494	136.061271
134945872	136.064462
134946341	136.064923
134951148	136.070901
134951671	136.092974
134952441	136.093083
134953171	136.096921
134953174	136.096929
134953436	136.097069
134953540	136.099409
134953565	136.099671
134953969	136.125178
134954143	136.125530
134954195	136.125542
134956960	136.130043
134959700	136.130043
134959717	136.130043
134972689	136.130043
134983524	136.130047
134989602	136.132487
134991445	136.147055
134994430	136.148254
135006840	136.148889
135023521	136.150322
135057786	136.153204
135060746	136.153337
135061540	136.155458
135077221	136.171456
135079887	136.172252
135168798	136.184220
135179357	136.184261
135201604	136.184266
135209085	136.184395
135256908	136.187329
135259271	136.198403
135260095	136.198453
135275480	136.198547
135284665	136.199542
135285006	136.199650
135293321	136.199650
135297239	136.199650
135308154	136.199650
135308163	136.199651
135328861	136.201368
135335411	136.202458
135339069	136.221161
135339089	136.221186
135339316	136.236011
135339626	136.236087
135343688	136.236087
135349331	136.236087
135359359	136.236091
135359460	136.237022
135365669	136.237487
135372992	136.247496
135384369	136.248348
135394349	136.248393
135404003	136.252806
135404817	136.254285
135408904	136.254358
135415462	136.254751
135415935	136.254821
135417374	136.267583
135421602	136.268206
135429853	136.271446
135446298	136.273215
135448940	136.274902
135450443	136.274917
135458482	136.275091
135462932	136.275357
135465193	136.275797
135466223	136.276394
135467760	136.279220
135468448	136.283369
135470049	136.286949
135472499	136.447200
135476721	136.451643
135477468	136.451964
135479412	136.452000
135481538	136.452005
135490465	136.452017
135491118	136.452017
135495471	136.452017
135498424	136.452018
135507307	136.452018
135531292	136.458846
135588375	136.458846
135591339	136.458846
135601426	136.458966
135606603	136.460709
135615632	136.472217
135621041	136.474650
135622368	136.475689
135624849	136.477079
135625895	136.477092
135652735	136.478789
135673389	136.489218
135674100	136.489252
135699602	136.500954
135704243	136.500954
135711768	136.500954
135714076	136.500954
135741963	136.500954
135900583	136.500954
135911846	136.500954
135926314	136.502747
135932884	136.517810
135937463	136.518378
135942380	136.518515
135943961	136.518581
135946479	136.518814
135949087	136.518858
135952353	136.518933
135955807	136.518933
135964659	136.533960
135966365	136.534257
135985166	136.567995
135991024	136.570959
135992232	136.570972
135996859	136.570988
136030069	136.572799
136041910	136.578738
136066324	136.606564
136088334	136.608543
136090206	136.608544
136100399	136.608553
136102281	136.608557
136102865	136.608557
136104334	136.608558
136106459	136.622236
136106817	136.628336
136110266	136.628350
136111393	136.628362
136117688	136.628921
136118955	136.633489
136119087	136.651838
136119301	136.741929
136119883	136.773235
136120522	136.849904
136120557	136.851940
136120705	136.851942
136121287	136.852032
136123252	136.852048
136123947	136.852082
136126539	136.917649
136129627	136.946798
136130508	136.951686
136131170	136.952788
136131280	136.952789
136135293	136.975443
136137872	136.975464
136139199	136.975470
136145456	136.979098
136149188	136.988436
136154793	136.989568
136157183	136.989588
136160920	136.989588
136166152	136.989589
136171883	136.989590
136175226	136.989592
136181020	136.989791
136182144	136.989895
136185493	136.990098
136186310	136.993463
136187584	137.009298
136189086	137.011063
136191915	137.011066
136197545	137.011081
136206155	137.011090
136208091	137.011174
136210005	137.049545
136210923	137.057960
136214332	137.064254
136214881	137.064588
136225248	137.064588
136227268	137.064588
136228606	137.064588
136228626	137.064588
136230875	137.070098
136232090	137.070290
136239044	137.070970
136252246	137.071236
136260565	137.071240
136268002	137.072945
136270523	137.079001
136275648	137.079002
136296223	137.079005
136301502	137.079390
136305616	137.080177
136320128	137.091299
136326657	137.091476
136329385	137.092249
136330441	137.093706
136334298	137.104623
136343326	137.109593
136344809	137.109595
136347344	137.130499
136348324	137.130500
136349199	137.130500
136351559	137.133658
136356229	137.133882
136358252	137.134993
136364862	137.135421
136372405	137.135495
136434845	137.135595
136439995	137.135837
136459885	137.138458
136486395	137.147750
136491234	137.147750
136496837	137.147775
136498293	137.147794
136508215	137.148187
136511470	137.148624
136518486	137.176380
136521082	137.240544
136528252	137.261808
136528693	137.262299
136529534	137.262317
136542159	137.262346
136551749	137.262350
136552733	137.262350
136555073	137.262350
136556811	137.262350
136560863	137.267594
136569028	137.270653
136581905	137.270653
136585560	137.270653
136593242	137.270661
136604850	137.270662
136607828	137.270662
136609720	137.272073
136612743	137.283035
136631328	137.283217
136635033	137.296239
136636030	137.296249
136636564	137.296292
136644791	137.299031
136645027	137.299033
136645176	137.299050
136648396	137.301242
136654046	137.301255
136655089	137.302237
136672333	137.355171
136675496	137.359481
136675677	137.359504
136696166	137.359987
136698050	137.360003
136702440	137.362258
136720944	137.362874
136737560	137.375566
136740072	137.376052
136740910	137.376059
136742581	137.376123
136749203	137.380987
136755619	137.388600
136760712	137.392282
136764845	137.392282
136765648	137.392287
136773642	137.392371
136802565	137.392516
136809165	137.392795
136814401	137.393950
136837208	137.395538
136847591	137.395541
136857936	137.395545
136868060	137.395554
136877018	137.395725
136878833	137.405250
136890746	137.405478
136900138	137.406175
136929240	137.420242
136957956	137.420702
136961120	137.420992
136971745	137.421024
136978782	137.421279
136981845	137.421392
136986953	137.422382
137028690	137.434131
137031305	137.434132
137035987	137.434157
137047359	137.434511
137048318	137.434795
137050074	137.435780
137051053	137.457379
137062206	137.463635
137062397	137.463657
137063373	137.464060
137065556	137.464084
137068414	137.466477
137076458	137.478463
137076727	137.478465
137084305	137.478653
137088221	137.481679
137089111	137.483404
137092074	137.498246
137092743	137.501139
137093171	137.501159
137093208	137.501247
137094440	137.513883
137095116	137.541372
137099414	137.541372
137101747	137.541372
137103203	137.543600
137103690	137.545925
137103718	137.554995
137103967	137.556978
137104077	137.559965
137105208	137.648950
137105906	137.661287
137107773	137.675761
137109309	137.676355
137110977	137.676466
137111611	137.676493
137114265	137.684770
137116685	137.731827
137117079	137.733239
137119544	137.734476
137121117	137.734705
137122292	137.734706
137141307	137.734707
137145238	137.734707
137162218	137.734737
137164177	137.745478
137164534	137.745478
137190995	137.745478
137192165	137.745478
137194326	137.751000
137196762	137.794617
137200158	137.803294
137202486	137.803328
137206435	137.803328
137221272	137.803328
137233818	137.805172
137236141	137.807110
137243859	137.807273
137244174	137.807293
137244638	137.807598
137246548	137.810847
137254485	137.811843
137255893	137.822283
137258892	137.830572
137267683	137.832528
137285692	137.832624
137285937	137.832909
137291555	137.835285
137292302	137.876545
137294675	137.918684
137299845	137.967402
137301148	137.972045
137302674	137.973925
137309781	137.981336
137313688	137.995199
137318450	137.997802
137324072	138.000322
137326030	138.001052
137326119	138.001066
137332376	138.001351
137344510	138.001556
137345759	138.001686
137349826	138.019083
137352010	138.020193
137358118	138.021322
137360652	138.021859
137362321	138.021859
137364741	138.021859
137369424	138.027245
137378351	138.027245
137388991	138.027246
137408802	138.027341
137413046	138.027537
137414671	138.028597
137414776	138.028895
137417987	138.054002
137423420	138.055433
137423785	138.070401
137425739	138.076538
137431585	138.085204
137436844	138.088565
137442746	138.088576
137446578	138.088588
137447227	138.088589
137452058	138.088589
137479277	138.088590
137482098	138.088783
137484062	138.096959
137501438	138.098149
137509756	138.098149
137518343	138.098152
137522639	138.106621
137524692	138.118176
137531061	138.124278
137540582	138.126041
137543488	138.126425
137555992	138.126558
137559790	138.127008
137562621	138.133282
137565967	138.134606
137581520	138.134745
137593639	138.135762
137597964	138.136075
137635295	138.136938
137637379	138.137875
137644683	138.155345
137645276	138.155348
137668132	138.155349
137703601	138.155349
137747807	138.155349
137749270	138.158382
137749782	138.158382
137751570	138.161481
137755202	138.161481
137759642	138.161481
137760626	138.161608
137763190	138.162092
137763883	138.170375
137769599	138.171453
137798940	138.175548
137813929	138.176006
137829203	138.181977
137829405	138.182185
137842610	138.187291
137849492	138.187291
137867507	138.190740
137873245	138.190740
137873280	138.191065
137895137	138.191073
137895726	138.191073
137904832	138.191073
137925132	138.191078
137939389	138.194050
137962207	138.194050
137966939	138.194050
137977643	138.194050
137977960	138.194094
137978499	138.195067
137980509	138.204689
137983440	138.204689
137984744	138.204690
137985958	138.204692
137989895	138.204707
137990494	138.204724
137992121	138.204912
137992310	138.286971
137993222	138.322661
137993906	138.356565
137995024	138.356902
137995698	138.356976
137998593	138.357309
137998824	138.357478
138000153	138.364263
138005979	138.364398
138040933	138.369481
138046648	138.369797
138095222	138.369797
138097110	138.369797
138110998	138.369826
138112362	138.372915
138115239	138.373181
138115670	138.373198
138115758	138.373200
138133087	138.382007
138133575	138.382063
138141308	138.382255
138145921	138.382273
138154616	138.382273
138155705	138.382274
138184486	138.382281
138185363	138.382283
138186345	138.382873
138188958	138.400217
138191378	138.404330
138205987	138.406249
138208744	138.406249
138215852	138.406249
138226985	138.406249
138257980	138.406751
138258205	138.406784
138260504	138.415003
138271270	138.416597
138276756	138.416597
138285612	138.417024
138290616	138.423183
138296582	138.423290
138303664	138.423941
138306133	138.444481
138339723	138.447570
138341175	138.451462
138351859	138.453155
138356770	138.453157
138369196	138.454488
138387934	138.462906
138405984	138.472510
138410417	138.472510
138448461	138.472598
138451073	138.472725
138470879	138.475844
138472240	138.505052
138472348	138.505466
138476098	138.509671
138476360	138.509711
138480074	138.509984
138482373	138.510003
138489613	138.513437
138489852	138.513547
138496838	138.530177
138498822	138.531091
138519997	138.531422
138569553	138.531591
138577181	138.531593
138630928	138.532671
138638324	138.532672
138642843	138.533317
138648053	138.541336
138664020	138.541571
138667274	138.544008
138685806	138.544979
138691552	138.545147
138700983	138.545400
138707268	138.547715
138712897	138.564929
138720974	138.565170
138728801	138.565171
138740748	138.565171
138746535	138.569186
138752676	138.589282
138754351	138.589545
138766439	138.604384
138770820	138.648410
138771397	138.648710
138775656	138.651654
138844062	138.652573
138845010	138.652577
138849460	138.652675
138852314	138.652956
138858763	138.660987
138860165	138.661125
138861225	138.661384
138878519	138.664052
138893152	138.673233
138899410	138.673863
138900746	138.687800
138900785	138.687804
138912292	138.696773
138929037	138.697543
138933163	138.760353
138933492	138.762371
138941685	138.767128
138943481	138.767128
138943716	138.767128
138943961	138.767128
138961018	138.767128
138965496	138.767128
138976286	138.769941
138983113	138.773057
138983621	138.784972
138984720	138.785473
138984739	138.785475
138986469	138.785670
138989164	138.785672
138997131	138.786939
139009336	138.787018
139017082	138.788445
139020487	138.796990
139041479	138.799280
139041498	138.799577
139047730	138.800096
139061753	138.800097
139070715	138.800097
139073312	138.805123
139074343	138.805123
139092793	138.808755
139096369	138.810244
139105265	138.810823
139108673	138.812142
139116220	138.822939
139118680	138.822939
139119440	138.822939
139119999	138.827447
139121393	138.827447
139121525	138.827447
139122060	138.827448
139122870	138.827452
139125328	138.834662
139127837	138.868766
139127918	138.882964
139129624	138.903244
139130000	138.903680
139137838	138.931310
139139363	138.933187
139146218	138.952586
139148871	138.954817
139148900	138.955761
139150813	138.957460
139152375	138.961661
139154355	139.004167
139154512	139.004181
139154526	139.004182
139154656	139.004711
139154742	139.008717
139154932	139.025359
139155030	139.025853
139156720	139.025893
139169684	139.027023
139170540	139.027025
139172141	139.027040
139177391	139.027056
139180298	139.027071
139180647	139.027077
139180959	139.030389
139184132	139.030398
139184904	139.030880
139186232	139.035798
139188896	139.037325
139190634	139.042555
139190892	139.044968
139190941	139.046290
139191630	139.080246
139194183	139.131297
139203110	139.131731
139208088	139.132177
139208974	139.132468
139210344	139.133273
139215840	139.143481
139220271	139.146788
139220299	139.146951
139220369	139.146996
139221406	139.148234
139223625	139.153641
139224286	139.153839
139225701	139.154666
139226746	139.155914
139226876	139.156794
139226926	139.157440
139227435	139.298984
139227596	139.391073
139229883	139.462521
139230699	139.492739
139233982	139.492741
139236921	139.494435
139238264	139.494596
139244105	139.494949
139246363	139.515286
139246892	139.515301
139247908	139.515317
139250211	139.515317
139251126	139.515317
139258127	139.515317
139264863	139.515317
139288826	139.515317
139294165	139.515318
139296374	139.515323
139300334	139.515336
139303031	139.525421
139303059	139.525423
139304565	139.527986
139308775	139.530856
139310898	139.530940
139314215	139.531315
139318309	139.532550
139332110	139.535415
139333460	139.535595
139336034	139.535603
139338007	139.535624
139347426	139.537212
139354213	139.537228
139362710	139.537229
139363638	139.537229
139365253	139.537229
139366831	139.540026
139367408	139.673906
139367899	139.783728
139368140	139.818780
139369500	139.877047
139372440	139.878191
139375116	139.878200
139375321	139.878201
139383134	139.878211
139386904	139.878212
139387195	139.878212
139391326	139.883689
139392536	139.884476
139397123	139.888210
139403963	139.889709
139407485	139.893940
139415288	139.906278
139415494	139.906715
139416090	139.908801
139416315	139.909037
139418132	139.911900
139418308	139.915546
139419209	139.975159
139419932	139.979108
139421144	140.011716
139421603	140.012212
139422721	140.012451
139423828	140.012461
139425006	140.012469
139430313	140.012490
139432003	140.021565
139433625	140.024043
139443191	140.024119
139451614	140.024530
139452995	140.024580
139453530	140.024592
139454720	140.024607
139470313	140.024781
139477410	140.024801
139477629	140.024802
139492042	140.024920
139503157	140.025043
139504470	140.025066
139516350	140.025404
139517224	140.025448
139517369	140.025532
139520464	140.048829
139530175	140.050058
139530927	140.050196
139531533	140.055759
139533362	140.057593
139540095	140.081834
139541798	140.082247
139546316	140.082284
139549056	140.083537
139549715	140.084118
139550700	140.085691
139551121	140.085934
139552895	140.108947
139557304	140.109487
139560038	140.110179
139560234	140.110190
139560350	140.110191
139561086	140.110696
139562758	140.112680
139564266	140.116243
139566088	140.116521
139566856	140.116972
139567320	140.118320
139567931	140.403867
139568645	140.517834
139568658	140.517842
139568765	140.518006
139572693	140.520815
139572954	140.520859
139573903	140.520937
139574709	140.520937
139587425	140.520937
139611980	140.520937
139618257	140.520971
139623946	140.520975
139625995	140.520978
139628267	140.520995
139631002	140.528046
139635664	140.528161
139636605	140.528270
139639501	140.529640
139640877	140.529652
139644052	140.529701
139649819	140.530325
139649925	140.530500
139650708	140.547457
139650945	140.590171
139651008	140.592104
139651095	140.592266
139651639	140.624014
139651689	140.624575
139652736	140.624575
139653147	140.624582
139654345	140.624583
139661108	140.624585
139674362	140.624644
139680038	140.624698
139680991	140.624699
139687617	140.624738
139687738	140.624740
139688426	140.624740
139688791	140.624740
139692805	140.624867
139693023	140.624890
139698001	140.626344
139700023	140.638503
139704203	140.729601
139704860	140.742468
139713708	140.744801
139716467	140.745075
139717389	140.745084
139717733	140.745084
139721444	140.745084
139727457	140.745084
139748425	140.745084
139759848	140.745084
139772773	140.745084
139790468	140.745084
139816846	140.745084
139834336	140.745084
139872511	140.745138
139900060	140.745232
139906566	140.745248
139912809	140.745295
139921375	140.745947
139922392	140.746099
139930525	140.750146
139937428	140.762064
139944411	140.793612
139944704	140.816931
139944931	140.863271
139946006	140.898757
139946592	140.905609
139947380	140.905745
139948419	140.905765
139951285	140.906030
139952043	140.906058
139953463	140.906070
139954776	140.914149
139955478	140.914150
139956284	140.914151
139970365	140.914176
139972288	140.914177
139972904	140.914177
139984874	140.926439
139996016	140.926447
139996690	140.926496
139996940	140.926513
140000000	140.927089
140009689	140.928916
140016843	140.929825
140016966	140.929888
140017238	140.930348
140033410	141.012956
140034789	141.018280
140042177	141.027443
140046443	141.029086
140054549	141.051408
140057608	141.054093
140060756	141.055302
140062240	141.055341
140071782	141.055431
140078057	141.057659
140087445	141.059152
140099776	141.069243
140106519	141.069575
140108087	141.072169
140108136	141.072199
140108951	141.091916
140125175	141.093827
140125178	141.093828
140132319	141.094338
140140574	141.094350
140143145	141.094350
140145091	141.094350
140153333	141.094351
140157133	141.094406
140168675	141.094626
140171154	141.094744
140185647	141.096507
140188660	141.097671
140194633	141.104601
140197319	141.111683
140197489	141.116817
140206899	141.125325
140208722	141.246524
140215444	141.251162
140215705	141.259412
140215938	141.260951
140216143	141.266266
140216460	141.268513
140218956	141.269144
140220015	141.269160
140231879	141.269930
140240255	141.269930
140247653	141.269930
140247764	141.270125
140248064	141.329492
140248513	141.330277
140252495	141.446817
140253974	141.473490
140257635	141.475507
140257759	141.475526
140258517	141.475560
140270986	141.475584
140272476	141.475588
140283512	141.475604
140283963	141.475605
140336280	141.475615
140431605	141.475646
140442846	141.475936
140462583	141.476037
140490593	141.476237
140494376	141.476449
140494803	141.476591
140498817	141.480992
140500747	141.481327
140501598	141.481930
140501687	141.482131
140504452	141.532817
140506980	141.627859
140507199	141.630016
140507272	141.630082
140507616	141.630296
140508110	141.631426
140509388	141.758958
140513850	141.916801
140514183	141.923678
140515901	141.926515
140516104	141.927110
140516689	141.927490
140524728	141.929764
140526392	141.929906
140530415	141.930197
140531481	141.935546
140532946	142.037264
140533499	142.080741
140533781	142.087019
140534097	142.089818
140534461	142.089938
140535270	142.089938
140535321	142.089938
140537926	142.089938
140538395	142.134227
140539528	142.147270
140545365	142.164208
140547476	142.164238
140548099	142.164240
140549597	142.194667
140550969	142.213385
140552751	142.213386
140553999	142.213386
140557654	142.213386
140557774	142.213386
140567555	142.213386
140579997	142.213387
140580646	142.213387
140582067	142.213389
140582799	142.213393
140588109	142.238170
140597688	142.244518
140598923	142.272562
140601747	142.272728
140603174	142.272755
140603626	142.272755
140606212	142.272815
140606271	142.272815
140607153	142.293892
140608603	142.296565
140608871	142.296641
140610352	142.327618
140625714	142.331992
140627882	142.331994
140628933	142.331996
140638438	142.332069
140643659	142.332182
140646066	142.333379
140646118	142.333946
140646495	142.434807
140646732	142.435132
140647774	142.515159
140650621	142.529692
140655325	142.540237
140655356	142.540237
140657237	142.540237
140659502	142.540237
140665347	142.540237
140669486	142.540237
140673328	142.540384
140677202	142.540474
140684886	142.540613
140685004	142.545726
140685108	142.545741
140686974	142.546399
140688228	142.547958
140688465	142.549043
140688845	142.584926
140689317	142.599014
140691220	142.601091
140692116	142.608526
140692720	142.609937
140699292	142.610890
140706577	142.610917
140708939	142.611012
140711465	142.611501
140713499	142.691449
140714241	142.698749
140714597	142.703705
140714831	142.703955
140715392	142.704153
140715464	142.704156
140718314	142.704168
140719707	142.704170
140720561	142.704170
140724095	142.710187
140730107	142.715972
140732668	142.715972
140734601	142.727907
140734603	142.727907
140738311	142.727907
140744197	142.727907
140745055	142.727907
140752287	142.730509
140758670	142.730550
140761355	142.731007
140761953	142.731007
140762200	142.731007
140763701	142.731007
140766865	142.777340
140767585	142.779867
140769198	142.785017
140769460	142.846574
140770841	142.885680
140771871	142.900436
140772184	142.919923
140772651	143.024919
140772660	143.046062
140773810	143.076442
140779625	143.076632
140781206	143.076652
140782717	143.076666
140782997	143.076680
140789358	143.087945
140796872	143.093533
140803584	143.096019
140804585	143.096220
140804926	143.096220
140810109	143.096220
140815331	143.096220
140815639	143.096220
140816234	143.096220
140816846	143.096220
140816878	143.096222
140817334	143.098339
140819726	143.134379
140820873	143.135467
140821565	143.137747
140822487	143.169342
140823563	143.194961
140825233	143.195469
140828210	143.201897
140828471	143.201903
140829225	143.251592
140829404	143.296616
140829425	143.297021
140829483	143.311972
140830046	143.322696
140833970	143.322704
140833987	143.322704
140835441	143.344801
140835997	143.344804
140837587	143.344811
140838818	143.344813
140838981	143.344813
140840786	143.344813
140840874	143.344828
140840946	143.344861
140841066	143.353206
140841190	143.353262
140841799	143.361916
140842361	143.362173
140844602	143.362203
140847050	143.362204
140848450	143.362205
140849253	143.362206
140851690	143.362415
140852417	143.362546
140852444	143.362569
140853723	143.364279
140854243	143.458900
140854550	143.561907
140854674	143.583918
140855233	143.643222
140856435	143.673084
140858343	143.673088
140860509	143.683102
140860725	143.683102
140861424	143.683102
140861838	143.683102
140861963	143.683102
140862800	143.683756
140862826	143.683762
140862877	143.683764
140863032	143.683993
140864749	143.697863
140864848	143.697877
140871987	143.698356
140872612	143.698495
140875743	143.700282
140878296	143.700531
140878659	143.707680
140878884	143.707707
140882075	143.722076
140886221	143.724566
140888045	143.725881
140888495	143.814784
140888568	143.833873
140888901	143.838462
140889947	143.868347
140890567	143.870048
140890869	143.872398
140890995	143.872426
140891181	143.872426
140894961	143.872427
140895781	143.872427
140898142	143.872427
140900354	143.872427
140901415	143.872427
140901934	143.872427
140903119	143.872427
140904072	143.872427
140905859	143.872427
140906268	143.872722
140906305	143.873013
140907305	143.897319
140907399	143.897879
140909233	143.945936
140911004	143.953442
140911160	143.957934
140912910	143.958909
140914556	143.959069
140917734	143.959285
140918035	143.966043
140918600	143.966850
140918983	143.968122
140920239	144.125149
140920281	144.125182
140921429	144.125201
140926582	144.125231
140926625	144.125235
140927212	144.125306
140927223	144.125307
140927589	144.127278
140927972	144.327948
140927974	144.329529
140928329	144.450996
140929006	144.529940
140929369	144.547161
140929848	144.552115
140930583	144.552154
140932049	144.552168
140932346	144.587882
140932551	144.602769
140934759	144.604375
140934852	144.604482
140936689	144.607810
140936971	144.607822
140939277	144.607865
140942446	144.607886
140943985	144.607889
140944824	144.607892
140945404	144.607893
140948394	144.607906
140951358	144.608414
140953958	144.609104
140955017	144.610323
140955105	144.610499
140955359	144.610996
140955446	144.611109
140956429	144.616230
140956565	144.617103
140956713	144.618975
140957152	144.769834
140957632	144.879025
140958288	145.145746
140958435	145.167535
140958700	145.167701
140959110	145.167994
140959216	145.168030
140959334	145.168054
140959535	145.168079
140959710	145.168079
140960489	145.168079
140960694	145.168117
140961066	145.168199
140961231	145.168228
140961698	145.168389
140962197	145.168735
140963773	145.183649
140964503	145.189491
140964787	145.189518
140965302	145.189605
140965928	145.189674
140966291	145.189679
140966797	145.189684
140966864	145.189685
140968037	145.189711
140968840	145.189837
140971341	145.207458
140972804	145.209225
140973382	145.209289
140973778	145.214205
140976316	145.214742
140978197	145.224083
140980468	145.239083
140985471	145.239627
140991923	145.240795
140993113	145.248426
140996717	145.335891
140997581	145.335995
140997797	145.336003
141001714	145.336004
141001940	145.341045
141001946	145.341224
141002535	145.354026
141004441	145.354026
141025700	145.354061
141034121	145.354074
141044200	145.373521
141045414	145.377530
141045472	145.377530
141045500	145.377601
141051941	145.427660
141060536	145.429598
141106148	145.444736
141110162	145.444905
141119279	145.447839
141126078	145.448220
141130292	145.448561
141130602	145.448577
141138057	145.462030
141138216	145.462030
141139567	145.470206
141140525	145.471263
141142841	145.471263
141146115	145.471263
141146369	145.471263
141149110	145.471263
141156348	145.471263
141160038	145.537610
141161788	145.538757
141167143	145.542539
141173272	145.543212
141177348	145.549206
141179782	145.566416
141180337	145.578044
141180969	145.586054
141183902	145.587888
141184820	145.587891
141190235	145.600625
141193446	145.600731
141193731	145.601187
141196597	145.625978
141196675	145.625981
141198555	145.630028
141198946	145.641991
141207898	145.649324
141208424	145.649592
141208467	145.649595
141212341	145.649646
141215708	145.655068
141216427	145.655903
141221989	145.657049
141224517	145.668124
141226889	145.668175
141236006	145.668869
141240604	145.669801
141242353	145.670225
141248473	145.672405
141255122	145.673338
141256783	145.673464
141259120	145.674724
141260298	145.680587
141267279	145.680605
141267697	145.680608
141268858	145.680634
141269590	145.680642
141269607	145.683729
141270840	145.683729
141276425	145.683730
141276951	145.683730
141277354	145.683730
141278334	145.686490
141279809	145.686586
141280379	145.686660
141280530	145.686733
141281024	145.688824
141281216	145.700948
141281511	145.783583
141281598	145.796888
141282112	146.015335
141282272	146.015588
141282725	146.015774
141282746	146.015775
141282789	146.015776
141283191	146.015817
141284883	146.021759
141285458	146.022212
141285474	146.022540
141288388	146.059965
141289406	146.060537
141292021	146.061338
141293406	146.066981
141297891	146.068237
141299081	146.068300
141300166	146.069184
141301655	146.069221
141305728	146.070785
141306658	146.113578
141311892	146.114678
141313173	146.131726
141316473	146.131788
141318560	146.131810
141321716	146.131820
141326586	146.131823
141334304	146.143970
141335360	146.144081
141337675	146.144081
141342775	146.144081
141343295	146.144109
141344617	146.145301
141345133	146.184332
141346133	146.281624
141346803	146.293211
141347576	146.298255
141353081	146.298996
141353297	146.299007
141354107	146.299311
141357832	146.299546
141359266	146.299640
141359930	146.299671
141361483	146.300422
141373399	146.301237
141374632	146.301265
141375913	146.301811
141376942	146.301945
141378415	146.302384
141381749	146.303376
141384246	146.303376
141386243	146.303376
141388347	146.303376
141388348	146.303376
141388477	146.303376
141390952	146.303426
141391464	146.303963
141392810	146.410850
141396051	146.412508
141396762	146.412559
141398346	146.412566
141400136	146.412571
141402732	146.412571
141409961	146.412571
141411857	146.413130
141412674	146.416403
141413780	146.427941
141416160	146.429827
141431353	146.430431
141435301	146.430431
141436122	146.431440
141436492	146.432859
141452882	146.439695
141458455	146.448821
141459421	146.455145
141459493	146.455145
141459845	146.455147
141460206	146.455261
141460613	146.457731
141461709	146.607809
141462341	146.611591
141462963	146.612177
141463113	146.612440
141463161	146.612924
141465235	146.613131
141467288	146.613132
141468797	146.613132
141471671	146.613132
141475503	146.613133
141486063	146.613133
141494545	146.613964
141496440	146.615017
141513079	146.635735
141514285	146.636077
141521621	146.639431
141521842	146.639433
141521911	146.639433
141523421	146.639471
141535072	146.639909
141536028	146.639935
141544328	146.640148
141557584	146.644876
141559170	146.648930
141585301	146.670987
141585344	146.670992
141585910	146.671017
141586681	146.672757
141595384	146.696457
141597178	146.696559
141601714	146.696719
141602016	146.696751
141602263	146.696753
141605970	146.696796
141608987	146.696796
141616309	146.696796
141616896	146.698175
141621039	146.700037
141625233	146.706663
141626101	146.707271
141626485	146.707363
141642860	146.714075
141642887	146.714075
141647811	146.714075
141648280	146.714083
141648606	146.714094
141650411	146.714198
141656816	146.714202
141657498	146.714203
141659258	146.714207
141662490	146.714243
141662547	146.714243
141663590	146.714265
141664301	146.714292
141664534	146.714305
141665651	146.714415
141668278	146.723961
141668974	146.790905
141669308	146.974539
141671175	147.088425
141671960	147.127657
141675972	147.137866
141677085	147.138782
141678293	147.139341
141678370	147.139359
141683605	147.140035
141684949	147.140054
141686585	147.140069
141690270	147.140088
141691132	147.140091
141692897	147.140558
141694566	147.140959
141695964	147.141252
141697633	147.145585
141699017	147.147305
141699620	147.147913
141701260	147.148826
141702160	147.149174
141702255	147.149197
141702302	147.149204
141702707	147.149242
141703653	147.149288
141706734	147.149378
141710207	147.176266
141710290	147.176678
141710514	147.176683
141712432	147.198096
141714767	147.200735
141719455	147.201321
141722215	147.201322
141724163	147.201322
141733457	147.201534
141738095	147.201607
141739301	147.201750
141740010	147.201768
141740935	147.201797
141745571	147.201944
141750174	147.202140
141751280	147.215811
141752119	147.215846
141752879	147.216061
141770593	147.220024
141770888	147.220124
141772710	147.220124
141772888	147.230792
141773012	147.241783
141779251	147.252153
141788616	147.252153
141790262	147.252153
141791889	147.252153
141792027	147.252154
141792285	147.252423
141799855	147.275845
141803419	147.276554
141807458	147.278147
141807603	147.278197
141809987	147.280396
141810786	147.280415
141813160	147.280494
141818341	147.280871
141818354	147.280936
141819214	147.286809
141821410	147.307667
141821502	147.307681
141821796	147.307774
141823274	147.308501
141824074	147.308502
141825676	147.308504
141828438	147.308509
141829535	147.308513
141829728	147.308514
141830103	147.308578
141831243	147.308893
141831276	147.309318
141832322	147.328060
141832497	147.334230
141836367	147.723358
141836754	147.926718
141837733	148.122586
141838707	148.122586
141838930	148.122586
141840700	148.122586
141840747	148.122586
141841038	148.122586
141841970	148.122586
141842084	148.122586
141842681	148.122586
141845232	148.128023
141846469	148.129314
141847241	148.129917
141847320	148.129962
141850559	148.131267
141858088	148.131267
141859043	148.131267
141860258	148.162797
141860961	148.162804
141864700	148.180385
141866750	148.180453
141868409	148.197870
141869656	148.197911
141872044	148.197911
141874174	148.197912
141874309	148.197912
141874586	148.197914
141875607	148.212208
141876230	148.238453
141876529	148.238456
141878248	148.239523
141879379	148.280175
141879501	148.280251
141880515	148.282205
141890513	148.295791
141892643	148.296058
141894971	148.328027
141895317	148.328668
141896464	148.328676
141898071	148.380919
141899146	148.386929
141900034	148.387840
141900355	148.387840
141900659	148.387840
141900760	148.387840
141900923	148.394150
141900968	148.394150
141903065	148.394247
141904253	148.394613
141904305	148.394615
141905364	148.395073
141905856	148.395820
141909767	148.422242
141915687	148.422540
141917132	148.428418
141921348	148.428848
141922612	148.429356
141924071	148.436684
141924842	148.436797
141927613	148.437317
141928708	148.437394
141934393	148.437520
141935576	148.437684
141936222	148.445599
141937247	148.456836
141939562	148.457017
141939795	148.457147
141940309	148.461204
141940857	148.511796
141941488	148.564333
141943767	148.564710
141944108	148.564710
141953616	148.564710
141955303	148.564710
141955756	148.564901
141957024	148.564978
141957398	148.564978
141963373	148.571366
141973074	148.573447
141973564	148.573447
141973889	148.574610
141975436	148.580230
141975984	148.587606
141975994	148.587606
141977410	148.587647
141981647	148.587816
141982218	148.587820
141982283	148.588259
141985036	148.630647
141985687	148.692511
141985857	148.717313
141986412	148.717734
141987995	148.750159
141988223	148.750208
141988749	148.751494
141993884	148.753596
141994899	148.753650
141995073	148.753650
141996549	148.753650
142003020	148.753650
142004457	148.754533
142005664	148.754598
142005989	148.755473
142006547	148.757489
142008015	148.792542
142008264	148.792951
142011562	148.793013
142017853	148.793630
142020045	148.796316
142020170	148.796376
142021241	148.798585
142023405	148.837995
142024962	148.841205
142031110	148.842178
142032390	148.842248
142036216	148.842351
142043598	148.842871
142048733	148.842922
142052092	148.843785
142058199	148.847825
142058896	148.848698
142058959	148.848830
142060174	148.861423
142066201	148.862673
142071493	148.866649
142071896	148.866667
142072680	148.867965
142072811	148.884968
142073061	148.885382
142073968	148.887789
142077257	148.888002
142077786	148.894949
142080105	148.895429
142081488	148.897114
142087156	148.897689
142087230	148.897859
142087252	148.897966
142087429	148.899383
142087476	148.899415
142087650	148.899887
142087971	148.944053
142087972	148.944053
142087998	148.944480
142088650	149.308637
142088761	149.309289
142088837	149.310246
142089023	149.371374
142089343	149.423290
142089773	149.423290
142091285	149.423290
142091625	149.423290
142093391	149.423290
142094189	149.423290
142096801	149.430251
142098771	149.444862
142099072	149.445416
142099943	149.448690
142100285	149.448701
142100668	149.448767
142101675	149.448824
142103907	149.449288
142104405	149.449878
142106405	149.450673
142107038	149.458982
142108775	149.541095
142109190	149.541113
142112890	149.541211
142115927	149.541540
142115955	149.541680
142123353	149.541685
142133067	149.541685
142134008	149.541695
142135607	149.541709
142136833	149.543458
142136871	149.543464
142138792	149.570923
142144499	149.571852
142148088	149.572174
142150781	149.581175
142156316	149.590453
142157961	149.590600
142159615	149.590700
142161035	149.590731
142161334	149.593357
142161399	149.593773
142162838	149.597035
142164771	149.597044
142168549	149.598173
142169349	149.600158
142170032	149.602519
142172234	149.602629
142172889	149.602629
142173395	149.602664
142174241	149.602794
142175728	149.626110
142175865	149.626155
142175967	149.629688
142176137	149.629722
142176200	149.629752
142176628	149.682864
142176902	149.692030
142177015	149.758319
142177140	149.830815
142177938	149.843379
142177986	149.843401
142178272	149.843445
142178827	149.843481
142182644	149.843512
142184708	149.845340
142186904	149.851017
142188676	149.852614
142199889	149.855417
142201764	149.855433
142202076	149.857291
142216468	149.865628
142225567	149.865952
142235055	149.866042
142235581	149.866045
142237303	149.866045
142240226	149.866045
142243355	149.867481
142245725	149.869428
142246051	149.875182
142248358	149.875580
142250077	149.880272
142250429	149.917284
142251753	149.931226
142254229	149.931226
142254913	149.931226
142256102	149.931226
142258672	149.933641
142259053	149.933777
142260527	149.933941
142264192	149.934382
142278038	149.939557
142278348	149.939557
142278952	149.939671
142281367	149.941590
142282368	149.941590
142283206	149.941590
142292550	149.941591
142293779	149.941591
142294486	149.941591
142295051	149.941598
142296408	149.941703
142297039	150.042335
142297187	150.153397
142297561	150.211558
142297826	150.214318
142301611	150.226086
142303019	150.233269
142303368	150.233642
142307437	150.234689
142307517	150.234706
142307961	150.234729
142308327	150.234734
142311369	150.234751
142316115	150.237416
142317849	150.237889
142320497	150.237889
142320989	150.237889
142324834	150.237889
142328472	150.240512
142329027	150.240645
142329046	150.240646
142329198	150.240648
142333432	150.241069
142333992	150.254640
142334022	150.254643
142334908	150.255015
142338013	150.260944
142338864	150.260995
142345460	150.262402
142345593	150.265753
142345749	150.284262
142346190	150.285782
142346232	150.307398
142346363	150.307850
142347104	150.309173
142347284	150.309173
142348372	150.309173
142353144	150.309173
142354086	150.309174
142362365	150.309537
142362665	150.309545
142363056	150.310120
142363699	150.310124
142365141	150.315899
142372751	150.340219
142373527	150.340572
142374412	150.344104
142375574	150.344904
142379843	150.345432
142383820	150.345848
142385076	150.345901
142387274	150.346178
142390034	150.346348
142390516	150.346391
142391018	150.352035
142391172	150.356080
142402823	150.358007
142408672	150.358020
142423608	150.358028
142434828	150.358071
142441217	150.358082
142445543	150.358152
142447283	150.358362
142453934	150.402595
142461277	150.404769
142463847	150.404876
142465894	150.405802
142466787	150.429643
142471427	150.435512
142472390	150.435629
142476975	150.448696
142477948	150.449392
142484161	150.450699
142485019	150.483278
142488098	150.510498
142491021	150.514993
142491354	150.515046
142491748	150.515070
142495597	150.515088
142499241	150.515089
142499604	150.515582
142501046	150.633276
142501337	150.641023
142501619	150.643695
142501754	150.644117
142504800	150.645955
142507995	150.646107
142508138	150.646362
142509530	150.650978
142509699	150.651973
142510333	150.659411
142513500	150.659412
142519201	150.659433
142520198	150.663624
142520430	150.663880
142521509	150.709564
142521926	150.737744
142523556	150.738482
142524780	150.738932
142526523	150.746479
142526642	150.756424
142526682	150.756770
142527416	150.803646
142528674	150.805724
142529250	150.805724
142533197	150.805758
142544887	150.805761
142546636	150.805859
142548020	150.816820
142548188	150.816830
142550446	150.828116
142562220	150.828776
142564028	150.829409
142571712	150.829567
142573531	150.829567
142584005	150.829567
142589333	150.829568
142601000	150.829573
142606326	150.829579
142607900	150.829586
142616876	150.830151
142620825	150.834706
142625955	150.835261
142632191	150.852131
142632777	150.878949
142633067	150.922546
142633157	150.963972
142633567	150.964554
142633625	150.964555
142639212	150.964555
142639816	150.964555
142644671	150.964555
142651257	150.967343
142656689	150.967468
142669597	150.978027
142671088	150.978078
142677059	150.980503
142677253	150.980537
142677696	150.980547
142686563	150.980547
142686586	150.980547
142692784	150.981095
142693545	150.981549
142703291	151.003781
142708165	151.006247
142713062	151.006249
142715373	151.006251
142716386	151.006329
142718249	151.006523
142722747	151.008308
142724177	151.010913
142730282	151.046181
142735329	151.046377
142736410	151.046433
142736530	151.046434
142745715	151.046435
142751853	151.046435
142755346	151.046435
142776579	151.046435
142777846	151.046490
142785204	151.047583
142794243	151.085392
142799524	151.089191
142823579	151.111358
142829148	151.111483
142829240	151.111485
142832093	151.111610
142832211	151.111610
142834023	151.118064
142835543	151.118064
142835947	151.118064
142836477	151.118071
142838574	151.118124
142839426	151.118162
142839471	151.118167
142840898	151.119038
142844615	151.122358
142845290	151.124472
142845606	151.124472
142846845	151.125142
142847738	151.125675
142848272	151.127434
142849107	151.130661
142849203	151.130661
142849447	151.130661
142849908	151.130661
142852603	151.130661
142855126	151.130682
142855322	151.130714
142855726	151.143562
142856407	151.410535
142857177	151.475534
142857253	151.475534
142857494	151.475534
142858884	151.475534
142862115	151.475534
142864411	151.475534
142867598	151.475541
142869347	151.475543
142869486	151.475543
142870434	151.475553
142871151	151.475611
142872193	151.573507
142872878	151.740860
142872900	151.768756
142872993	151.806815
142873084	151.807079
142873174	151.846432
142873267	151.846861
142874130	151.848401
142875305	151.849399
142875392	151.849450
142878256	151.850259
142881627	151.850761
142882615	151.850842
142884712	151.850874
142889180	151.850874
142890050	151.850874
142890943	151.850874
142891271	151.850874
142892590	151.850874
142902667	151.850874
142905730	151.850874
142910131	151.850874
142910528	151.850874
142912794	151.850874
142925621	151.851254
142931282	151.851361
142953033	151.851617
142977579	151.856665
142979007	151.867289
142982466	151.869028
142989184	151.870975
142994655	151.873577
142994659	151.873579
142996609	151.878174
142998999	151.878175
143002736	151.878175
143004863	151.895361
143004867	151.895365
143008220	151.900171
143020013	151.905350
143020622	151.906397
143025252	151.918076
143025362	151.918092
143029172	151.925852
143030826	151.927794
143031815	151.927892
143033394	151.935369
143033943	151.960073
143033966	151.962937
143034272	152.017206
143034354	152.017474
143036353	152.026687
143038891	152.026762
143040636	152.027819
143041128	152.027968
143041949	152.027968
143042936	152.027968
143043676	152.027968
143044207	152.028037
143047789	152.028594
143050693	152.029445
143051203	152.029675
143052145	152.034354
143052553	152.037695
143055061	152.049476
143055361	152.052109
143056426	152.056610
143056879	152.056866
143057414	152.057382
143057679	152.090776
143058509	152.574914
143058673	152.632323
143059651	152.661866
143059930	152.667300
143060702	152.667304
143061681	152.667305
143063917	152.667308
143064168	152.667308
143067285	152.667308
143068041	152.667308
143070519	152.667308
143071316	152.667308
143071526	152.667308
143076433	152.667308
143077434	152.667308
143080250	152.667308
143080404	152.667308
143080994	152.667308
143083569	152.667308
143084292	152.667308
143089306	152.667308
143090818	152.667308
143091950	152.667308
143095139	152.667308
143096757	152.667308
143099084	152.667308
143102761	152.667308
143109096	152.667308
143112596	152.667308
143112848	152.667308
143112868	152.667308
143114079	152.667308
143115514	152.667308
143120221	152.667308
143120277	152.667308
143123264	152.667309
143124097	152.667310
143124890	152.667315
143124954	152.667315
143125024	152.667317
143125546	152.681910
143126282	152.892480
143126412	152.936686
143128846	153.065273
143131198	153.082396
143133257	153.082396
143133947	153.087424
143137722	153.092790
143138922	153.093711
143141142	153.094664
143142438	153.094806
143143140	153.094832
143144315	153.097567
143145622	153.099073
143145772	153.099125
143151832	153.099786
143152871	153.099786
143153576	153.099786
143157721	153.099786
143161466	153.099787
143161647	153.099804
143163534	153.104232
143163611	153.104386
143170001	153.119755
143170011	153.119770
143179755	153.120462
143182652	153.120579
143196407	153.120998
143202859	153.121000
143205794	153.121000
143213258	153.121000
143217578	153.121003
143219843	153.121468
143220389	153.122096
143221764	153.139952
143223077	153.141461
143233033	153.141585
143235636	153.157181
143236461	153.157246
143236621	153.157321
143244912	153.168158
143248995	153.169582
143249169	153.169582
143250382	153.170670
143251130	153.171520
143252313	153.175378
143253637	153.190986
143254051	153.194712
143257889	153.300406
143258593	153.300497
143259857	153.323209
143260676	153.327748
143264110	153.327873
143264569	153.327873
143265403	153.327873
143265748	153.327873
143270772	153.332786
143273167	153.333269
143274630	153.333321
143287423	153.336206
143288346	153.336278
143292699	153.341296
143298260	153.342914
143321426	153.410597
143330425	153.438560
143331495	153.440980
143332263	153.441828
143332925	153.441867
143333681	153.441869
143334125	153.441870
143334895	153.441870
143341972	153.441871
143344169	153.441871
143345797	153.442105
143347138	153.442673
143348046	153.452516
143348428	153.457984
143348595	153.472362
143348640	153.473187
143349061	153.473187
143351195	153.473187
143353756	153.473187
143357895	153.473187
143358195	153.473187
143358572	153.473197
143359562	153.473296
143369029	153.477939
143370560	153.534418
143374498	153.545904
143378018	153.583184
143380279	153.583222
143381206	153.583222
143381519	153.583222
143381539	153.583222
143386399	153.583241
143392906	153.583270
143401061	153.583270
143402732	153.583270
143403984	153.583387
143411878	153.584424
143411916	153.584456
143413145	153.611877
143414228	153.748880
143414251	153.749304
143414451	153.749733
143415186	153.750070
143416374	153.757672
143417730	153.759643
143418602	153.790759
143418618	153.799380
143421132	153.808537
143422016	153.809093
143424548	153.811373
143428439	153.811715
143428695	153.811759
143429903	153.812119
143431044	153.814502
143431064	153.814520
143433531	153.814521
143437284	153.814521
143448452	153.814521
143456210	153.814521
143457803	153.814521
143463990	153.814523
143466787	153.814524
143468541	153.814536
143470194	153.819124
143475352	153.819571
143475589	153.819727
143475766	153.819936
143477380	154.269314
143478393	154.269335
143478686	154.269339
143478822	154.269340
143480358	154.269345
143481924	154.269349
143481993	154.289938
143482012	154.289938
143482134	154.289938
143482333	154.289938
143482475	154.307334
143486024	154.307336
143486663	154.308147
143487431	154.308766
143489673	154.311395
143490191	154.311744
143490521	154.311872
143492184	154.312256
143500779	154.312964
143505151	154.313195
143506434	154.313223
143509310	154.313224
143510681	154.313225
143513108	154.313225
143513403	154.313225
143519944	154.313226
143521038	154.326551
143523655	154.326551
143530170	154.326552
143532284	154.326552
143532615	154.326552
143535644	154.326552
143538955	154.326552
143539702	154.326566
143543774	154.326745
143543885	154.326756
143543942	154.327057
143544175	154.357058
143545370	154.363358
143547450	154.363578
143553804	154.364766
143555178	154.364783
143556183	154.364994
143558806	154.463660
143558826	154.474747
143559652	154.545635
143563660	154.548147
143565790	154.548329
143566165	154.548351
143566244	154.548540
143568611	154.567123
143570282	154.572345
143570381	154.572568
143570793	154.580267
143571879	154.585337
143573051	154.587635
143573556	154.587999
143574648	154.589531
143580582	154.590364
143593372	154.591783
143595064	154.592528
143603986	154.595116
143604454	154.595216
143607517	154.599095
143608860	154.599096
143609178	154.599096
143610856	154.599198
143611841	154.602465
143613431	154.602465
143614708	154.603032
143618926	154.665616
143621917	154.715194
143624134	154.715931
143632422	154.720126
143634794	154.722061
143635751	154.738143
143636098	154.740193
143636124	154.740199
143636233	154.740268
143637426	154.753139
143638175	154.761410
143639612	154.762469
143641929	154.762474
143648125	154.762480
143650548	154.762485
143652664	154.762486
143652988	154.762486
143659350	154.762505
143660866	154.764497
143662195	154.764497
143662934	154.764497
143663715	154.764497
143663872	154.764551
143663878	154.764705
143664071	154.790670
143664353	154.836856
143664653	154.923791
143664802	154.938148
143665251	155.038443
143669656	155.038480
143676036	155.038481
143678794	155.038481
143679560	155.038481
143680432	155.038481
143681132	155.038481
143681984	155.038481
143693567	155.038481
143693823	155.038481
143702238	155.039396
143703866	155.040342
143705930	155.040759
143708756	155.040970
143709101	155.045373
143729205	155.061394
143733972	155.061446
143734548	155.125804
143737281	155.160905
143745212	155.161654
143750077	155.161711
143750947	155.161718
143753007	155.161719
143780400	155.161801
143783976	155.163546
143785990	155.164810
143786178	155.165178
143788132	155.168265
143803335	155.168265
143809324	155.168265
143814499	155.169996
143818712	155.178971
143828531	155.179311
143837941	155.179864
143840494	155.180173
143840854	155.180489
143842689	155.182947
143853374	155.193268
143853531	155.193468
143858334	155.193478
143858752	155.193481
143861327	155.193489
143862095	155.193493
143862748	155.193500
143865937	155.193571
143869088	155.193877
143870030	155.194792
143871047	155.230703
143871263	155.257964
143872803	155.507609
143872929	155.510169
143873302	155.512914
143874151	155.513129
143878866	155.526199
143879654	155.526276
143882653	155.526414
143883198	155.526428
143889311	155.526530
143891976	155.526535
143894861	155.526541
143902300	155.527640
143909784	155.528197
143911628	155.528275
143919933	155.528283
143920714	155.528665
143925859	155.541652
143943655	155.543349
143950747	155.544679
143953106	155.544859
143953414	155.545054
143953674	155.545054
143953830	155.545079
143957551	155.545682
143957639	155.546055
143958949	155.560483
143959059	155.560490
143961283	155.590198
143961582	155.590957
143979639	155.592078
143980851	155.592083
143981144	155.592220
143987402	155.595668
143989575	155.595761
143990348	155.595799
143994738	155.600353
144000863	155.600407
144002776	155.600427
144004396	155.600636
144040075	155.606260
144052356	155.613660
144055271	155.615070
144065135	155.615088
144076256	155.618958
144077530	155.619929
144079898	155.662590
144080857	155.665484
144082530	155.665502
144086877	155.665533
144094104	155.665732
144099180	155.688183
144101525	155.691256
144102856	155.694270
144103446	155.718756
144103798	155.806869
144104463	155.998769
144106862	155.999354
144108723	156.002271
144109597	156.002982
144109670	156.002984
144115796	156.035708
144119363	156.035832
144119705	156.036054
144120453	156.037029
144120998	156.037275
144121290	156.037312
144123479	156.039273
144123771	156.039431
144123886	156.040140
144123966	156.041123
144124104	156.047851
144124190	156.049119
144125642	156.118346
144126000	156.122446
144127519	156.147135
144128365	156.149752
144132974	156.156062
144140871	156.157946
144150288	156.158340
144153330	156.158425
144162984	156.158542
144163206	156.158571
144164827	156.158739
144165321	156.164192
144166168	156.164529
144173630	156.164738
144174335	156.167139
144177700	156.193467
144178184	156.193526
144180702	156.206841
144180831	156.217069
144180840	156.217147
144180878	156.222466
144180931	156.227063
144180963	156.232329
144180992	156.232338
144181227	156.233655
144184547	156.275295
144185174	156.275778
144189073	156.317491
144191891	156.327110
144196949	156.327974
144197087	156.327989
144199079	156.328173
144202254	156.328207
144204085	156.328713
144208331	156.334835
144213363	156.378017
144221779	156.380423
144221817	156.380654
144225599	156.398124
144226813	156.398125
144227440	156.398125
144229858	156.415782
144230383	156.415782
144230518	156.415782
144230566	156.415782
144230830	156.415782
144230895	156.415782
144231217	156.417046
144234092	156.424660
144237483	156.426438
144237850	156.426438
144238425	156.426438
144256621	156.426438
144260337	156.426438
144262436	156.426438
144263494	156.430983
144264291	156.433488
144269697	156.433488
144270921	156.433488
144272603	156.440820
144283347	156.440820
144295546	156.440820
144300542	156.440820
144305246	156.440821
144310656	156.440821
144327125	156.440824
144330456	156.440825
144334429	156.440895
144335092	156.445466
144336090	156.467643
144336371	156.536073
144337890	156.536179
144347650	156.537190
144352274	156.537835
144354595	156.537836
144360208	156.537845
144360814	156.537845
144361054	156.537846
144362792	156.563145
144364787	156.566152
144368519	156.566153
144391086	156.566157
144399528	156.566186
144412273	156.566253
144479690	156.566984
144481830	156.585656
144484858	156.585688
144485785	156.621377
144486094	156.623415
144486291	156.623418
144494160	156.623422
144496290	156.637536
144516506	156.637548
144540786	156.637548
144540915	156.637548
144541450	156.637548
144543975	156.637548
144544284	156.637548
144545104	156.637548
144545537	156.637548
144547432	156.637555
144547514	156.637557
144548985	156.903992
144549195	156.910163
144552488	156.920298
144553094	156.921027
144553669	156.921173
144554079	156.921189
144563613	156.921982
144566938	156.922111
144568421	156.922142
144568732	156.922143
144573638	156.922145
144575505	156.922195
144584207	156.922201
144601046	156.930382
144603167	156.934615
144605262	156.934618
144608742	156.934631
144613931	156.934797
144615526	156.934800
144617082	156.934805
144618006	156.935283
144621273	156.938295
144622787	156.939561
144623740	156.941059
144623894	157.020786
144625072	157.174149
144625506	157.227358
144626197	157.251783
144626298	157.251900
144626459	157.251903
144627033	157.251911
144627474	157.251915
144628028	157.251915
144628528	157.251915
144630406	157.251916
144635914	157.251917
144636514	157.268903
144639142	157.268903
144639383	157.268903
144639783	157.268903
144640515	157.268903
144648651	157.268903
144652635	157.268903
144656861	157.268903
144660549	157.268903
144660692	157.268903
144663617	157.268916
144663846	157.268985
144664375	157.269482
144665557	157.313453
144665663	157.314420
144666526	157.336582
144667120	157.336961
144667398	157.337053
144669170	157.337080
144671047	157.337094
144682898	157.338920
144683331	157.354093
144694025	157.355741
144695339	157.357407
144707561	157.363976
144707886	157.364024
144724003	157.365423
144724182	157.365423
144726602	157.365423
144748667	157.365509
144755595	157.369603
144756669	157.413004
144757809	157.415439
144763077	157.416224
144766213	157.416224
144774894	157.416224
144776904	157.416224
144782779	157.416224
144788005	157.416224
144797047	157.416224
144798837	157.416224
144799895	157.416224
144801690	157.424145
144801986	157.424145
144802066	157.424150
144802539	157.428216
144803174	157.448811
144804508	157.522794
144808151	157.522937
144809703	157.522948
144811965	157.522955
144819086	157.522955
144830820	157.522955
144835506	157.522956
144838646	157.536796
144844872	157.536796
144846955	157.536796
144847128	157.536797
144847366	157.537134
144847367	157.537137
144847526	157.546251
144847762	157.575103
144847795	157.575303
144849287	157.777125
144849627	157.798670
144850277	157.798703
144851202	157.798719
144855555	157.798727
144859367	157.798728
144861833	157.812391
144862962	157.814972
144863046	157.814972
144863628	157.819851
144867783	157.823793
144871542	157.823876
144879493	157.823918
144882570	157.824072
144889806	157.824223
144894361	157.824246
144895867	157.824314
144896125	157.840318
144900586	157.840518
144907190	157.840866
144907363	157.840875
144909423	157.840911
144913002	157.841055
144923620	157.847833
144928891	157.848136
144929460	157.849944
144932885	157.850275
144938284	157.850425
144941824	157.850629
144958835	157.851951
144960973	157.861275
144969605	157.861946
144977050	157.862186
144977403	157.862187
144978586	157.872888
144978683	157.873039
145005074	157.873214
145005102	157.873214
145005974	157.873218
145006476	157.873223
145008615	157.873346
145009758	157.873349
145024613	157.873380
145027217	157.873442
145029502	157.873714
145035733	157.873815
145036672	157.896611
145037290	157.983697
145037920	157.985760
145039525	157.985913
145041566	157.985938
145042932	157.985940
145056736	157.985942
145058402	157.985942
145059799	157.985942
145064800	157.985942
145070045	157.985942
145071706	157.985942
145082821	157.985942
145092872	157.985942
145093405	157.986714
145094440	157.991649
145095047	158.005590
145095088	158.006082
145095838	158.092583
145098983	158.116347
145099083	158.116368
145099912	158.116405
145101698	158.116411
145104801	158.116422
145119300	158.116450
145120975	158.116450
145122894	158.116450
145127999	158.123308
145137344	158.124226
145138667	158.124226
145141234	158.124226
145142245	158.124226
145144679	158.124226
145145943	158.124227
145145961	158.124227
145154616	158.124307
145155003	158.124344
145155606	158.132429
145155799	158.139818
145156508	158.379129
145156523	158.379130
145156900	158.379132
145157084	158.379132
145160670	158.379135
145163033	158.379136
145163874	158.386550
145166390	158.394135
145167167	158.394135
145168714	158.394135
145168996	158.400236
145171739	158.405883
145174629	158.405922
145176112	158.405922
145176132	158.405922
145179432	158.405922
145179669	158.405922
145179817	158.405922
145180153	158.405922
145185306	158.407207
145187839	158.409177
145192352	158.409177
145193863	158.409177
145197016	158.409177
145197049	158.409213
145198558	158.412624
145198686	158.415181
145198941	158.451211
145199524	158.578555
145199674	158.591165
145199820	158.621788
145200057	158.621951
145202653	158.622540
145206900	158.622940
145214033	158.625220
145215112	158.625375
145215861	158.626178
145217196	158.627083
145222808	158.632161
145223791	158.636370
145231305	158.636778
145237657	158.636917
145238863	158.636923
145241117	158.636936
145245110	158.637459
145248083	158.637583
145251756	158.703359
145253320	158.708991
145254759	158.714404
145255561	158.716359
145256147	158.716743
145261792	158.717101
145265333	158.718320
145271917	158.718392
145296929	158.718392
145304209	158.718392
145307129	158.718403
145309374	158.728373
145339301	158.728487
145356943	158.738290
145362679	158.738312
145369081	158.744535
145377481	158.746364
145380959	158.748160
145383793	158.748160
145384001	158.748160
145384746	158.748164
145393304	158.748223
145395041	158.748476
145399999	158.748987
145402701	158.750509
145407970	158.803140
145409521	158.810676
145410724	158.812998
145413813	158.813080
145417535	158.827286
145418799	158.955231
145419097	158.956922
145419333	158.957211
145421096	158.957678
145426747	158.958480
145427016	158.985233
145427180	158.985257
145427235	158.986847
145427933	159.073958
145428225	159.082402
145429228	159.083294
145429397	159.083294
145434073	159.083301
145434334	159.083301
145443348	159.083444
145443734	159.083445
145447900	159.083447
145450185	159.083448
145460206	159.083449
145461303	159.083643
145463251	159.085826
145465545	159.086628
145475883	159.108987
145486398	159.115726
145487346	159.116035
145487432	159.116108
145490831	159.116140
145492435	159.116144
145497142	159.116416
145498223	159.118757
145498417	159.129891
145498419	159.129896
145499252	159.129944
145499805	159.135627
145500625	159.136688
145500821	159.136816
145506912	159.149395
145512313	159.149948
145522421	159.155882
145527954	159.156552
145533269	159.156699
145533346	159.156699
145537631	159.156713
145542437	159.156866
145543603	159.159167
145545378	159.164566
145549046	159.165012
145553242	159.166030
145560634	159.166094
145564827	159.166152
145565024	159.166152
145569484	159.166428
145585492	159.168156
145585937	159.176688
145592624	159.177409
145593103	159.177412
145597465	159.177488
145601150	159.177488
145602856	159.177488
145608850	159.177488
145630207	159.177489
145640589	159.177919
145642625	159.178027
145643515	159.178152
145644895	159.178174
145645439	159.184236
145647315	159.253128
145647349	159.253345
145647730	159.298485
145648391	159.314784
145655337	159.321238
145658397	159.321240
145659437	159.321241
145659903	159.321241
145661925	159.321243
145663652	159.321243
145664088	159.321429
145671660	159.321589
145675486	159.322748
145682852	159.333366
145692974	159.349523
145693121	159.349550
145698576	159.350334
145703179	159.350346
145703795	159.350346
145704905	159.350363
145706588	159.351636
145709271	159.365465
145709756	159.369359
145710317	159.431241
145712404	159.472984
145713075	159.511331
145714824	159.535696
145714826	159.535697
145725631	159.536020
145730444	159.536029
145732922	159.536029
145739329	159.536029
145743297	159.539580
145746203	159.544021
145749313	159.546391
145751130	159.546400
145755268	159.546561
145756341	159.549866
145756424	159.555486
145758868	159.556049
145758917	159.560082
145760499	159.564270
145761000	159.564957
145765770	159.566124
145765933	159.566237
145769549	159.566237
145772060	159.566237
145777369	159.566238
145783011	159.566244
145793156	159.566272
145793288	159.566276
145796668	159.567354
145797595	159.569013
145797994	159.600619
145798151	159.600621
145798220	159.600621
145799824	159.600628
145800294	159.600630
145801203	159.600639
145801715	159.601477
145802293	159.601482
145802440	159.601483
145803493	159.601495
145805535	159.601537
145805784	159.601548
145806109	159.601643
145806561	159.601905
145807206	159.604610
145807216	159.604610
145807459	159.604612
145807665	159.604619
145807997	159.607084
145809896	159.789281
145810939	159.813557
145813898	159.983590
145814004	159.984770
145814833	159.984773
145816755	159.998349
145817157	160.018423
145819661	160.045109
145819882	160.046556
145821101	160.046625
145822734	160.046692
145822914	160.046697
145823364	160.056401
145824852	160.065252
145827588	160.068544
145828624	160.068546
145829321	160.068547
145829418	160.068547
145830322	160.069138
145832859	160.069167
145833743	160.075758
145837060	160.078009
145839502	160.080494
145841028	160.080495
145843546	160.080496
145845348	160.080499
145850454	160.088256
145851216	160.088269
145852124	160.088279
145852271	160.088283
145854996	160.088323
145856562	160.088955
145857948	160.090573
145861030	160.092414
145864564	160.093651
145864951	160.094383
145865613	160.094391
145874321	160.094393
145874484	160.094400
145875600	160.094664
145876087	160.094963
145876327	160.096930
145876984	160.106484
145877348	160.133816
145877382	160.137780
145877788	160.245913
145878117	160.377319
145878821	160.480666
145879504	160.486551
145879571	160.486828
145880106	160.487925
145882113	160.531829
145883478	160.531829
145885528	160.531829
145887681	160.531829
145895380	160.531829
145898742	160.531829
145901392	160.531829
145906617	160.531829
145908716	160.531829
145922088	160.531829
145922635	160.531829
145924112	160.531829
145925979	160.534089
145928991	160.601961
145928995	160.605650
145929193	160.607399
145929222	160.608741
145929264	160.618401
145929351	160.668448
145929697	160.682682
145930502	160.797130
145930584	160.798774
145932067	160.798778
145935453	160.798786
145935454	160.817140
145942269	160.817156
145944450	160.817156
145945602	160.819250
145947466	160.819575
145947711	160.819590
145948822	160.820512
145950641	160.821172
145963581	160.830459
145963607	160.830468
145967145	160.830648
145993066	160.831554
145995800	160.831568
146022140	160.833241
146022486	160.842086
146044890	160.843509
146045032	160.843513
146047287	160.843569
146050970	160.843569
146054597	160.843627
146067158	160.843630
146077541	160.846745
146082066	160.853344
146083369	160.854105
146087717	160.854170
146097450	160.854170
146104568	160.855910
146107119	160.858811
146108071	160.879944
146110624	160.882847
146113451	160.882856
146125615	160.882856
146127717	160.884112
146128691	160.893908
146134455	160.893908
146137647	160.893919
146142080	160.894713
146142720	160.931037
146143075	160.931803
146146132	160.932188
146146863	160.932204
146147104	160.934955
146147901	160.935062
146159191	160.936025
146159240	160.936025
146163912	160.936025
146172646	160.936094
146173765	160.936252
146188458	160.936701
146195004	160.940222
146201706	160.941815
146212641	160.972605
146219571	160.978346
146235440	160.979020
146237487	160.988478
146239063	160.988741
146244023	160.994100
146247848	161.000123
146249133	161.020728
146255688	161.027119
146258584	161.030216
146265017	161.031542
146266326	161.031768
146271035	161.031785
146273079	161.031834
146273252	161.031987
146285537	161.035591
146285774	161.035591
146286508	161.035591
146290869	161.038050
146293577	161.083217
146295459	161.110912
146295663	161.110994
146298523	161.111063
146299388	161.117641
146302374	161.117650
146304706	161.117650
146308548	161.117650
146328620	161.117673
146334683	161.117710
146347599	161.117716
146350980	161.117719
146359419	161.117869
146369026	161.118636
146418252	161.141006
146418435	161.141021
146423929	161.141199
146424576	161.143306
146425462	161.143306
146427249	161.143312
146428830	161.143323
146434337	161.143475
146435321	161.143595
146435648	161.143642
146440537	161.143696
146440872	161.143701
146445144	161.143853
146458610	161.145164
146460774	161.146675
146461101	161.148190
146461224	161.150216
146461773	161.284425
146461978	161.334712
146462388	161.364076
146462766	161.370710
146464322	161.374216
146465848	161.374345
146475058	161.376112
146487851	161.376147
146488760	161.376148
146488983	161.376148
146499033	161.377827
146499468	161.383600
146501099	161.383600
146504962	161.383762
146505449	161.383764
146505896	161.383767
146506049	161.383770
146506223	161.383775
146506346	161.411089
146506432	161.411094
146506692	161.439850
146507805	161.681568
146508152	161.712530
146508638	161.725730
146510985	161.734127
146512323	161.734127
146512851	161.734957
146515621	161.735270
146526282	161.736320
146530549	161.743489
146534833	161.748300
146544517	161.753060
146548529	161.754108
146552499	161.754108
146565345	161.754108
146566260	161.754108
146585477	161.754108
146586273	161.754108
146589994	161.754108
146590836	161.754118
146591219	161.762385
146603077	161.762420
146609682	161.762430
146611414	161.762430
146657890	161.765953
146671802	161.765953
146693628	161.765953
146695694	161.765953
146712647	161.765953
146737465	161.765953
146738740	161.765953
146739360	161.766009
146742415	161.786358
146743605	161.794491
146758999	161.795209
146766734	161.795384
146767252	161.795385
146768751	161.801565
146771623	161.807817
146812215	161.807862
146823128	161.811529
146827296	161.813507
146832131	161.814097
146835371	161.814097
146843869	161.816531
146847906	161.820352
146848847	161.820352
146851695	161.820551
146868231	161.826527
146868442	161.849183
146875791	161.851839
146885855	161.852542
146887256	161.852659
146888845	161.865011
146908212	161.866627
146913442	161.866901
146915297	161.867177
146920551	161.873761
146929231	161.873761
146934699	161.873797
146954024	161.873959
146958495	161.874039
146963733	161.874040
146964136	161.874102
146964334	161.875258
146967353	161.988393
146967871	162.009119
146968281	162.013919
146970059	162.016796
146987106	162.020041
146989452	162.023552
146990828	162.023927
146992772	162.024985
147004264	162.026379
147005824	162.026379
147010533	162.026495
147014377	162.029734
147014721	162.030590
147015506	162.055203
147017893	162.068593
147018252	162.069488
147019522	162.069542
147028223	162.069579
147031285	162.069820
147035024	162.069887
147037932	162.069978
147039189	162.070160
147039600	162.087136
147040332	162.087242
147040704	162.087288
147042391	162.087609
147042495	162.088884
147042747	162.117205
147043000	162.180355
147043361	162.281398
147043437	162.367546
147043756	162.415338
147044536	162.449505
147044965	162.455879
147046392	162.456053
147047881	162.456089
147051562	162.456116
147052144	162.476630
147052789	162.476635
147055341	162.476644
147057187	162.496141
147062811	162.496145
147067161	162.497062
147069291	162.498924
147075024	162.501147
147078901	162.501171
147087405	162.513816
147115642	162.513865
147116382	162.513866
147122983	162.514037
147132222	162.538788
147143193	162.539072
147151925	162.539182
147192867	162.549758
147237775	162.552011
147241105	162.552012
147255443	162.552347
147261108	162.552347
147264493	162.552347
147276487	162.552347
147278024	162.552347
147285979	162.552914
147291710	162.553090
147295388	162.555708
147297444	162.614843
147300103	162.622678
147324836	162.625256
147326654	162.661041
147339175	162.662346
147349540	162.663005
147362959	162.663006
147363009	162.663006
147363630	162.663232
147365528	162.681511
147369855	162.683085
147370052	162.684172
147383667	162.689771
147402902	162.690417
147422682	162.691629
147423478	162.691629
147430350	162.691629
147453292	162.693072
147455779	162.693156
147463070	162.697136
147468686	162.699400
147472333	162.699578
147473813	162.702195
147487380	162.705599
147487704	162.705599
147491341	162.705599
147500348	162.705599
147504283	162.705599
147505346	162.705601
147507130	162.707159
147510862	162.712931
147513325	162.713005
147516043	162.713144
147517441	162.713302
147527872	162.714726
147528335	162.715806
147528737	162.718911
147528890	162.736831
147529281	162.853842
147529568	162.956124
147529924	163.077906
147530027	163.085124
147530422	163.122424
147534303	163.123190
147536067	163.123426
147537235	163.123650
147537913	163.123650
147539706	163.123650
147540679	163.123650
147541553	163.123650
147545604	163.123650
147546337	163.123650
147551490	163.123650
147551908	163.123650
147553133	163.123650
147553149	163.123652
147553204	163.132628
147553673	163.133205
147554424	163.133207
147555828	163.133207
147564974	163.133207
147566175	163.133207
147566599	163.133207
147566711	163.133207
147567238	163.133207
147576681	163.133233
147578696	163.133241
147581887	163.133258
147584090	163.149502
147584167	163.149527
147584765	163.169831
147585241	163.221690
147585890	163.230802
147587680	163.234003
147588594	163.235593
147589858	163.235593
147590359	163.235593
147596830	163.235593
147598226	163.235594
147599090	163.235606
147599849	163.235606
147602268	163.235606
147603078	163.235606
147604789	163.235606
147605558	163.235606
147605730	163.235606
147606413	163.235606
147607018	163.235606
147607345	163.235607
147607835	163.235608
147607972	163.235608
147608299	163.235612
147609096	163.235614
147609612	163.235616
147610535	163.235623
147610571	163.235623
147610597	163.235625
147610635	163.235640
147610672	163.236177
147611421	163.333817
147611461	163.334469
147612347	163.725600
147613440	163.839242
147614533	163.900226
147617415	163.976596
147622419	164.028739
147623547	164.031573
147623674	164.031682
147625200	164.032647
147625307	164.032666
147626482	164.032818
147626640	164.032833
147630160	164.033001
147630378	164.033139
147630902	164.033363
147634878	164.033701
147640870	164.033961
147642697	164.033970
147646646	164.033972
147649092	164.033973
147649689	164.033973
147650905	164.033980
147651680	164.033985
147652879	164.034001
147654409	164.034067
147662759	164.034294
147682390	164.034656
147697408	164.036189
147701437	164.041216
147704563	164.044327
147712094	164.103220
147712135	164.103225
147713059	164.127311
147714145	164.131340
147715400	164.181263
147715656	164.188786
147716036	164.188786
147716477	164.188786
147716863	164.188786
147717174	164.188786
147717423	164.188786
147724802	164.192733
147737917	164.194708
147740419	164.198516
147742107	164.199364
147743282	164.199574
147758085	164.199589
147768188	164.199589
147771161	164.199589
147773627	164.199589
147775857	164.200625
147788900	164.214888
147795200	164.228898
147797220	164.229584
147803391	164.229585
147803630	164.229585
147826636	164.229661
147831481	164.229661
147832310	164.229661
147839534	164.229661
147858277	164.229661
147859327	164.229662
147876362	164.229925
147887739	164.233931
147895081	164.236296
147898998	164.246756
147909986	164.247612
147913398	164.248147
147917907	164.248194
147940765	164.250084
147940926	164.250186
147946138	164.250801
147954366	164.257981
147956552	164.307272
147956770	164.307692
147957308	164.328538
147957409	164.328602
147957692	164.360347
147958097	164.374242
147961254	164.378036
147968767	164.378082
147992134	164.378110
147997915	164.378234
148003628	164.378264
148006729	164.378288
148021313	164.404825
148025405	164.408950
148025994	164.408963
148035959	164.408990
148036783	164.409228
148055234	164.416222
148071676	164.416222
148076665	164.416250
148077198	164.416251
148082508	164.416251
148089516	164.416304
148095040	164.416456
148096890	164.416626
148098408	164.417002
148109227	164.422985
148122853	164.422985
148123050	164.422990
148123903	164.423030
148124712	164.423128
148126387	164.423791
148128721	164.426772
148129296	164.449433
148130126	164.474877
148130564	164.498955
148130608	164.499648
148131845	164.500896
148132493	164.539379
148135875	164.542790
148138756	164.542790
148145463	164.542790
148145960	164.542958
148153919	164.543127
148155198	164.543132
148161081	164.545674
148161331	164.552629
148165838	164.553545
148166537	164.563062
148166786	164.563089
148167377	164.563114
148182627	164.563135
148186878	164.563136
148210832	164.563144
148211436	164.563144
148226682	164.563144
148238815	164.563152
148249534	164.563168
148254919	164.565171
148257587	164.565364
148270320	164.571646
148288318	164.571679
148288835	164.571717
148290405	164.585366
148290584	164.585379
148298348	164.599674
148298516	164.599686
148300521	164.613706
148300908	164.613716
148328711	164.613738
148329252	164.613739
148334767	164.614190
148335729	164.614190
148357037	164.614508
148361682	164.615003
148363211	164.636312
148368469	164.641244
148370608	164.641472
148370974	164.641472
148382701	164.641472
148386678	164.641483
148395513	164.641783
148411925	164.660383
148422319	164.661561
148423119	164.661919
148423856	164.661922
148427898	164.663022
148435178	164.663189
148439247	164.736651
148439530	164.737141
148440133	164.737346
148440209	164.737597
148442406	164.737875
148444477	164.738631
148445273	164.738668
148446166	164.738818
148446920	164.739310
148447225	164.739310
148448032	164.739310
148449243	164.739310
148451366	164.739310
148451969	164.739310
148452461	164.739515
148453539	164.740351
148454175	164.865749
148454494	164.897737
148456516	164.904647
148459378	164.906725
148472180	164.908833
148474227	164.908969
148479278	164.919874
148481531	164.922454
148494102	164.927973
148495819	164.928327
148495984	164.933883
148496949	164.960958
148497997	164.960958
148499646	164.960958
148502438	164.961002
148502872	164.961288
148507497	164.974872
148507918	164.974930
148509694	164.974945
148512053	164.974955
148517170	164.974967
148517538	164.974967
148520337	164.974969
148522581	164.974995
148526457	164.976127
148533438	164.988580
148534198	164.988802
148537797	164.988895
148538438	164.988895
148546572	164.992699
148549577	164.995867
148578467	164.995867
148579123	164.995867
148580366	164.995867
148581171	164.995935
148587714	164.996711
148589206	164.999030
148591044	164.999030
148593511	164.999030
148597183	164.999030
148599594	164.999050
148601446	164.999101
148601951	165.005639
148602460	165.018711
148606163	165.023721
148625915	165.025394
148627307	165.025414
148629868	165.025531
148641596	165.025532
148644630	165.025540
148656467	165.025599
148660226	165.025646
148664288	165.025672
148668320	165.025672
148688593	165.025676
148691129	165.025676
148691765	165.025676
148694961	165.025676
148695015	165.025676
148697119	165.025676
148704108	165.025716
148708396	165.025757
148708884	165.026255
148709469	165.059210
148710081	165.213199
148710844	165.257549
148713300	165.294867
148716013	165.309435
148718645	165.310202
148719213	165.310317
148719224	165.310319
148719601	165.310320
148722446	165.326450
148724071	165.330719
148725075	165.332046
148725974	165.332121
148729109	165.332251
148729981	165.332270
148730293	165.332270
148740602	165.332290
148741510	165.332291
148742008	165.333315
148742079	165.333472
148745473	165.367855
148754633	165.369035
148756559	165.369036
148756624	165.369036
148757802	165.369036
148765077	165.369036
148773854	165.369036
148774736	165.369038
148777696	165.369051
148780706	165.369058
148781142	165.369130
148782674	165.369782
148782725	165.369922
148785956	165.401105
148787669	165.401793
148789615	165.401804
148791385	165.415418
148803250	165.415486
148803846	165.415487
148805099	165.416498
148805340	165.416569
148806547	165.419388
148808243	165.419528
148808643	165.419682
148814112	165.441124
148815906	165.441153
148822180	165.441184
148823197	165.441209
148827773	165.457478
148827921	165.457647
148837100	165.458076
148838011	165.462870
148839086	165.492455
148845665	165.499254
148850390	165.500617
148866728	165.501249
148867581	165.504446
148873944	165.504603
148876400	165.504604
148886022	165.508025
148886187	165.508056
148898883	165.533616
148906923	165.534387
148914572	165.534391
148916665	165.534391
148931701	165.534428
148934399	165.534607
148946017	165.535819
148951098	165.536719
148962010	165.554002
148966002	165.557774
148968309	165.557954
148970319	165.576396
148980847	165.581347
148983373	165.581347
148984512	165.581351
148984901	165.581810
148989053	165.602128
148990514	165.604231
148996755	165.609898
148998109	165.635664
148998565	165.636519
149002594	165.637105
149003455	165.637166
149005637	165.637888
149027525	165.637973
149028888	165.639102
149032009	165.641583
149034121	165.664127
149034350	165.664309
149038576	165.664325
149040610	165.665449
149043911	165.676474
149053792	165.677008
149054641	165.677161
149061166	165.677466
149067967	165.677468
149074127	165.677470
149081177	165.681980
149084033	165.682011
149104169	165.690987
149113539	165.693168
149127214	165.693303
149139478	165.704476
149166430	165.707741
149176718	165.708101
149177723	165.708101
149183877	165.708108
149186971	165.709589
149189126	165.709589
149192703	165.709592
149207783	165.709618
149207823	165.709618
149212637	165.709758
149216323	165.712043
149217454	165.722743
149222763	165.725253
149228856	165.725265
149230407	165.725271
149231514	165.725281
149235961	165.727819
149238372	165.727819
149243528	165.727819
149244453	165.727819
149245402	165.727819
149251771	165.733319
149251838	165.733516
149252746	165.749843
149254316	165.979042
149255760	165.980360
149256321	165.980362
149257107	165.980362
149258213	165.980362
149258422	165.989027
149260052	166.000626
149265925	166.000626
149266703	166.000626
149270090	166.000626
149270543	166.000626
149273176	166.000866
149287593	166.001275
149295812	166.001276
149298487	166.012813
149314295	166.015273
149318576	166.015285
149323661	166.015290
149324755	166.017458
149330038	166.022132
149341577	166.022139
149368581	166.022150
149374935	166.022180
149376267	166.023084
149376734	166.023084
149377135	166.031338
149410205	166.031347
149415631	166.031367
149442139	166.031747
149442718	166.031882
149443866	166.033956
149448281	166.037330
149449349	166.037375
149451074	166.055306
149454601	166.058306
149456568	166.058707
149458109	166.060684
149460754	166.060823
149467147	166.064376
149469973	166.065343
149471948	166.065434
149472929	166.066929
149473476	166.068843
149476821	166.073647
149484602	166.083108
149485920	166.086407
149486760	166.086408
149488973	166.096265
149494621	166.096275
149495645	166.097043
149499123	166.106204
149500400	166.106224
149501362	166.106224
149501661	166.106268
149502870	166.106888
149506666	166.121440
149508937	166.122605
149513682	166.122829
149518456	166.123893
149523774	166.130220
149523888	166.132933
149530209	166.133014
149533970	166.133075
149537288	166.133155
149541185	166.153334
149543597	166.153392
149626030	166.160267
149628593	166.160531
149630469	166.160561
149633125	166.175437
149633787	166.175448
149634020	166.175448
149638037	166.175448
149640782	166.175448
149640858	166.175448
149654460	166.175618
149681712	166.189089
149688525	166.189197
149689893	166.189199
149705518	166.189207
149706746	166.193553
149710090	166.193555
149710597	166.193555
149711150	166.193555
149715688	166.193555
149719022	166.193877
149720855	166.194566
149748745	166.230834
149749234	166.231018
149753785	166.231457
149755404	166.231509
149756188	166.231510
149756621	166.231809
149760631	166.234416
149763189	166.247175
149765282	166.316368
149766079	166.316886
149800897	166.323009
149806428	166.327163
149826241	166.327358
149829384	166.348636
149894075	166.349270
149912766	166.349608
149931315	166.350828
149973311	166.353545
149986173	166.353570
150108403	166.359607
150110608	166.359760
150115305	166.359762
150158225	166.359782
150165623	166.359787
150174243	166.362167
150176903	166.363173
150181043	166.363610
150184380	166.372793
150189077	166.373808
150192559	166.375129
150194083	166.377709
150195128	166.383167
150197566	166.444642
150198578	166.446252
150201020	166.446252
150203656	166.455360
150204096	166.456088
150205802	166.457854
150208120	166.458008
150209921	166.458022
150214642	166.458067
150215202	166.458076
150215214	166.458076
150218260	166.458203
150219374	166.458768
150221253	166.460823
150223667	166.536152
150224727	166.537180
150227629	166.763466
150234255	166.783075
150239162	166.789305
150240553	166.789951
150254611	166.793173
150257252	166.793353
150257877	166.793374
150259055	166.793386
150261159	166.793386
150266054	166.793386
150272274	166.800304
150274408	166.801352
150274491	166.801374
150275805	166.801716
150281913	166.801716
150282177	166.801716
150285441	166.801716
150290869	166.801716
150298782	166.801716
150303774	166.801716
150307845	166.805457
150310146	166.808268
150317753	166.821386
150317963	166.821386
150322416	166.821388
150327213	166.826512
150327541	166.852092
150327804	166.871594
150327833	166.891903
150327963	166.893719
150328287	166.904480
150328571	166.916103
150328825	166.947461
150328878	166.947587
150329898	166.992029
150331754	166.992741
150331996	166.993018
150332627	166.996936
150337044	167.043966
150338982	167.049863
150340564	167.094300
150340573	167.094424
150340601	167.101037
150342430	167.119166
150342752	167.119325
150345259	167.177633
150345279	167.177722
150346786	167.183889
150349334	167.207585
150349686	167.209319
150352314	167.218135
150353189	167.218761
150356392	167.219319
150358027	167.219527
150358791	167.219717
150361367	167.220937
150363776	167.226563
150365049	167.239981
150365722	167.255063
150367279	167.332950
150367576	167.419288
150367602	167.420967
150369567	167.422988
150370505	167.423867
150371079	167.534935
150371092	167.535115
150371315	167.599796
150371435	167.627996
150371902	167.646652
150372046	167.647305
150373226	167.647508
150373588	167.657864
150374140	167.657872
150375823	167.708478
150375894	167.709042
150376412	167.719566
150378770	167.719711
150381471	167.722384
150385995	167.724222
150389151	167.724224
150392292	167.724224
150397710	167.724224
150400758	167.724227
150401476	167.724229
150405731	167.724231
150406406	167.724232
150413019	167.724234
150414548	167.724249
150414788	167.724264
150416761	167.724434
150417427	167.724435
150423124	167.724489
150423386	167.724550
150424872	167.725203
150425677	167.726399
150428767	167.760491
150429099	167.760734
150429620	167.827629
150431365	167.831786
150432422	167.831949
150447931	167.836842
150447967	167.836873
150450508	167.844468
150451500	167.844484
150452406	167.844543
150453431	167.846648
150454390	167.854314
150455018	167.867703
150455780	167.906561
150455827	167.907311
150456256	167.908216
150456485	167.908362
150456510	167.909491
150458860	167.916777
150462582	167.923370
150468531	167.923508
150469381	167.936212
150470648	167.944083
150472783	167.945666
150473747	167.950420
150475142	167.950438
150477693	167.950438
150478487	167.950887
150478604	167.950891
150479958	167.951038
150483854	167.952597
150485274	167.952804
150485350	167.952869
150486528	167.955230
150487708	167.966408
150489163	168.027586
150489543	168.028685
150490610	168.075665
150490694	168.076231
150491473	168.077049
150492435	168.077895
150492593	168.079046
150492722	168.086400
150494122	168.130613
150494947	168.142398
150495097	168.143142
150496377	168.143385
150496728	168.143415
150498905	168.143416
150499004	168.143419
150499398	168.143425
150501383	168.143762
150505696	168.151410
150506116	168.172030
150506676	168.173023
150507535	168.173684
150508004	168.210220
150508254	168.215792
150508283	168.215985
150508449	168.218871
150508627	168.242452
150508777	168.244661
150508965	168.245453
150512284	168.245454
150520795	168.247113
150521760	168.248601
150523598	168.258091
150524726	168.297032
150525125	168.302075
150525601	168.311795
150526350	168.312918
150530767	168.314059
150540082	168.320761
150541912	168.321900
150544546	168.324712
150548191	168.354595
150550558	168.357122
150550931	168.357199
150552853	168.363939
150562219	168.369379
150566160	168.370616
150569523	168.370871
150583465	168.377030
150588599	168.384135
150600033	168.395583
150607444	168.395591
150610646	168.395594
150625615	168.399620
150639096	168.399632
150640754	168.399635
150644976	168.399636
150670341	168.399651
150674099	168.399789
150675727	168.399999
150678862	168.400701
150697181	168.416061
150703182	168.416070
150719544	168.416331
150727547	168.416503
150728454	168.416546
150731781	168.416553
150739489	168.416579
150764868	168.420470
150767050	168.420471
150768275	168.424460
150768931	168.438244
150768955	168.438252
150769145	168.438664
150769357	168.440507
150769761	168.488833
150771004	168.499637
150773251	168.502979
150773569	168.502980
150775651	168.502985
150777558	168.511215
150779556	168.543012
150784154	168.549856
150789547	168.550176
150790844	168.550188
150791096	168.550213
150792646	168.552075
150794191	168.564107
150794572	168.606961
150794860	168.616209
150796156	168.618936
150801757	168.618936
150803481	168.618936
150806312	168.618936
150816964	168.618936
150820406	168.618936
150821456	168.618936
150845251	168.618936
150849077	168.618936
150853018	168.618936
150853688	168.618936
150854797	168.618936
150866302	168.618936
150873343	168.618936
150887048	168.619058
150889286	168.619098
150889959	168.619128
150893282	168.619370
150893835	168.621746
150896346	168.665795
150898097	168.726808
150899196	168.737411
150899591	168.738395
150900532	168.738873
150901899	168.741480
150902622	168.741685
150902796	168.742273
150904715	168.791683
150906232	168.797165
150906323	168.797194
150906708	168.797433
150908210	168.873461
150909652	168.878473
150909657	168.878507
150911892	168.883871
150914184	168.901369
150914425	168.910282
150919080	168.910893
150919762	168.932077
150920313	168.932110
150921289	168.941181
150921827	168.979305
150921980	168.983040
150922670	168.989900
150926388	168.989917
150928307	168.990076
150929038	168.990445
150930136	169.010461
150931729	169.051426
150933017	169.058946
150933213	169.059122
150934274	169.059276
150934591	169.065295
150935362	169.066484
150936676	169.099004
150941475	169.104759
150941593	169.104795
150943099	169.117744
150944396	169.128387
150944972	169.147194
150945145	169.147755
150945697	169.147773
150946310	169.148422
150951185	169.148503
150953091	169.149231
150953617	169.151499
150954001	169.167688
150954345	169.265443
150954846	169.321469
150955679	169.325061
150955680	169.325061
150956761	169.325113
150958668	169.325118
150959307	169.335602
150960954	169.342622
150961105	169.342969
150961465	169.344091
150961865	169.344545
150964122	169.373838
150966536	169.377964
150967036	169.378061
150971081	169.378601
150976126	169.384004
150977084	169.387727
150977307	169.392317
150979073	169.513706
150979219	169.513768
150980838	169.513860
150989505	169.523340
150993762	169.554125
150994265	169.555599
150996411	169.559237
151008597	169.563694
151016283	169.573279
151017110	169.573291
151018696	169.573302
151024737	169.573304
151026256	169.573304
151026781	169.573304
151028331	169.573343
151028646	169.574494
151029210	169.589721
151029249	169.589864
151029337	169.589866
151033193	169.589912
151047225	169.590851
151050443	169.590878
151056788	169.592647
151058269	169.600936
151058880	169.601980
151060936	169.609351
151070346	169.610110
151076345	169.621247
151076628	169.621318
151080648	169.623991
151081381	169.624021
151082045	169.624022
151082135	169.642143
151086356	169.652036
151089491	169.652301
151091113	169.658400
151096512	169.668562
151098389	169.672723
151098539	169.672765
151098923	169.676269
151098982	169.676665
151102016	169.739896
151102614	169.739939
151103411	169.739948
151103711	169.739948
151104397	169.739948
151105440	169.739948
151108275	169.739949
151110450	169.739949
151111781	169.739949
151112589	169.744026
151115430	169.744026
151115723	169.744026
151117903	169.744032
151118228	169.745550
151119223	169.751316
151120352	169.788122
151121223	169.792375
151121944	169.792509
151127082	169.796577
151127968	169.796589
151129101	169.796829
151132378	169.798612
151133271	169.831690
151134357	169.874731
151135548	169.878298
151137172	169.879145
151139284	169.880839
151145966	169.881095
151148147	169.883446
151148218	169.883448
151148412	169.883528
151148433	169.883560
151148991	169.957730
151149183	169.958238
151149686	170.038997
151149954	170.043780
151150153	170.044584
151151076	170.044610
151152682	170.044611
151153130	170.058810
151153175	170.058810
151153367	170.072966
151153517	170.073901
151154070	170.112382
151154941	170.151044
151155195	170.152546
151156259	170.152868
151157853	170.152868
151161593	170.152868
151161898	170.152868
151163348	170.152868
151164665	170.153013
151166923	170.158466
151168342	170.224685
151168771	170.225721
151170625	170.253066
151173952	170.253249
151174556	170.253330
151175962	170.253331
151177387	170.253383
151177424	170.253446
151178769	170.258897
151179142	170.319869
151179215	170.321382
151179283	170.384385
151179756	170.437669
151181177	170.439523
151181399	170.469374
151182312	170.582702
151183311	170.628002
151184447	170.644502
151185054	170.647601
151185693	170.649054
151190746	170.653645
151192228	170.654077
151193537	170.654178
151194397	170.670724
151199186	170.671092
151205130	170.671688
151210903	170.672176
151213819	170.672177
151214210	170.672177
151214472	170.673393
151215749	170.673393
151216535	170.673393
151226034	170.677984
151227750	170.678463
151227991	170.693685
151228098	170.693714
151228955	170.694066
151235207	170.694705
151235753	170.694716
151239693	170.694716
151242915	170.698656
151247251	170.698656
151247507	170.699316
151250674	170.699322
151264532	170.699330
151265336	170.699330
151267392	170.699342
151270071	170.699362
151272523	170.702983
151275947	170.711922
151279049	170.725225
151283424	170.759057
151284198	170.771983
151289462	170.775987
151291599	170.779148
151294661	170.785963
151297729	170.789822
151297982	170.791801
151298252	170.795541
151299669	170.822008
151302884	170.822008
151307482	170.822018
151307805	170.822246
151308641	170.823244
151309148	170.824393
151310373	170.829442
151311388	170.856064
151311530	170.883409
151312149	171.166001
151312227	171.250478
151313118	171.578512
151314286	171.586669
151315766	171.591804
151316968	171.594696
151318013	171.594696
151318490	171.594696
151324873	171.594696
151326169	171.594848
151327857	171.605366
151329378	171.609809
151329506	171.609810
151339090	171.612784
151340964	171.617699
151343080	171.618663
151346368	171.705607
151348562	171.716085
151351213	171.716736
151351966	171.716846
151352767	171.716902
151356394	171.717083
151357349	171.722851
151357910	171.722879
151362290	171.726852
151384050	171.729344
151389446	171.749402
151391489	171.749457
151396858	171.749533
151397088	171.749544
151411135	171.753110
151413561	171.755644
151415579	171.772257
151416834	171.773568
151424009	171.779669
151429527	171.779683
151430571	171.779815
151433031	171.779921
151445990	171.809787
151465879	171.820752
151491360	171.820845
151512743	171.821126
151513474	171.821169
151523751	171.824519
151547381	171.853666
151547426	171.853686
151549644	171.853985
151563044	171.854232
151564345	171.872940
151583872	171.884808
151585867	171.885725
151586573	171.892401
151587251	171.892538
151591077	171.893540
151598241	171.893900
151599287	171.893945
151603076	171.893997
151605175	171.893997
151611119	171.894035
151621059	171.894367
151621244	171.894389
151621478	171.894826
151622279	171.907759
151623040	171.939461
151623396	172.044050
151623666	172.048138
151624357	172.048138
151625039	172.048142
151630064	172.048142
151635401	172.050094
151638123	172.085880
151640975	172.086924
151643064	172.087072
151646996	172.088195
151653438	172.095741
151658002	172.101042
151664872	172.107112
151664936	172.107206
151666846	172.142519
151667085	172.144554
151669512	172.145872
151670307	172.147077
151670578	172.147077
151672125	172.147098
151677815	172.147876
151678822	172.148190
151679221	172.156010
151681306	172.156578
151685934	172.156999
151686226	172.178464
151688509	172.178758
151688737	172.178886
151688770	172.178997
151689750	172.218751
151689765	172.218802
151690804	172.235316
151691876	172.235473
151694347	172.277699
151696163	172.311464
151696954	172.316427
151697073	172.316454
151699545	172.316482
151700252	172.316482
151700327	172.316556
151700389	172.318880
151701871	172.454437
151702497	172.455374
151703843	172.455712
151704771	172.463438
151704922	172.463947
151705179	172.463947
151705873	172.463947
151705932	172.463947
151709072	172.502618
151709481	172.503126
151709740	172.519070
151710728	172.519173
151711325	172.519192
151712445	172.520819
151712929	172.522656
151716148	172.564021
151718982	172.616654
151720388	172.623124
151721385	172.630957
151722172	172.647944
151722241	172.648217
151722864	172.656873
151724365	172.834030
151724570	172.837023
151724849	172.838998
151725896	172.840214
151727045	172.841601
151728577	172.853477
151728640	172.853487
151729847	172.859334
151732917	172.863815
151735604	172.886280
151736183	172.889295
151747651	172.892941
151747830	172.892941
151751512	172.893033
151754205	172.893035
151766951	172.916148
151772265	172.920941
151773147	172.924826
151773603	172.941792
151773888	172.949384
151774912	172.954768
151774972	172.954863
151783532	172.966656
151783768	172.966656
151784438	172.967996
151785178	172.969438
151785383	173.001976
151792201	173.015256
151792266	173.015275
151792370	173.015275
151796207	173.015421
151798034	173.015666
151801320	173.016621
151803753	173.024068
151805607	173.024101
151806792	173.024238
151814053	173.027234
151817155	173.028529
151821940	173.036281
151826700	173.082307
151829223	173.083193
151830026	173.084601
151830123	173.085261
151830913	173.165007
151831705	173.165851
151833331	173.166099
151841221	173.166103
151843728	173.166134
151844687	173.167508
151848235	173.168385
151848928	173.202382
151851071	173.220799
151853401	173.231787
151853891	173.232833
151853928	173.249312
151872493	173.254369
151873107	173.260955
151873527	173.262255
151873772	173.262487
151878427	173.271704
151880485	173.318942
151889061	173.320209
151892098	173.320855
151898900	173.339031
151899742	173.339153
151900544	173.340410
151902031	173.424766
151902526	173.431472
151910973	173.443288
151912091	173.443308
151912382	173.443682
151915698	173.466139
151918724	173.466191
151919184	173.466202
151924181	173.466981
151924312	173.467050
151925424	173.471133
151928011	173.473952
151928052	173.475211
151928558	173.496124
151933157	173.497803
151936442	173.497926
151937370	173.497934
151940844	173.497934
151943206	173.498628
151954300	173.505454
151954508	173.505455
151956016	173.505465
151956493	173.505466
151962023	173.505466
151963502	173.505466
151963790	173.505466
151965750	173.505474
151966371	173.512213
151966585	173.514894
151966832	173.514961
151969707	173.563334
151970840	173.641539
151971792	173.769697
151971934	173.773359
151972640	173.853628
151972837	173.934258
151973368	174.109762
151973503	174.110137
151973735	174.110157
151974325	174.110472
151974510	174.110647
151977059	174.146599
151980842	174.149424
151981510	174.159753
151981560	174.159797
151986448	174.161721
151986796	174.161953
151988800	174.164576
151989063	174.168189
151990304	174.240355
151991168	174.256819
151998003	174.276572
152001780	174.280906
152002088	174.280916
152015353	174.281345
152024198	174.281569
152035194	174.282245
152072215	174.283676
152074156	174.283809
152082754	174.287171
152088521	174.297848
152093671	174.356048
152094785	174.387223
152095599	174.390231
152103817	174.399960
152105460	174.401408
152107334	174.404825
152115839	174.479906
152117297	174.482564
152131162	174.484245
152132250	174.484256
152136472	174.493921
152165368	174.508856
152168904	174.509549
152173837	174.509563
152184695	174.510196
152188862	174.511024
152193097	174.514581
152194372	174.517512
152199194	174.572807
152200754	174.576394
152213308	174.581541
152213723	174.586116
152241543	174.586372
152245827	174.586377
152261256	174.591540
152288193	174.598334
152297323	174.598335
152320933	174.598778
152327452	174.599185
152330079	174.599532
152334231	174.600750
152352718	174.615617
152356524	174.617717
152359886	174.622099
152360830	174.622180
152361503	174.622286
152362622	174.622694
152366136	174.625598
152367146	174.650148
152369527	174.785569
152372982	174.847062
152380037	174.847062
152386892	174.847062
152392396	174.847062
152395450	174.847062
152401729	174.847062
152426349	174.849117
152428729	174.863536
152434575	174.864024
152434786	174.864032
152436694	174.864034
152445211	174.867185
152448236	174.867656
152494977	174.875337
152498255	174.896008
152511752	174.896331
152549263	174.896845
152566606	174.902401
152570151	174.912392
152574577	174.915668
152600693	174.916454
152632833	174.923602
152633018	174.925214
152642426	174.933924
152649545	174.946674
152650860	174.950359
152655640	174.952382
152657424	174.952394
152667290	174.953250
152667359	174.953254
152725334	174.962872
152728527	174.963055
152738333	174.966318
152741602	174.966454
152791733	174.967141
152794135	174.983092
152796870	174.983260
152797541	174.983260
152801250	174.983260
152801820	174.983260
152807484	174.983261
152813006	174.983263
152814117	175.229077
152814167	175.234952
152814400	175.259937
152814464	175.262813
152816334	175.288833
152827019	175.289172
152827242	175.289172
152834789	175.289172
152837950	175.289172
152842946	175.289172
152843807	175.290014
152849208	175.291898
152851089	175.293620
152851171	175.293620
152852552	175.293674
152857562	175.293674
152867231	175.304979
152870325	175.306832
152878327	175.317283
152882335	175.317412
152886187	175.319287
152889277	175.319306
152889879	175.323426
152903858	175.324511
152905211	175.333641
152907960	175.343272
152912483	175.343623
152912888	175.360618
152920495	175.368065
152925348	175.368071
152932224	175.368283
152935948	175.368290
152936675	175.368397
152938306	175.379705
152938852	175.414593
152939223	175.454179
152939432	175.459745
152965776	175.463610
152976812	175.463615
152981314	175.463680
153001507	175.467795
153002033	175.467795
153002821	175.467795
153006232	175.467795
153008873	175.467795
153026611	175.481369
153029854	175.486724
153030027	175.506452
153030284	175.506877
153037227	175.507270
153047148	175.507270
153052595	175.510611
153053757	175.510612
153151616	175.511425
153152197	175.511429
153152629	175.511440
153184639	175.511440
153221587	175.511584
153225709	175.511584
153270306	175.512038
153295907	175.513681
153298160	175.514036
153298315	175.514328
153298968	175.518042
153299556	175.550785
153300189	175.583520
153300479	175.587552
153302180	175.588233
153302781	175.588233
153302927	175.588233
153304220	175.588233
153309310	175.588659
153321135	175.588694
153335872	175.589385
153337259	175.591621
153338487	175.591621
153343992	175.591621
153345489	175.591621
153365398	175.591696
153379070	175.593029
153381804	175.595139
153386299	175.604795
153386706	175.604999
153390955	175.610768
153394069	175.610914
153394437	175.614730
153395739	175.616267
153399594	175.633853
153404894	175.635988
153412528	175.653911
153414505	175.654059
153417147	175.658010
153423569	175.674205
153427511	175.674222
153434139	175.697831
153434261	175.697936
153438774	175.708149
153464618	175.708158
153504154	175.708893
153508157	175.709175
153508573	175.723453
153516714	175.724026
153528617	175.728156
153528629	175.728156
153569433	175.738472
153573654	175.762452
153574025	175.762545
153582967	175.762548
153584162	175.762548
153599996	175.762642
153603688	175.762643
153605905	175.762643
153609346	175.762643
153611242	175.762677
153613713	175.762717
153626316	175.763289
153650575	175.769708
153651987	175.777719
153652161	175.777929
153670877	175.786403
153714709	175.787500
153716895	175.788921
153731642	175.788923
153745030	175.788942
153745802	175.790823
153746371	175.806081
153769297	175.806113
153769442	175.814979
153770343	175.814981
153792918	175.816807
153811749	175.816846
153820917	175.818235
153841503	175.818560
153857956	175.821332
153863583	175.830214
153874994	175.831606
153880945	175.831773
153887759	175.831774
153892902	175.831785
153896583	175.832098
153906605	175.832151
153910132	175.837940
153911107	175.837945
153931677	175.842482
153948995	175.842526
153987082	175.843675
154046529	175.843675
154051703	175.843675
154082978	175.843675
154101475	175.843675
154117459	175.843676
154136844	175.849220
154295251	175.849456
154318411	175.850259
154323037	175.850299
154326315	175.850299
154326948	175.850471
154327040	175.850582
154330068	175.868217
154398397	175.869243
154462057	175.869243
154496001	175.869243
154664593	175.881960
154676196	175.881960
154680555	175.881960
154717327	175.881960
154781072	175.881960
